Skip to content
Navigation Menu
mrPTqp
metrics

Type / to search
Code
Issues
Pull requests
2
Actions
Projects
Wiki
Security
Insights
Settings
Back to pull request #16
Iter14 #149
Jobs
Run details
Annotations
1 error
metricstest
failed 12 minutes ago in 4m 28s
Search logs
1s
28s
0s
4s
0s
10s
11s
0s
1s
15s
0s
3s
2s
0s
31s
10s
21s
31s
5s
0s
21s
1m 11s
Run SERVER_PORT=$(random unused-port)
=== RUN   TestIteration14
=== RUN   TestIteration14/TestCollectAgentMetrics
    iteration14_test.go:439: get gauge: "BuckHashSys", value: 2986.000000
    iteration14_test.go:439: get gauge: "GCCPUFraction", value: 0.000000
    iteration14_test.go:439: get gauge: "GCSys", value: 1799120.000000
    iteration14_test.go:439: get gauge: "HeapReleased", value: 1810432.000000
    iteration14_test.go:439: get gauge: "HeapSys", value: 3866624.000000
    iteration14_test.go:439: get gauge: "LastGC", value: 0.000000
    iteration14_test.go:439: get gauge: "Lookups", value: 0.000000
    iteration14_test.go:439: get gauge: "MCacheInuse", value: 4832.000000
    iteration14_test.go:439: get gauge: "MCacheSys", value: 15704.000000
    iteration14_test.go:439: get gauge: "MSpanInuse", value: 33760.000000
    iteration14_test.go:439: get gauge: "MSpanSys", value: 48960.000000
    iteration14_test.go:439: get gauge: "NextGC", value: 4194304.000000
    iteration14_test.go:439: get gauge: "NumForcedGC", value: 0.000000
    iteration14_test.go:439: get gauge: "NumGC", value: 0.000000
    iteration14_test.go:439: get gauge: "OtherSys", value: 581630.000000
    iteration14_test.go:439: get gauge: "PauseTotalNs", value: 0.000000
    iteration14_test.go:439: get gauge: "StackInuse", value: 327680.000000
    iteration14_test.go:439: get gauge: "StackSys", value: 327680.000000
    iteration14_test.go:439: get gauge: "Sys", value: 6642704.000000
=== RUN   TestIteration14/TestCollectAgentMetrics/counter/PollCount
    iteration14_test.go:456: 
        	Error Trace:	/__w/metrics/metrics/iteration14_test.go:456
        	            				/__w/metrics/metrics/suite.go:91
        	Error:      	Should be true
        	Test:       	TestIteration14/TestCollectAgentMetrics/counter/PollCount
        	Messages:   	Отсутствует изменение метрики: PollCount, тип: counter
=== RUN   TestIteration14/TestCollectAgentMetrics/gauge/RandomValue
    iteration14_test.go:456: 
        	Error Trace:	/__w/metrics/metrics/iteration14_test.go:456
        	            				/__w/metrics/metrics/suite.go:91
        	Error:      	Should be true
        	Test:       	TestIteration14/TestCollectAgentMetrics/gauge/RandomValue
        	Messages:   	Отсутствует изменение метрики: RandomValue, тип: gauge
=== RUN   TestIteration14/TestCollectAgentMetrics/gauge/Alloc
    iteration14_test.go:456: 
        	Error Trace:	/__w/metrics/metrics/iteration14_test.go:456
        	            				/__w/metrics/metrics/suite.go:91
        	Error:      	Should be true
        	Test:       	TestIteration14/TestCollectAgentMetrics/gauge/Alloc
        	Messages:   	Отсутствует изменение метрики: Alloc, тип: gauge
=== RUN   TestIteration14/TestCollectAgentMetrics/gauge/BuckHashSys
=== RUN   TestIteration14/TestCollectAgentMetrics/gauge/Frees
    iteration14_test.go:456: 
        	Error Trace:	/__w/metrics/metrics/iteration14_test.go:456
        	            				/__w/metrics/metrics/suite.go:91
        	Error:      	Should be true
        	Test:       	TestIteration14/TestCollectAgentMetrics/gauge/Frees
        	Messages:   	Отсутствует изменение метрики: Frees, тип: gauge
=== RUN   TestIteration14/TestCollectAgentMetrics/gauge/GCCPUFraction
=== RUN   TestIteration14/TestCollectAgentMetrics/gauge/GCSys
=== RUN   TestIteration14/TestCollectAgentMetrics/gauge/HeapAlloc
    iteration14_test.go:456: 
        	Error Trace:	/__w/metrics/metrics/iteration14_test.go:456
        	            				/__w/metrics/metrics/suite.go:91
        	Error:      	Should be true
        	Test:       	TestIteration14/TestCollectAgentMetrics/gauge/HeapAlloc
        	Messages:   	Отсутствует изменение метрики: HeapAlloc, тип: gauge
=== RUN   TestIteration14/TestCollectAgentMetrics/gauge/HeapIdle
    iteration14_test.go:456: 
        	Error Trace:	/__w/metrics/metrics/iteration14_test.go:456
        	            				/__w/metrics/metrics/suite.go:91
        	Error:      	Should be true
        	Test:       	TestIteration14/TestCollectAgentMetrics/gauge/HeapIdle
        	Messages:   	Отсутствует изменение метрики: HeapIdle, тип: gauge
=== RUN   TestIteration14/TestCollectAgentMetrics/gauge/HeapInuse
    iteration14_test.go:456: 
        	Error Trace:	/__w/metrics/metrics/iteration14_test.go:456
        	            				/__w/metrics/metrics/suite.go:91
        	Error:      	Should be true
        	Test:       	TestIteration14/TestCollectAgentMetrics/gauge/HeapInuse
        	Messages:   	Отсутствует изменение метрики: HeapInuse, тип: gauge
=== RUN   TestIteration14/TestCollectAgentMetrics/gauge/HeapObjects
    iteration14_test.go:456: 
        	Error Trace:	/__w/metrics/metrics/iteration14_test.go:456
        	            				/__w/metrics/metrics/suite.go:91
        	Error:      	Should be true
        	Test:       	TestIteration14/TestCollectAgentMetrics/gauge/HeapObjects
        	Messages:   	Отсутствует изменение метрики: HeapObjects, тип: gauge
=== RUN   TestIteration14/TestCollectAgentMetrics/gauge/HeapReleased
=== RUN   TestIteration14/TestCollectAgentMetrics/gauge/HeapSys
=== RUN   TestIteration14/TestCollectAgentMetrics/gauge/LastGC
=== RUN   TestIteration14/TestCollectAgentMetrics/gauge/Lookups
=== RUN   TestIteration14/TestCollectAgentMetrics/gauge/MCacheInuse
=== RUN   TestIteration14/TestCollectAgentMetrics/gauge/MCacheSys
=== RUN   TestIteration14/TestCollectAgentMetrics/gauge/MSpanInuse
=== RUN   TestIteration14/TestCollectAgentMetrics/gauge/MSpanSys
=== RUN   TestIteration14/TestCollectAgentMetrics/gauge/Mallocs
    iteration14_test.go:456: 
        	Error Trace:	/__w/metrics/metrics/iteration14_test.go:456
        	            				/__w/metrics/metrics/suite.go:91
        	Error:      	Should be true
        	Test:       	TestIteration14/TestCollectAgentMetrics/gauge/Mallocs
        	Messages:   	Отсутствует изменение метрики: Mallocs, тип: gauge
=== RUN   TestIteration14/TestCollectAgentMetrics/gauge/NextGC
=== RUN   TestIteration14/TestCollectAgentMetrics/gauge/NumForcedGC
=== RUN   TestIteration14/TestCollectAgentMetrics/gauge/NumGC
=== RUN   TestIteration14/TestCollectAgentMetrics/gauge/OtherSys
=== RUN   TestIteration14/TestCollectAgentMetrics/gauge/PauseTotalNs
=== RUN   TestIteration14/TestCollectAgentMetrics/gauge/StackInuse
=== RUN   TestIteration14/TestCollectAgentMetrics/gauge/StackSys
=== RUN   TestIteration14/TestCollectAgentMetrics/gauge/Sys
=== RUN   TestIteration14/TestCollectAgentMetrics/gauge/TotalAlloc
    iteration14_test.go:456: 
        	Error Trace:	/__w/metrics/metrics/iteration14_test.go:456
        	            				/__w/metrics/metrics/suite.go:91
        	Error:      	Should be true
        	Test:       	TestIteration14/TestCollectAgentMetrics/gauge/TotalAlloc
        	Messages:   	Отсутствует изменение метрики: TotalAlloc, тип: gauge
=== RUN   TestIteration14/TestCounterGzipHandlers
=== RUN   TestIteration14/TestCounterGzipHandlers/update
=== RUN   TestIteration14/TestGaugeGzipHandlers
=== RUN   TestIteration14/TestGaugeGzipHandlers/update
=== NAME  TestIteration14
    iteration14_test.go:169: Получен STDOUT лог процесса:
        
        2025-12-03T05:38:10.801Z	INFO	agent/main.go:25	agent will start with params reportInterval: 10, poolInterval: 2
        2025-12-03T05:38:10.801Z	INFO	client/agent.go:43	agent will send requests to localhost:42153
        2025-12-03T05:38:20.807Z	INFO	client/agent.go:196	outgoing request	{"method": "POST", "url": "http://localhost:42153/updates", "headers": {"Content-Encoding":["gzip"],"Content-Type":["application/json"],"Hashsha256":["XsVgDpy2k0h5Wi7lqEUkFztjJm8ewAe+w8TsgQPcok0="]}, "body": "[{\"id\":\"MSpanSys\",\"type\":\"gauge\",\"value\":32640},{\"id\":\"NumForcedGC\",\"type\":\"gauge\",\"value\":0},{\"id\":\"OtherSys\",\"type\":\"gauge\",\"value\":715142},{\"id\":\"Sys\",\"type\":\"gauge\",\"value\":6642704},{\"id\":\"TotalAlloc\",\"type\":\"gauge\",\"value\":155720},{\"id\":\"HeapIdle\",\"type\":\"gauge\",\"value\":3260416},{\"id\":\"HeapSys\",\"type\":\"gauge\",\"value\":3866624},{\"id\":\"NextGC\",\"type\":\"gauge\",\"value\":4194304},{\"id\":\"NumGC\",\"type\":\"gauge\",\"value\":0},{\"id\":\"StackSys\",\"type\":\"gauge\",\"value\":327680},{\"id\":\"BuckHashSys\",\"type\":\"gauge\",\"value\":2986},{\"id\":\"Frees\",\"type\":\"gauge\",\"value\":32},{\"id\":\"RandomValue\",\"type\":\"gauge\",\"value\":0.623549107479786},{\"id\":\"GCCPUFraction\",\"type\":\"gauge\",\"value\":0},{\"id\":\"HeapReleased\",\"type\":\"gauge\",\"value\":3227648},{\"id\":\"Mallocs\",\"type\":\"gauge\",\"value\":674},{\"id\":\"PauseTotalNs\",\"type\":\"gauge\",\"value\":0},{\"id\":\"StackInuse\",\"type\":\"gauge\",\"value\":327680},{\"id\":\"Alloc\",\"type\":\"gauge\",\"value\":155720},{\"id\":\"GCSys\",\"type\":\"gauge\",\"value\":1681928},{\"id\":\"HeapAlloc\",\"type\":\"gauge\",\"value\":155720},{\"id\":\"LastGC\",\"type\":\"gauge\",\"value\":0},{\"id\":\"Lookups\",\"type\":\"gauge\",\"value\":0},{\"id\":\"MCacheInuse\",\"type\":\"gauge\",\"value\":4832},{\"id\":\"MCacheSys\",\"type\":\"gauge\",\"value\":15704},{\"id\":\"HeapInuse\",\"type\":\"gauge\",\"value\":606208},{\"id\":\"HeapObjects\",\"type\":\"gauge\",\"value\":642},{\"id\":\"MSpanInuse\",\"type\":\"gauge\",\"value\":23520},{\"id\":\"PollCount\",\"type\":\"counter\",\"delta\":6}]"}
        2025-12-03T05:38:20.808Z	ERROR	client/agent.go:170	request failed after retries: Post "http://localhost:42153/updates": EOF
        github.com/mrPTqp/metrics/internal/agent/client.(*MetricsAgent).sendMetrics
        	/__w/metrics/metrics/internal/agent/client/agent.go:170
        github.com/mrPTqp/metrics/internal/agent/client.(*MetricsAgent).StartMetricsAgent
        	/__w/metrics/metrics/internal/agent/client/agent.go:56
        main.main
        	/__w/metrics/metrics/cmd/agent/main.go:26
        runtime.main
        	/usr/local/go/src/runtime/proc.go:283
        2025-12-03T05:38:20.808Z	ERROR	client/agent.go:58	failed to send metrics: Post "http://localhost:42153/updates": EOF
        github.com/mrPTqp/metrics/internal/agent/client.(*MetricsAgent).StartMetricsAgent
        	/__w/metrics/metrics/internal/agent/client/agent.go:58
        main.main
        	/__w/metrics/metrics/cmd/agent/main.go:26
        runtime.main
        	/usr/local/go/src/runtime/proc.go:283
        2025-12-03T05:38:30.814Z	INFO	client/agent.go:196	outgoing request	{"method": "POST", "url": "http://localhost:42153/updates", "headers": {"Content-Encoding":["gzip"],"Content-Type":["application/json"],"Hashsha256":["64bBXBw5QX7Jf4IPU3BM3+T/Ndtyv2agCCAEWu4QoKc="]}, "body": "[{\"id\":\"StackInuse\",\"type\":\"gauge\",\"value\":360448},{\"id\":\"Frees\",\"type\":\"gauge\",\"value\":72},{\"id\":\"RandomValue\",\"type\":\"gauge\",\"value\":0.5678469447488734},{\"id\":\"GCSys\",\"type\":\"gauge\",\"value\":1805288},{\"id\":\"HeapObjects\",\"type\":\"gauge\",\"value\":1257},{\"id\":\"HeapSys\",\"type\":\"gauge\",\"value\":3833856},{\"id\":\"Lookups\",\"type\":\"gauge\",\"value\":0},{\"id\":\"MCacheInuse\",\"type\":\"gauge\",\"value\":4832},{\"id\":\"MSpanSys\",\"type\":\"gauge\",\"value\":48960},{\"id\":\"OtherSys\",\"type\":\"gauge\",\"value\":837606},{\"id\":\"StackSys\",\"type\":\"gauge\",\"value\":360448},{\"id\":\"HeapReleased\",\"type\":\"gauge\",\"value\":1646592},{\"id\":\"LastGC\",\"type\":\"gauge\",\"value\":0},{\"id\":\"MCacheSys\",\"type\":\"gauge\",\"value\":15704},{\"id\":\"NextGC\",\"type\":\"gauge\",\"value\":4194304},{\"id\":\"Sys\",\"type\":\"gauge\",\"value\":6904848},{\"id\":\"TotalAlloc\",\"type\":\"gauge\",\"value\":1336744},{\"id\":\"Alloc\",\"type\":\"gauge\",\"value\":1336744},{\"id\":\"BuckHashSys\",\"type\":\"gauge\",\"value\":2986},{\"id\":\"GCCPUFraction\",\"type\":\"gauge\",\"value\":0},{\"id\":\"HeapIdle\",\"type\":\"gauge\",\"value\":1712128},{\"id\":\"HeapInuse\",\"type\":\"gauge\",\"value\":2121728},{\"id\":\"MSpanInuse\",\"type\":\"gauge\",\"value\":44000},{\"id\":\"Mallocs\",\"type\":\"gauge\",\"value\":1329},{\"id\":\"NumForcedGC\",\"type\":\"gauge\",\"value\":0},{\"id\":\"PauseTotalNs\",\"type\":\"gauge\",\"value\":0},{\"id\":\"HeapAlloc\",\"type\":\"gauge\",\"value\":1336744},{\"id\":\"NumGC\",\"type\":\"gauge\",\"value\":0},{\"id\":\"PollCount\",\"type\":\"counter\",\"delta\":11}]"}
        2025-12-03T05:38:30.815Z	INFO	client/agent.go:218	incoming response	{"status": "400 Bad Request", "statusCode": 400, "headers": {"Content-Length":["30"],"Content-Type":["application/json"],"Date":["Wed, 03 Dec 2025 05:38:30 GMT"]}, "body": "{\"error\":\"invalid signature\"}\n"}
        2025-12-03T05:38:30.815Z	ERROR	client/agent.go:175	HTTP request failed with status: 400
        github.com/mrPTqp/metrics/internal/agent/client.(*MetricsAgent).sendMetrics
        	/__w/metrics/metrics/internal/agent/client/agent.go:175
        github.com/mrPTqp/metrics/internal/agent/client.(*MetricsAgent).StartMetricsAgent
        	/__w/metrics/metrics/internal/agent/client/agent.go:56
        main.main
        	/__w/metrics/metrics/cmd/agent/main.go:26
        runtime.main
        	/usr/local/go/src/runtime/proc.go:283
        2025-12-03T05:38:30.815Z	ERROR	client/agent.go:58	failed to send metrics: HTTP status 400
        github.com/mrPTqp/metrics/internal/agent/client.(*MetricsAgent).StartMetricsAgent
        	/__w/metrics/metrics/internal/agent/client/agent.go:58
        main.main
        	/__w/metrics/metrics/cmd/agent/main.go:26
        runtime.main
        	/usr/local/go/src/runtime/proc.go:283
        2025-12-03T05:38:40.821Z	INFO	client/agent.go:196	outgoing request	{"method": "POST", "url": "http://localhost:42153/updates", "headers": {"Content-Encoding":["gzip"],"Content-Type":["application/json"],"Hashsha256":["FdL0sXS2rf+WUY9pRBcQC3dWDNeuS+tKX85C2WFMMrw="]}, "body": "[{\"id\":\"NextGC\",\"type\":\"gauge\",\"value\":4194304},{\"id\":\"OtherSys\",\"type\":\"gauge\",\"value\":806766},{\"id\":\"StackInuse\",\"type\":\"gauge\",\"value\":360448},{\"id\":\"HeapAlloc\",\"type\":\"gauge\",\"value\":2283904},{\"id\":\"LastGC\",\"type\":\"gauge\",\"value\":0},{\"id\":\"MCacheInuse\",\"type\":\"gauge\",\"value\":4832},{\"id\":\"NumGC\",\"type\":\"gauge\",\"value\":0},{\"id\":\"PauseTotalNs\",\"type\":\"gauge\",\"value\":0},{\"id\":\"Sys\",\"type\":\"gauge\",\"value\":6904848},{\"id\":\"TotalAlloc\",\"type\":\"gauge\",\"value\":2283904},{\"id\":\"BuckHashSys\",\"type\":\"gauge\",\"value\":2986},{\"id\":\"HeapObjects\",\"type\":\"gauge\",\"value\":1623},{\"id\":\"Mallocs\",\"type\":\"gauge\",\"value\":1717},{\"id\":\"Frees\",\"type\":\"gauge\",\"value\":94},{\"id\":\"RandomValue\",\"type\":\"gauge\",\"value\":0.1848970822782383},{\"id\":\"GCCPUFraction\",\"type\":\"gauge\",\"value\":0},{\"id\":\"GCSys\",\"type\":\"gauge\",\"value\":1836128},{\"id\":\"Lookups\",\"type\":\"gauge\",\"value\":0},{\"id\":\"MCacheSys\",\"type\":\"gauge\",\"value\":15704},{\"id\":\"MSpanInuse\",\"type\":\"gauge\",\"value\":44000},{\"id\":\"NumForcedGC\",\"type\":\"gauge\",\"value\":0},{\"id\":\"StackSys\",\"type\":\"gauge\",\"value\":360448},{\"id\":\"Alloc\",\"type\":\"gauge\",\"value\":2283904},{\"id\":\"HeapIdle\",\"type\":\"gauge\",\"value\":778240},{\"id\":\"HeapInuse\",\"type\":\"gauge\",\"value\":3055616},{\"id\":\"HeapReleased\",\"type\":\"gauge\",\"value\":745472},{\"id\":\"HeapSys\",\"type\":\"gauge\",\"value\":3833856},{\"id\":\"MSpanSys\",\"type\":\"gauge\",\"value\":48960},{\"id\":\"PollCount\",\"type\":\"counter\",\"delta\":16}]"}
        2025-12-03T05:38:40.821Z	INFO	client/agent.go:218	incoming response	{"status": "400 Bad Request", "statusCode": 400, "headers": {"Content-Length":["30"],"Content-Type":["application/json"],"Date":["Wed, 03 Dec 2025 05:38:40 GMT"]}, "body": "{\"error\":\"invalid signature\"}\n"}
        2025-12-03T05:38:40.821Z	ERROR	client/agent.go:175	HTTP request failed with status: 400
        github.com/mrPTqp/metrics/internal/agent/client.(*MetricsAgent).sendMetrics
        	/__w/metrics/metrics/internal/agent/client/agent.go:175
        github.com/mrPTqp/metrics/internal/agent/client.(*MetricsAgent).StartMetricsAgent
        	/__w/metrics/metrics/internal/agent/client/agent.go:56
        main.main
        	/__w/metrics/metrics/cmd/agent/main.go:26
        runtime.main
        	/usr/local/go/src/runtime/proc.go:283
        2025-12-03T05:38:40.821Z	ERROR	client/agent.go:58	failed to send metrics: HTTP status 400
        github.com/mrPTqp/metrics/internal/agent/client.(*MetricsAgent).StartMetricsAgent
        	/__w/metrics/metrics/internal/agent/client/agent.go:58
        main.main
        	/__w/metrics/metrics/cmd/agent/main.go:26
        runtime.main
        	/usr/local/go/src/runtime/proc.go:283
        2025-12-03T05:38:50.827Z	INFO	client/agent.go:196	outgoing request	{"method": "POST", "url": "http://localhost:42153/updates", "headers": {"Content-Encoding":["gzip"],"Content-Type":["application/json"],"Hashsha256":["YsAWHMZvuUg0e2V80Q9HYElBC8ZI6uvyngnwc6xdKwI="]}, "body": "[{\"id\":\"HeapAlloc\",\"type\":\"gauge\",\"value\":3206944},{\"id\":\"HeapSys\",\"type\":\"gauge\",\"value\":8028160},{\"id\":\"LastGC\",\"type\":\"gauge\",\"value\":0},{\"id\":\"Lookups\",\"type\":\"gauge\",\"value\":0},{\"id\":\"MSpanInuse\",\"type\":\"gauge\",\"value\":44000},{\"id\":\"MSpanSys\",\"type\":\"gauge\",\"value\":48960},{\"id\":\"OtherSys\",\"type\":\"gauge\",\"value\":800598},{\"id\":\"HeapIdle\",\"type\":\"gauge\",\"value\":4087808},{\"id\":\"HeapInuse\",\"type\":\"gauge\",\"value\":3940352},{\"id\":\"MCacheInuse\",\"type\":\"gauge\",\"value\":4832},{\"id\":\"Mallocs\",\"type\":\"gauge\",\"value\":1966},{\"id\":\"NextGC\",\"type\":\"gauge\",\"value\":4194304},{\"id\":\"NumForcedGC\",\"type\":\"gauge\",\"value\":0},{\"id\":\"StackInuse\",\"type\":\"gauge\",\"value\":360448},{\"id\":\"StackSys\",\"type\":\"gauge\",\"value\":360448},{\"id\":\"PauseTotalNs\",\"type\":\"gauge\",\"value\":0},{\"id\":\"Alloc\",\"type\":\"gauge\",\"value\":3206944},{\"id\":\"BuckHashSys\",\"type\":\"gauge\",\"value\":2986},{\"id\":\"Frees\",\"type\":\"gauge\",\"value\":112},{\"id\":\"RandomValue\",\"type\":\"gauge\",\"value\":0.8047321611615239},{\"id\":\"GCCPUFraction\",\"type\":\"gauge\",\"value\":0},{\"id\":\"HeapObjects\",\"type\":\"gauge\",\"value\":1854},{\"id\":\"HeapReleased\",\"type\":\"gauge\",\"value\":4087808},{\"id\":\"MCacheSys\",\"type\":\"gauge\",\"value\":15704},{\"id\":\"NumGC\",\"type\":\"gauge\",\"value\":0},{\"id\":\"Sys\",\"type\":\"gauge\",\"value\":11099152},{\"id\":\"TotalAlloc\",\"type\":\"gauge\",\"value\":3206944},{\"id\":\"GCSys\",\"type\":\"gauge\",\"value\":1842296},{\"id\":\"PollCount\",\"type\":\"counter\",\"delta\":21}]"}
        2025-12-03T05:38:50.827Z	INFO	client/agent.go:218	incoming response	{"status": "400 Bad Request", "statusCode": 400, "headers": {"Content-Length":["30"],"Content-Type":["application/json"],"Date":["Wed, 03 Dec 2025 05:38:50 GMT"]}, "body": "{\"error\":\"invalid signature\"}\n"}
        2025-12-03T05:38:50.827Z	ERROR	client/agent.go:175	HTTP request failed with status: 400
        github.com/mrPTqp/metrics/internal/agent/client.(*MetricsAgent).sendMetrics
        	/__w/metrics/metrics/internal/agent/client/agent.go:175
        github.com/mrPTqp/metrics/internal/agent/client.(*MetricsAgent).StartMetricsAgent
        	/__w/metrics/metrics/internal/agent/client/agent.go:56
        main.main
        	/__w/metrics/metrics/cmd/agent/main.go:26
        runtime.main
        	/usr/local/go/src/runtime/proc.go:283
        2025-12-03T05:38:50.827Z	ERROR	client/agent.go:58	failed to send metrics: HTTP status 400
        github.com/mrPTqp/metrics/internal/agent/client.(*MetricsAgent).StartMetricsAgent
        	/__w/metrics/metrics/internal/agent/client/agent.go:58
        main.main
        	/__w/metrics/metrics/cmd/agent/main.go:26
        runtime.main
        	/usr/local/go/src/runtime/proc.go:283
        2025-12-03T05:39:00.832Z	INFO	client/agent.go:196	outgoing request	{"method": "POST", "url": "http://localhost:42153/updates", "headers": {"Content-Encoding":["gzip"],"Content-Type":["application/json"],"Hashsha256":["82omHTww3kst4XmzHDotyPjxrUrwnAzGxQq601ISwXM="]}, "body": "[{\"id\":\"HeapObjects\",\"type\":\"gauge\",\"value\":1032},{\"id\":\"LastGC\",\"type\":\"gauge\",\"value\":1764740330827023600},{\"id\":\"OtherSys\",\"type\":\"gauge\",\"value\":923966},{\"id\":\"RandomValue\",\"type\":\"gauge\",\"value\":0.7616053332945382},{\"id\":\"GCCPUFraction\",\"type\":\"gauge\",\"value\":0.000002902479760206029},{\"id\":\"HeapReleased\",\"type\":\"gauge\",\"value\":3211264},{\"id\":\"MCacheSys\",\"type\":\"gauge\",\"value\":15704},{\"id\":\"MSpanInuse\",\"type\":\"gauge\",\"value\":44000},{\"id\":\"Mallocs\",\"type\":\"gauge\",\"value\":2243},{\"id\":\"NumForcedGC\",\"type\":\"gauge\",\"value\":0},{\"id\":\"NumGC\",\"type\":\"gauge\",\"value\":1},{\"id\":\"StackInuse\",\"type\":\"gauge\",\"value\":360448},{\"id\":\"GCSys\",\"type\":\"gauge\",\"value\":2308752},{\"id\":\"HeapInuse\",\"type\":\"gauge\",\"value\":1916928},{\"id\":\"MCacheInuse\",\"type\":\"gauge\",\"value\":4832},{\"id\":\"PauseTotalNs\",\"type\":\"gauge\",\"value\":48561},{\"id\":\"StackSys\",\"type\":\"gauge\",\"value\":360448},{\"id\":\"TotalAlloc\",\"type\":\"gauge\",\"value\":4101216},{\"id\":\"Alloc\",\"type\":\"gauge\",\"value\":1185872},{\"id\":\"BuckHashSys\",\"type\":\"gauge\",\"value\":2986},{\"id\":\"HeapSys\",\"type\":\"gauge\",\"value\":8028160},{\"id\":\"Lookups\",\"type\":\"gauge\",\"value\":0},{\"id\":\"MSpanSys\",\"type\":\"gauge\",\"value\":48960},{\"id\":\"NextGC\",\"type\":\"gauge\",\"value\":4194304},{\"id\":\"Sys\",\"type\":\"gauge\",\"value\":11688976},{\"id\":\"Frees\",\"type\":\"gauge\",\"value\":1211},{\"id\":\"HeapAlloc\",\"type\":\"gauge\",\"value\":1185872},{\"id\":\"HeapIdle\",\"type\":\"gauge\",\"value\":6111232},{\"id\":\"PollCount\",\"type\":\"counter\",\"delta\":26}]"}
        2025-12-03T05:39:00.833Z	INFO	client/agent.go:218	incoming response	{"status": "400 Bad Request", "statusCode": 400, "headers": {"Content-Length":["30"],"Content-Type":["application/json"],"Date":["Wed, 03 Dec 2025 05:39:00 GMT"]}, "body": "{\"error\":\"invalid signature\"}\n"}
        2025-12-03T05:39:00.833Z	ERROR	client/agent.go:175	HTTP request failed with status: 400
        github.com/mrPTqp/metrics/internal/agent/client.(*MetricsAgent).sendMetrics
        	/__w/metrics/metrics/internal/agent/client/agent.go:175
        github.com/mrPTqp/metrics/internal/agent/client.(*MetricsAgent).StartMetricsAgent
        	/__w/metrics/metrics/internal/agent/client/agent.go:56
        main.main
        	/__w/metrics/metrics/cmd/agent/main.go:26
        runtime.main
        	/usr/local/go/src/runtime/proc.go:283
        2025-12-03T05:39:00.833Z	ERROR	client/agent.go:58	failed to send metrics: HTTP status 400
        github.com/mrPTqp/metrics/internal/agent/client.(*MetricsAgent).StartMetricsAgent
        	/__w/metrics/metrics/internal/agent/client/agent.go:58
        main.main
        	/__w/metrics/metrics/cmd/agent/main.go:26
        runtime.main
        	/usr/local/go/src/runtime/proc.go:283
        2025-12-03T05:39:10.839Z	INFO	client/agent.go:196	outgoing request	{"method": "POST", "url": "http://localhost:42153/updates", "headers": {"Content-Encoding":["gzip"],"Content-Type":["application/json"],"Hashsha256":["02RFwXMXNJ3iHhFCC2Qm4je58PU5q+rj91miPgKsP28="]}, "body": "[{\"id\":\"Frees\",\"type\":\"gauge\",\"value\":1229},{\"id\":\"GCCPUFraction\",\"type\":\"gauge\",\"value\":0.000002902479760206029},{\"id\":\"Lookups\",\"type\":\"gauge\",\"value\":0},{\"id\":\"PauseTotalNs\",\"type\":\"gauge\",\"value\":48561},{\"id\":\"StackSys\",\"type\":\"gauge\",\"value\":360448},{\"id\":\"Alloc\",\"type\":\"gauge\",\"value\":2074584},{\"id\":\"HeapAlloc\",\"type\":\"gauge\",\"value\":2074584},{\"id\":\"HeapReleased\",\"type\":\"gauge\",\"value\":3194880},{\"id\":\"MCacheInuse\",\"type\":\"gauge\",\"value\":4832},{\"id\":\"Mallocs\",\"type\":\"gauge\",\"value\":2492},{\"id\":\"NumForcedGC\",\"type\":\"gauge\",\"value\":0},{\"id\":\"NumGC\",\"type\":\"gauge\",\"value\":1},{\"id\":\"StackInuse\",\"type\":\"gauge\",\"value\":360448},{\"id\":\"RandomValue\",\"type\":\"gauge\",\"value\":0.203760033204061},{\"id\":\"GCSys\",\"type\":\"gauge\",\"value\":2327256},{\"id\":\"HeapIdle\",\"type\":\"gauge\",\"value\":5259264},{\"id\":\"HeapObjects\",\"type\":\"gauge\",\"value\":1263},{\"id\":\"HeapSys\",\"type\":\"gauge\",\"value\":8028160},{\"id\":\"MSpanSys\",\"type\":\"gauge\",\"value\":48960},{\"id\":\"NextGC\",\"type\":\"gauge\",\"value\":4194304},{\"id\":\"Sys\",\"type\":\"gauge\",\"value\":11688976},{\"id\":\"TotalAlloc\",\"type\":\"gauge\",\"value\":4989928},{\"id\":\"HeapInuse\",\"type\":\"gauge\",\"value\":2768896},{\"id\":\"LastGC\",\"type\":\"gauge\",\"value\":1764740330827023600},{\"id\":\"MCacheSys\",\"type\":\"gauge\",\"value\":15704},{\"id\":\"MSpanInuse\",\"type\":\"gauge\",\"value\":44000},{\"id\":\"OtherSys\",\"type\":\"gauge\",\"value\":905462},{\"id\":\"BuckHashSys\",\"type\":\"gauge\",\"value\":2986},{\"id\":\"PollCount\",\"type\":\"counter\",\"delta\":31}]"}
        2025-12-03T05:39:10.839Z	INFO	client/agent.go:218	incoming response	{"status": "400 Bad Request", "statusCode": 400, "headers": {"Content-Length":["30"],"Content-Type":["application/json"],"Date":["Wed, 03 Dec 2025 05:39:10 GMT"]}, "body": "{\"error\":\"invalid signature\"}\n"}
        2025-12-03T05:39:10.839Z	ERROR	client/agent.go:175	HTTP request failed with status: 400
        github.com/mrPTqp/metrics/internal/agent/client.(*MetricsAgent).sendMetrics
        	/__w/metrics/metrics/internal/agent/client/agent.go:175
        github.com/mrPTqp/metrics/internal/agent/client.(*MetricsAgent).StartMetricsAgent
        	/__w/metrics/metrics/internal/agent/client/agent.go:56
        main.main
        	/__w/metrics/metrics/cmd/agent/main.go:26
        runtime.main
        	/usr/local/go/src/runtime/proc.go:283
        2025-12-03T05:39:10.839Z	ERROR	client/agent.go:58	failed to send metrics: HTTP status 400
        github.com/mrPTqp/metrics/internal/agent/client.(*MetricsAgent).StartMetricsAgent
        	/__w/metrics/metrics/internal/agent/client/agent.go:58
        main.main
        	/__w/metrics/metrics/cmd/agent/main.go:26
        runtime.main
        	/usr/local/go/src/runtime/proc.go:283
        2025-12-03T05:39:20.844Z	INFO	client/agent.go:196	outgoing request	{"method": "POST", "url": "http://localhost:42153/updates", "headers": {"Content-Encoding":["gzip"],"Content-Type":["application/json"],"Hashsha256":["+/qWDQarBAuJs7LtsFprebijHOHXycjNhJ4JcckdzaU="]}, "body": "[{\"id\":\"HeapAlloc\",\"type\":\"gauge\",\"value\":2963320},{\"id\":\"MCacheSys\",\"type\":\"gauge\",\"value\":15704},{\"id\":\"MSpanInuse\",\"type\":\"gauge\",\"value\":44000},{\"id\":\"MSpanSys\",\"type\":\"gauge\",\"value\":48960},{\"id\":\"NextGC\",\"type\":\"gauge\",\"value\":4194304},{\"id\":\"StackInuse\",\"type\":\"gauge\",\"value\":360448},{\"id\":\"StackSys\",\"type\":\"gauge\",\"value\":360448},{\"id\":\"LastGC\",\"type\":\"gauge\",\"value\":1764740330827023600},{\"id\":\"MCacheInuse\",\"type\":\"gauge\",\"value\":4832},{\"id\":\"NumGC\",\"type\":\"gauge\",\"value\":1},{\"id\":\"Alloc\",\"type\":\"gauge\",\"value\":2963320},{\"id\":\"RandomValue\",\"type\":\"gauge\",\"value\":0.5432847321842185},{\"id\":\"GCSys\",\"type\":\"gauge\",\"value\":2339592},{\"id\":\"HeapObjects\",\"type\":\"gauge\",\"value\":1495},{\"id\":\"HeapSys\",\"type\":\"gauge\",\"value\":8028160},{\"id\":\"Mallocs\",\"type\":\"gauge\",\"value\":2743},{\"id\":\"NumForcedGC\",\"type\":\"gauge\",\"value\":0},{\"id\":\"OtherSys\",\"type\":\"gauge\",\"value\":893126},{\"id\":\"TotalAlloc\",\"type\":\"gauge\",\"value\":5878664},{\"id\":\"HeapIdle\",\"type\":\"gauge\",\"value\":4415488},{\"id\":\"HeapInuse\",\"type\":\"gauge\",\"value\":3612672},{\"id\":\"HeapReleased\",\"type\":\"gauge\",\"value\":2875392},{\"id\":\"Lookups\",\"type\":\"gauge\",\"value\":0},{\"id\":\"PauseTotalNs\",\"type\":\"gauge\",\"value\":48561},{\"id\":\"Sys\",\"type\":\"gauge\",\"value\":11688976},{\"id\":\"BuckHashSys\",\"type\":\"gauge\",\"value\":2986},{\"id\":\"Frees\",\"type\":\"gauge\",\"value\":1248},{\"id\":\"GCCPUFraction\",\"type\":\"gauge\",\"value\":0.000002902479760206029},{\"id\":\"PollCount\",\"type\":\"counter\",\"delta\":36}]"}
        2025-12-03T05:39:20.845Z	INFO	client/agent.go:218	incoming response	{"status": "400 Bad Request", "statusCode": 400, "headers": {"Content-Length":["30"],"Content-Type":["application/json"],"Date":["Wed, 03 Dec 2025 05:39:20 GMT"]}, "body": "{\"error\":\"invalid signature\"}\n"}
        2025-12-03T05:39:20.845Z	ERROR	client/agent.go:175	HTTP request failed with status: 400
        github.com/mrPTqp/metrics/internal/agent/client.(*MetricsAgent).sendMetrics
        	/__w/metrics/metrics/internal/agent/client/agent.go:175
        github.com/mrPTqp/metrics/internal/agent/client.(*MetricsAgent).StartMetricsAgent
        	/__w/metrics/metrics/internal/agent/client/agent.go:56
        main.main
        	/__w/metrics/metrics/cmd/agent/main.go:26
        runtime.main
        	/usr/local/go/src/runtime/proc.go:283
        2025-12-03T05:39:20.845Z	ERROR	client/agent.go:58	failed to send metrics: HTTP status 400
        github.com/mrPTqp/metrics/internal/agent/client.(*MetricsAgent).StartMetricsAgent
        	/__w/metrics/metrics/internal/agent/client/agent.go:58
        main.main
        	/__w/metrics/metrics/cmd/agent/main.go:26
        runtime.main
        	/usr/local/go/src/runtime/proc.go:283
    iteration14_test.go:138: Получен STDOUT лог процесса:
        
        2025-12-03T05:38:20.811Z	INFO	server/main.go:30	configuration created	{"config": {"Address":{"Host":"localhost","Port":42153},"StoreInterval":0,"Restore":true,"File":"/tmp/events.log","SyncBackupToFile":true,"DatabaseDsn":"***postgres:5432/praktikum?sslmode=disable","SecretKey":"invalidkey"}}
        2025-12-03T05:38:20.811Z	INFO	server/main.go:35	Applying database migrations...
        2025-12-03T05:38:20.819Z	INFO	migrations/postgres.go:18	Current migration version: 2
        2025-12-03T05:38:20.820Z	INFO	migrations/postgres.go:22	No migrations to apply
        2025-12-03T05:38:20.820Z	INFO	server/main.go:39	Migrations applied successfully or no changes
        2025-12-03T05:38:20.831Z	INFO	storage/file_io.go:52	Backup completed{file 15 0 /tmp/events.log <nil>}
        2025-12-03T05:38:20.831Z	INFO	backup/restore.go:46	Restore completed. Loaded 32 gauges, 6 counters
        2025-12-03T05:38:20.831Z	INFO	metrics/app.go:37	Server is running on localhost:42153
        2025-12-03T05:38:21.011Z	DEBUG	middleware/gzip_mw.go:15	accept encoding value gzip
        2025-12-03T05:38:21.011Z	DEBUG	middleware/gzip_mw.go:17	supports gzip %!b(bool=true)
        2025-12-03T05:38:21.011Z	DEBUG	middleware/gzip_mw.go:19	try compress
        2025-12-03T05:38:21.013Z	INFO	service/base_metrics_service.go:53	Retrieved counter: PollCount = 474
        2025-12-03T05:38:21.013Z	INFO	handler/metrics_handler_json.go:190	return counter metric %s value %dPollCount474
        2025-12-03T05:38:21.013Z	DEBUG	middleware/sign_mw.go:47	sign ----------> hW+1wI0R/x66EOYRdIergjJLWdGUqPBrKnM6zz5Qr0g=
        2025/12/03 05:38:21 http: superfluous response.WriteHeader call from github.com/mrPTqp/metrics/internal/server/middleware.(*loggingResponseWriter).WriteHeader (logging_mw.go:30)
        2025-12-03T05:38:21.013Z	INFO	middleware/logging_mw.go:69	uri /value/ method POST duration 1.829963ms status 200 size 70
        2025-12-03T05:38:21.114Z	DEBUG	middleware/gzip_mw.go:15	accept encoding value gzip
        2025-12-03T05:38:21.114Z	DEBUG	middleware/gzip_mw.go:17	supports gzip %!b(bool=true)
        2025-12-03T05:38:21.114Z	DEBUG	middleware/gzip_mw.go:19	try compress
        2025-12-03T05:38:21.115Z	INFO	service/base_metrics_service.go:44	Retrieved gauge: RandomValue = 0.490846
        2025-12-03T05:38:21.116Z	INFO	handler/metrics_handler_json.go:173	return gauge metric %s value %fRandomValue0.4908458140365596
        2025-12-03T05:38:21.116Z	DEBUG	middleware/sign_mw.go:47	sign ----------> aR+xitNsjQCwv9u4I5BbNK1KTKyP8OMZ+ghKcUnBzJY=
        2025/12/03 05:38:21 http: superfluous response.WriteHeader call from github.com/mrPTqp/metrics/internal/server/middleware.(*loggingResponseWriter).WriteHeader (logging_mw.go:30)
        2025-12-03T05:38:21.116Z	INFO	middleware/logging_mw.go:69	uri /value/ method POST duration 1.651688ms status 200 size 82
        2025-12-03T05:38:21.216Z	DEBUG	middleware/gzip_mw.go:15	accept encoding value gzip
        2025-12-03T05:38:21.217Z	DEBUG	middleware/gzip_mw.go:17	supports gzip %!b(bool=true)
        2025-12-03T05:38:21.217Z	DEBUG	middleware/gzip_mw.go:19	try compress
        2025-12-03T05:38:21.217Z	INFO	service/base_metrics_service.go:44	Retrieved gauge: Alloc = 1341904.000000
        2025-12-03T05:38:21.217Z	INFO	handler/metrics_handler_json.go:173	return gauge metric %s value %fAlloc1.341904e+06
        2025-12-03T05:38:21.217Z	DEBUG	middleware/sign_mw.go:47	sign ----------> xTp24yQonkTNuRurmq+e9lqc43CO7Af5Xbz2lLHWgu8=
        2025/12/03 05:38:21 http: superfluous response.WriteHeader call from github.com/mrPTqp/metrics/internal/server/middleware.(*loggingResponseWriter).WriteHeader (logging_mw.go:30)
        2025-12-03T05:38:21.217Z	INFO	middleware/logging_mw.go:69	uri /value/ method POST duration 976.201µs status 200 size 70
        2025-12-03T05:38:21.318Z	DEBUG	middleware/gzip_mw.go:15	accept encoding value gzip
        2025-12-03T05:38:21.318Z	DEBUG	middleware/gzip_mw.go:17	supports gzip %!b(bool=true)
        2025-12-03T05:38:21.318Z	DEBUG	middleware/gzip_mw.go:19	try compress
        2025-12-03T05:38:21.319Z	INFO	service/base_metrics_service.go:44	Retrieved gauge: BuckHashSys = 2986.000000
        2025-12-03T05:38:21.319Z	INFO	handler/metrics_handler_json.go:173	return gauge metric %s value %fBuckHashSys2986
        2025-12-03T05:38:21.319Z	DEBUG	middleware/sign_mw.go:47	sign ----------> Uka1b6W9zvKDCR2+NQVILDTi50hODYLPhs6Nc+b/IT8=
        2025/12/03 05:38:21 http: superfluous response.WriteHeader call from github.com/mrPTqp/metrics/internal/server/middleware.(*loggingResponseWriter).WriteHeader (logging_mw.go:30)
        2025-12-03T05:38:21.319Z	INFO	middleware/logging_mw.go:69	uri /value/ method POST duration 585.601µs status 200 size 73
        2025-12-03T05:38:21.420Z	DEBUG	middleware/gzip_mw.go:15	accept encoding value gzip
        2025-12-03T05:38:21.420Z	DEBUG	middleware/gzip_mw.go:17	supports gzip %!b(bool=true)
        2025-12-03T05:38:21.420Z	DEBUG	middleware/gzip_mw.go:19	try compress
        2025-12-03T05:38:21.420Z	INFO	service/base_metrics_service.go:44	Retrieved gauge: Frees = 70.000000
        2025-12-03T05:38:21.421Z	INFO	handler/metrics_handler_json.go:173	return gauge metric %s value %fFrees70
        2025-12-03T05:38:21.421Z	DEBUG	middleware/sign_mw.go:47	sign ----------> uJle0mAH8hU7VxS2Z0YjMgOQMs/8vSAdAgPkQGnpZS0=
        2025/12/03 05:38:21 http: superfluous response.WriteHeader call from github.com/mrPTqp/metrics/internal/server/middleware.(*loggingResponseWriter).WriteHeader (logging_mw.go:30)
        2025-12-03T05:38:21.421Z	INFO	middleware/logging_mw.go:69	uri /value/ method POST duration 1.591694ms status 200 size 65
        2025-12-03T05:38:21.522Z	DEBUG	middleware/gzip_mw.go:15	accept encoding value gzip
        2025-12-03T05:38:21.522Z	DEBUG	middleware/gzip_mw.go:17	supports gzip %!b(bool=true)
        2025-12-03T05:38:21.522Z	DEBUG	middleware/gzip_mw.go:19	try compress
        2025-12-03T05:38:21.522Z	INFO	service/base_metrics_service.go:44	Retrieved gauge: GCCPUFraction = 0.000000
        2025-12-03T05:38:21.523Z	INFO	handler/metrics_handler_json.go:173	return gauge metric %s value %fGCCPUFraction0
        2025-12-03T05:38:21.523Z	DEBUG	middleware/sign_mw.go:47	sign ----------> SuqzplpsIf2I7JcgzUNwo5RrDV60wQsHfPWQxSswFrU=
        2025/12/03 05:38:21 http: superfluous response.WriteHeader call from github.com/mrPTqp/metrics/internal/server/middleware.(*loggingResponseWriter).WriteHeader (logging_mw.go:30)
        2025-12-03T05:38:21.523Z	INFO	middleware/logging_mw.go:69	uri /value/ method POST duration 663.855µs status 200 size 72
        2025-12-03T05:38:21.623Z	DEBUG	middleware/gzip_mw.go:15	accept encoding value gzip
        2025-12-03T05:38:21.623Z	DEBUG	middleware/gzip_mw.go:17	supports gzip %!b(bool=true)
        2025-12-03T05:38:21.623Z	DEBUG	middleware/gzip_mw.go:19	try compress
        2025-12-03T05:38:21.624Z	INFO	service/base_metrics_service.go:44	Retrieved gauge: GCSys = 1799120.000000
        2025-12-03T05:38:21.624Z	INFO	handler/metrics_handler_json.go:173	return gauge metric %s value %fGCSys1.79912e+06
        2025-12-03T05:38:21.624Z	DEBUG	middleware/sign_mw.go:47	sign ----------> a73kcKFe0mwcwfftvF4hn14vxtp++VA069ATquL0fCk=
        2025/12/03 05:38:21 http: superfluous response.WriteHeader call from github.com/mrPTqp/metrics/internal/server/middleware.(*loggingResponseWriter).WriteHeader (logging_mw.go:30)
        2025-12-03T05:38:21.624Z	INFO	middleware/logging_mw.go:69	uri /value/ method POST duration 745.11µs status 200 size 70
        2025-12-03T05:38:21.725Z	DEBUG	middleware/gzip_mw.go:15	accept encoding value gzip
        2025-12-03T05:38:21.725Z	DEBUG	middleware/gzip_mw.go:17	supports gzip %!b(bool=true)
        2025-12-03T05:38:21.725Z	DEBUG	middleware/gzip_mw.go:19	try compress
        2025-12-03T05:38:21.725Z	INFO	service/base_metrics_service.go:44	Retrieved gauge: HeapAlloc = 1341904.000000
        2025-12-03T05:38:21.725Z	INFO	handler/metrics_handler_json.go:173	return gauge metric %s value %fHeapAlloc1.341904e+06
        2025-12-03T05:38:21.726Z	DEBUG	middleware/sign_mw.go:47	sign ----------> wx/B5OVIzNdcl1PTB8RupD/YZjb4xHIQ+gYD/neHjA0=
        2025/12/03 05:38:21 http: superfluous response.WriteHeader call from github.com/mrPTqp/metrics/internal/server/middleware.(*loggingResponseWriter).WriteHeader (logging_mw.go:30)
        2025-12-03T05:38:21.726Z	INFO	middleware/logging_mw.go:69	uri /value/ method POST duration 877.841µs status 200 size 74
        2025-12-03T05:38:21.826Z	DEBUG	middleware/gzip_mw.go:15	accept encoding value gzip
        2025-12-03T05:38:21.826Z	DEBUG	middleware/gzip_mw.go:17	supports gzip %!b(bool=true)
        2025-12-03T05:38:21.826Z	DEBUG	middleware/gzip_mw.go:19	try compress
        2025-12-03T05:38:21.826Z	INFO	service/base_metrics_service.go:44	Retrieved gauge: HeapIdle = 1875968.000000
        2025-12-03T05:38:21.827Z	INFO	handler/metrics_handler_json.go:173	return gauge metric %s value %fHeapIdle1.875968e+06
        2025-12-03T05:38:21.827Z	DEBUG	middleware/sign_mw.go:47	sign ----------> Z1RzU7z2hAlwykMhV5Cv1AkgFn5T7UZ+inlrkFzF5nI=
        2025/12/03 05:38:21 http: superfluous response.WriteHeader call from github.com/mrPTqp/metrics/internal/server/middleware.(*loggingResponseWriter).WriteHeader (logging_mw.go:30)
        2025-12-03T05:38:21.827Z	INFO	middleware/logging_mw.go:69	uri /value/ method POST duration 446.797µs status 200 size 71
        2025-12-03T05:38:21.927Z	DEBUG	middleware/gzip_mw.go:15	accept encoding value gzip
        2025-12-03T05:38:21.927Z	DEBUG	middleware/gzip_mw.go:17	supports gzip %!b(bool=true)
        2025-12-03T05:38:21.927Z	DEBUG	middleware/gzip_mw.go:19	try compress
        2025-12-03T05:38:21.928Z	INFO	service/base_metrics_service.go:44	Retrieved gauge: HeapInuse = 1990656.000000
        2025-12-03T05:38:21.928Z	INFO	handler/metrics_handler_json.go:173	return gauge metric %s value %fHeapInuse1.990656e+06
        2025-12-03T05:38:21.928Z	DEBUG	middleware/sign_mw.go:47	sign ----------> cU8/wHTRLepbt4LH+LCZ5XkJmXUJpIUOGzh7rgA9d2Q=
        2025/12/03 05:38:21 http: superfluous response.WriteHeader call from github.com/mrPTqp/metrics/internal/server/middleware.(*loggingResponseWriter).WriteHeader (logging_mw.go:30)
        2025-12-03T05:38:21.928Z	INFO	middleware/logging_mw.go:69	uri /value/ method POST duration 565.98µs status 200 size 72
        2025-12-03T05:38:22.029Z	DEBUG	middleware/gzip_mw.go:15	accept encoding value gzip
        2025-12-03T05:38:22.029Z	DEBUG	middleware/gzip_mw.go:17	supports gzip %!b(bool=true)
        2025-12-03T05:38:22.029Z	DEBUG	middleware/gzip_mw.go:19	try compress
        2025-12-03T05:38:22.029Z	INFO	service/base_metrics_service.go:44	Retrieved gauge: HeapObjects = 1293.000000
        2025-12-03T05:38:22.030Z	INFO	handler/metrics_handler_json.go:173	return gauge metric %s value %fHeapObjects1293
        2025-12-03T05:38:22.030Z	DEBUG	middleware/sign_mw.go:47	sign ----------> 4EiAMOd5555wTbRPIGsdfPtkh2q/jiN2Xu1xy12v5lo=
        2025/12/03 05:38:22 http: superfluous response.WriteHeader call from github.com/mrPTqp/metrics/internal/server/middleware.(*loggingResponseWriter).WriteHeader (logging_mw.go:30)
        2025-12-03T05:38:22.030Z	INFO	middleware/logging_mw.go:69	uri /value/ method POST duration 1.322798ms status 200 size 73
        2025-12-03T05:38:22.131Z	DEBUG	middleware/gzip_mw.go:15	accept encoding value gzip
        2025-12-03T05:38:22.131Z	DEBUG	middleware/gzip_mw.go:17	supports gzip %!b(bool=true)
        2025-12-03T05:38:22.131Z	DEBUG	middleware/gzip_mw.go:19	try compress
        2025-12-03T05:38:22.131Z	INFO	service/base_metrics_service.go:44	Retrieved gauge: HeapReleased = 1810432.000000
        2025-12-03T05:38:22.131Z	INFO	handler/metrics_handler_json.go:173	return gauge metric %s value %fHeapReleased1.810432e+06
        2025-12-03T05:38:22.131Z	DEBUG	middleware/sign_mw.go:47	sign ----------> J1HLkcqtSZsyG2LrliLnkXolmVE76davGuNl/AGV3RE=
        2025/12/03 05:38:22 http: superfluous response.WriteHeader call from github.com/mrPTqp/metrics/internal/server/middleware.(*loggingResponseWriter).WriteHeader (logging_mw.go:30)
        2025-12-03T05:38:22.131Z	INFO	middleware/logging_mw.go:69	uri /value/ method POST duration 459.26µs status 200 size 77
        2025-12-03T05:38:22.232Z	DEBUG	middleware/gzip_mw.go:15	accept encoding value gzip
        2025-12-03T05:38:22.232Z	DEBUG	middleware/gzip_mw.go:17	supports gzip %!b(bool=true)
        2025-12-03T05:38:22.232Z	DEBUG	middleware/gzip_mw.go:19	try compress
        2025-12-03T05:38:22.232Z	INFO	service/base_metrics_service.go:44	Retrieved gauge: HeapSys = 3866624.000000
        2025-12-03T05:38:22.232Z	INFO	handler/metrics_handler_json.go:173	return gauge metric %s value %fHeapSys3.866624e+06
        2025-12-03T05:38:22.232Z	DEBUG	middleware/sign_mw.go:47	sign ----------> Q17YDPQPZIdWNTWStVohQX6Ei1lTbguwzXnAzSJmQJ8=
        2025/12/03 05:38:22 http: superfluous response.WriteHeader call from github.com/mrPTqp/metrics/internal/server/middleware.(*loggingResponseWriter).WriteHeader (logging_mw.go:30)
        2025-12-03T05:38:22.232Z	INFO	middleware/logging_mw.go:69	uri /value/ method POST duration 536.61µs status 200 size 72
        2025-12-03T05:38:22.333Z	DEBUG	middleware/gzip_mw.go:15	accept encoding value gzip
        2025-12-03T05:38:22.333Z	DEBUG	middleware/gzip_mw.go:17	supports gzip %!b(bool=true)
        2025-12-03T05:38:22.333Z	DEBUG	middleware/gzip_mw.go:19	try compress
        2025-12-03T05:38:22.333Z	INFO	service/base_metrics_service.go:44	Retrieved gauge: LastGC = 0.000000
        2025-12-03T05:38:22.334Z	INFO	handler/metrics_handler_json.go:173	return gauge metric %s value %fLastGC0
        2025-12-03T05:38:22.334Z	DEBUG	middleware/sign_mw.go:47	sign ----------> 2l3TuJ9M4zOfpvmhb0PaFieAW6S28ggkNTBa1ptad5w=
        2025/12/03 05:38:22 http: superfluous response.WriteHeader call from github.com/mrPTqp/metrics/internal/server/middleware.(*loggingResponseWriter).WriteHeader (logging_mw.go:30)
        2025-12-03T05:38:22.334Z	INFO	middleware/logging_mw.go:69	uri /value/ method POST duration 813.945µs status 200 size 65
        2025-12-03T05:38:22.434Z	DEBUG	middleware/gzip_mw.go:15	accept encoding value gzip
        2025-12-03T05:38:22.434Z	DEBUG	middleware/gzip_mw.go:17	supports gzip %!b(bool=true)
        2025-12-03T05:38:22.434Z	DEBUG	middleware/gzip_mw.go:19	try compress
        2025-12-03T05:38:22.435Z	INFO	service/base_metrics_service.go:44	Retrieved gauge: Lookups = 0.000000
        2025-12-03T05:38:22.435Z	INFO	handler/metrics_handler_json.go:173	return gauge metric %s value %fLookups0
        2025-12-03T05:38:22.435Z	DEBUG	middleware/sign_mw.go:47	sign ----------> qcAdUhCUgGTYkUCp0E+3usMvjGnQYFa99EWsuh0uVvo=
        2025/12/03 05:38:22 http: superfluous response.WriteHeader call from github.com/mrPTqp/metrics/internal/server/middleware.(*loggingResponseWriter).WriteHeader (logging_mw.go:30)
        2025-12-03T05:38:22.435Z	INFO	middleware/logging_mw.go:69	uri /value/ method POST duration 537.599µs status 200 size 66
        2025-12-03T05:38:22.536Z	DEBUG	middleware/gzip_mw.go:15	accept encoding value gzip
        2025-12-03T05:38:22.536Z	DEBUG	middleware/gzip_mw.go:17	supports gzip %!b(bool=true)
        2025-12-03T05:38:22.536Z	DEBUG	middleware/gzip_mw.go:19	try compress
        2025-12-03T05:38:22.536Z	INFO	service/base_metrics_service.go:44	Retrieved gauge: MCacheInuse = 4832.000000
        2025-12-03T05:38:22.536Z	INFO	handler/metrics_handler_json.go:173	return gauge metric %s value %fMCacheInuse4832
        2025-12-03T05:38:22.536Z	DEBUG	middleware/sign_mw.go:47	sign ----------> rxbqrggAjLz+eIQou9rPvTZhO+qsYVVlvns00UT385M=
        2025/12/03 05:38:22 http: superfluous response.WriteHeader call from github.com/mrPTqp/metrics/internal/server/middleware.(*loggingResponseWriter).WriteHeader (logging_mw.go:30)
        2025-12-03T05:38:22.536Z	INFO	middleware/logging_mw.go:69	uri /value/ method POST duration 392.277µs status 200 size 71
        2025-12-03T05:38:22.636Z	DEBUG	middleware/gzip_mw.go:15	accept encoding value gzip
        2025-12-03T05:38:22.637Z	DEBUG	middleware/gzip_mw.go:17	supports gzip %!b(bool=true)
        2025-12-03T05:38:22.637Z	DEBUG	middleware/gzip_mw.go:19	try compress
        2025-12-03T05:38:22.637Z	INFO	service/base_metrics_service.go:44	Retrieved gauge: MCacheSys = 15704.000000
        2025-12-03T05:38:22.637Z	INFO	handler/metrics_handler_json.go:173	return gauge metric %s value %fMCacheSys15704
        2025-12-03T05:38:22.637Z	DEBUG	middleware/sign_mw.go:47	sign ----------> fSIH1D1+p8714yoSkNAYY5pB7dzEP+GezeEGHIG7AFc=
        2025/12/03 05:38:22 http: superfluous response.WriteHeader call from github.com/mrPTqp/metrics/internal/server/middleware.(*loggingResponseWriter).WriteHeader (logging_mw.go:30)
        2025-12-03T05:38:22.637Z	INFO	middleware/logging_mw.go:69	uri /value/ method POST duration 750.945µs status 200 size 72
        2025-12-03T05:38:22.738Z	DEBUG	middleware/gzip_mw.go:15	accept encoding value gzip
        2025-12-03T05:38:22.738Z	DEBUG	middleware/gzip_mw.go:17	supports gzip %!b(bool=true)
        2025-12-03T05:38:22.738Z	DEBUG	middleware/gzip_mw.go:19	try compress
        2025-12-03T05:38:22.738Z	INFO	service/base_metrics_service.go:44	Retrieved gauge: MSpanInuse = 33760.000000
        2025-12-03T05:38:22.738Z	INFO	handler/metrics_handler_json.go:173	return gauge metric %s value %fMSpanInuse33760
        2025-12-03T05:38:22.738Z	DEBUG	middleware/sign_mw.go:47	sign ----------> THd2Lcbuv0UKJbRLHrUPBp5NPX/WHQKCoxQaaDd47W8=
        2025/12/03 05:38:22 http: superfluous response.WriteHeader call from github.com/mrPTqp/metrics/internal/server/middleware.(*loggingResponseWriter).WriteHeader (logging_mw.go:30)
        2025-12-03T05:38:22.738Z	INFO	middleware/logging_mw.go:69	uri /value/ method POST duration 395.981µs status 200 size 71
        2025-12-03T05:38:22.839Z	DEBUG	middleware/gzip_mw.go:15	accept encoding value gzip
        2025-12-03T05:38:22.839Z	DEBUG	middleware/gzip_mw.go:17	supports gzip %!b(bool=true)
        2025-12-03T05:38:22.839Z	DEBUG	middleware/gzip_mw.go:19	try compress
        2025-12-03T05:38:22.839Z	INFO	service/base_metrics_service.go:44	Retrieved gauge: MSpanSys = 48960.000000
        2025-12-03T05:38:22.839Z	INFO	handler/metrics_handler_json.go:173	return gauge metric %s value %fMSpanSys48960
        2025-12-03T05:38:22.839Z	DEBUG	middleware/sign_mw.go:47	sign ----------> +WZLpCEwxTFuw8eaEBM4J2r5q0cVWSIsgGtuwwJg9IQ=
        2025/12/03 05:38:22 http: superfluous response.WriteHeader call from github.com/mrPTqp/metrics/internal/server/middleware.(*loggingResponseWriter).WriteHeader (logging_mw.go:30)
        2025-12-03T05:38:22.839Z	INFO	middleware/logging_mw.go:69	uri /value/ method POST duration 372.104µs status 200 size 71
        2025-12-03T05:38:22.940Z	DEBUG	middleware/gzip_mw.go:15	accept encoding value gzip
        2025-12-03T05:38:22.940Z	DEBUG	middleware/gzip_mw.go:17	supports gzip %!b(bool=true)
        2025-12-03T05:38:22.940Z	DEBUG	middleware/gzip_mw.go:19	try compress
        2025-12-03T05:38:22.940Z	INFO	service/base_metrics_service.go:44	Retrieved gauge: Mallocs = 1363.000000
        2025-12-03T05:38:22.940Z	INFO	handler/metrics_handler_json.go:173	return gauge metric %s value %fMallocs1363
        2025-12-03T05:38:22.941Z	DEBUG	middleware/sign_mw.go:47	sign ----------> 3Lne+qLyIgpBLs4GXy1i+B6Sl24zNsQS8XvcuW9Tazg=
        2025/12/03 05:38:22 http: superfluous response.WriteHeader call from github.com/mrPTqp/metrics/internal/server/middleware.(*loggingResponseWriter).WriteHeader (logging_mw.go:30)
        2025-12-03T05:38:22.941Z	INFO	middleware/logging_mw.go:69	uri /value/ method POST duration 634.602µs status 200 size 69
        2025-12-03T05:38:23.041Z	DEBUG	middleware/gzip_mw.go:15	accept encoding value gzip
        2025-12-03T05:38:23.041Z	DEBUG	middleware/gzip_mw.go:17	supports gzip %!b(bool=true)
        2025-12-03T05:38:23.041Z	DEBUG	middleware/gzip_mw.go:19	try compress
        2025-12-03T05:38:23.041Z	INFO	service/base_metrics_service.go:44	Retrieved gauge: NextGC = 4194304.000000
        2025-12-03T05:38:23.041Z	INFO	handler/metrics_handler_json.go:173	return gauge metric %s value %fNextGC4.194304e+06
        2025-12-03T05:38:23.041Z	DEBUG	middleware/sign_mw.go:47	sign ----------> K2ywxzfVXi4ICK6m6x0s8FwPa04ircJMh5u7q2B1Nlc=
        2025/12/03 05:38:23 http: superfluous response.WriteHeader call from github.com/mrPTqp/metrics/internal/server/middleware.(*loggingResponseWriter).WriteHeader (logging_mw.go:30)
        2025-12-03T05:38:23.041Z	INFO	middleware/logging_mw.go:69	uri /value/ method POST duration 335.711µs status 200 size 71
        2025-12-03T05:38:23.142Z	DEBUG	middleware/gzip_mw.go:15	accept encoding value gzip
        2025-12-03T05:38:23.142Z	DEBUG	middleware/gzip_mw.go:17	supports gzip %!b(bool=true)
        2025-12-03T05:38:23.142Z	DEBUG	middleware/gzip_mw.go:19	try compress
        2025-12-03T05:38:23.142Z	INFO	service/base_metrics_service.go:44	Retrieved gauge: NumForcedGC = 0.000000
        2025-12-03T05:38:23.142Z	INFO	handler/metrics_handler_json.go:173	return gauge metric %s value %fNumForcedGC0
        2025-12-03T05:38:23.142Z	DEBUG	middleware/sign_mw.go:47	sign ----------> E+3UCsgrtQkOfRMfHFJIPF3qFoBJuFMbBQumREecN8k=
        2025/12/03 05:38:23 http: superfluous response.WriteHeader call from github.com/mrPTqp/metrics/internal/server/middleware.(*loggingResponseWriter).WriteHeader (logging_mw.go:30)
        2025-12-03T05:38:23.142Z	INFO	middleware/logging_mw.go:69	uri /value/ method POST duration 367.122µs status 200 size 70
        2025-12-03T05:38:23.243Z	DEBUG	middleware/gzip_mw.go:15	accept encoding value gzip
        2025-12-03T05:38:23.243Z	DEBUG	middleware/gzip_mw.go:17	supports gzip %!b(bool=true)
        2025-12-03T05:38:23.243Z	DEBUG	middleware/gzip_mw.go:19	try compress
        2025-12-03T05:38:23.243Z	INFO	service/base_metrics_service.go:44	Retrieved gauge: NumGC = 0.000000
        2025-12-03T05:38:23.244Z	INFO	handler/metrics_handler_json.go:173	return gauge metric %s value %fNumGC0
        2025-12-03T05:38:23.244Z	DEBUG	middleware/sign_mw.go:47	sign ----------> KOvyhY1nurixfF/8nz5nciofGazbuqTsN8ncdWegXWY=
        2025/12/03 05:38:23 http: superfluous response.WriteHeader call from github.com/mrPTqp/metrics/internal/server/middleware.(*loggingResponseWriter).WriteHeader (logging_mw.go:30)
        2025-12-03T05:38:23.244Z	INFO	middleware/logging_mw.go:69	uri /value/ method POST duration 883.579µs status 200 size 64
        2025-12-03T05:38:23.345Z	DEBUG	middleware/gzip_mw.go:15	accept encoding value gzip
        2025-12-03T05:38:23.345Z	DEBUG	middleware/gzip_mw.go:17	supports gzip %!b(bool=true)
        2025-12-03T05:38:23.345Z	DEBUG	middleware/gzip_mw.go:19	try compress
        2025-12-03T05:38:23.345Z	INFO	service/base_metrics_service.go:44	Retrieved gauge: OtherSys = 581630.000000
        2025-12-03T05:38:23.345Z	INFO	handler/metrics_handler_json.go:173	return gauge metric %s value %fOtherSys581630
        2025-12-03T05:38:23.345Z	DEBUG	middleware/sign_mw.go:47	sign ----------> Dit18oKPcY09Ff822dEx4ExW3jLGOdfhrkuEKivBk6s=
        2025/12/03 05:38:23 http: superfluous response.WriteHeader call from github.com/mrPTqp/metrics/internal/server/middleware.(*loggingResponseWriter).WriteHeader (logging_mw.go:30)
        2025-12-03T05:38:23.345Z	INFO	middleware/logging_mw.go:69	uri /value/ method POST duration 387.935µs status 200 size 72
        2025-12-03T05:38:23.446Z	DEBUG	middleware/gzip_mw.go:15	accept encoding value gzip
        2025-12-03T05:38:23.446Z	DEBUG	middleware/gzip_mw.go:17	supports gzip %!b(bool=true)
        2025-12-03T05:38:23.446Z	DEBUG	middleware/gzip_mw.go:19	try compress
        2025-12-03T05:38:23.446Z	INFO	service/base_metrics_service.go:44	Retrieved gauge: PauseTotalNs = 0.000000
        2025-12-03T05:38:23.446Z	INFO	handler/metrics_handler_json.go:173	return gauge metric %s value %fPauseTotalNs0
        2025-12-03T05:38:23.446Z	DEBUG	middleware/sign_mw.go:47	sign ----------> 2/BTfCeqURtXk8we54V6I/8feN4SA55+9bzW9sSXfls=
        2025/12/03 05:38:23 http: superfluous response.WriteHeader call from github.com/mrPTqp/metrics/internal/server/middleware.(*loggingResponseWriter).WriteHeader (logging_mw.go:30)
        2025-12-03T05:38:23.446Z	INFO	middleware/logging_mw.go:69	uri /value/ method POST duration 564.374µs status 200 size 71
        2025-12-03T05:38:23.547Z	DEBUG	middleware/gzip_mw.go:15	accept encoding value gzip
        2025-12-03T05:38:23.547Z	DEBUG	middleware/gzip_mw.go:17	supports gzip %!b(bool=true)
        2025-12-03T05:38:23.547Z	DEBUG	middleware/gzip_mw.go:19	try compress
        2025-12-03T05:38:23.547Z	INFO	service/base_metrics_service.go:44	Retrieved gauge: StackInuse = 327680.000000
        2025-12-03T05:38:23.548Z	INFO	handler/metrics_handler_json.go:173	return gauge metric %s value %fStackInuse327680
        2025-12-03T05:38:23.548Z	DEBUG	middleware/sign_mw.go:47	sign ----------> SlWRGH+XNWqRfXzix3UsxPouIJ2MFy133OW7Vi8PJt4=
        2025/12/03 05:38:23 http: superfluous response.WriteHeader call from github.com/mrPTqp/metrics/internal/server/middleware.(*loggingResponseWriter).WriteHeader (logging_mw.go:30)
        2025-12-03T05:38:23.548Z	INFO	middleware/logging_mw.go:69	uri /value/ method POST duration 872.676µs status 200 size 72
        2025-12-03T05:38:23.649Z	DEBUG	middleware/gzip_mw.go:15	accept encoding value gzip
        2025-12-03T05:38:23.649Z	DEBUG	middleware/gzip_mw.go:17	supports gzip %!b(bool=true)
        2025-12-03T05:38:23.649Z	DEBUG	middleware/gzip_mw.go:19	try compress
        2025-12-03T05:38:23.649Z	INFO	service/base_metrics_service.go:44	Retrieved gauge: StackSys = 327680.000000
        2025-12-03T05:38:23.649Z	INFO	handler/metrics_handler_json.go:173	return gauge metric %s value %fStackSys327680
        2025-12-03T05:38:23.649Z	DEBUG	middleware/sign_mw.go:47	sign ----------> 0imC039Zk+bPpMBrLvvnR1+UbXa+b9bP5VG93SQR5zU=
        2025/12/03 05:38:23 http: superfluous response.WriteHeader call from github.com/mrPTqp/metrics/internal/server/middleware.(*loggingResponseWriter).WriteHeader (logging_mw.go:30)
        2025-12-03T05:38:23.649Z	INFO	middleware/logging_mw.go:69	uri /value/ method POST duration 606.231µs status 200 size 72
        2025-12-03T05:38:23.750Z	DEBUG	middleware/gzip_mw.go:15	accept encoding value gzip
        2025-12-03T05:38:23.750Z	DEBUG	middleware/gzip_mw.go:17	supports gzip %!b(bool=true)
        2025-12-03T05:38:23.750Z	DEBUG	middleware/gzip_mw.go:19	try compress
        2025-12-03T05:38:23.751Z	INFO	service/base_metrics_service.go:44	Retrieved gauge: Sys = 6642704.000000
        2025-12-03T05:38:23.751Z	INFO	handler/metrics_handler_json.go:173	return gauge metric %s value %fSys6.642704e+06
        2025-12-03T05:38:23.751Z	DEBUG	middleware/sign_mw.go:47	sign ----------> JJi/W9+CRy50Px9ZkQ8UWMfxrb1CVMAUwneQVi3M0d8=
        2025/12/03 05:38:23 http: superfluous response.WriteHeader call from github.com/mrPTqp/metrics/internal/server/middleware.(*loggingResponseWriter).WriteHeader (logging_mw.go:30)
        2025-12-03T05:38:23.751Z	INFO	middleware/logging_mw.go:69	uri /value/ method POST duration 520.983µs status 200 size 68
        2025-12-03T05:38:23.852Z	DEBUG	middleware/gzip_mw.go:15	accept encoding value gzip
        2025-12-03T05:38:23.852Z	DEBUG	middleware/gzip_mw.go:17	supports gzip %!b(bool=true)
        2025-12-03T05:38:23.852Z	DEBUG	middleware/gzip_mw.go:19	try compress
        2025-12-03T05:38:23.852Z	INFO	service/base_metrics_service.go:44	Retrieved gauge: TotalAlloc = 1341904.000000
        2025-12-03T05:38:23.852Z	INFO	handler/metrics_handler_json.go:173	return gauge metric %s value %fTotalAlloc1.341904e+06
        2025-12-03T05:38:23.852Z	DEBUG	middleware/sign_mw.go:47	sign ----------> v+tB4NqhJyc/zpyPLLM5KoZjQ7QBs3Uz6XRrHwQlmdM=
        2025/12/03 05:38:23 http: superfluous response.WriteHeader call from github.com/mrPTqp/metrics/internal/server/middleware.(*loggingResponseWriter).WriteHeader (logging_mw.go:30)
        2025-12-03T05:38:23.852Z	INFO	middleware/logging_mw.go:69	uri /value/ method POST duration 866.637µs status 200 size 75
        2025-12-03T05:38:23.953Z	DEBUG	middleware/gzip_mw.go:15	accept encoding value gzip
        2025-12-03T05:38:23.953Z	DEBUG	middleware/gzip_mw.go:17	supports gzip %!b(bool=true)
        2025-12-03T05:38:23.953Z	DEBUG	middleware/gzip_mw.go:19	try compress
        2025-12-03T05:38:23.954Z	INFO	service/base_metrics_service.go:53	Retrieved counter: PollCount = 474
        2025-12-03T05:38:23.954Z	INFO	handler/metrics_handler_json.go:190	return counter metric %s value %dPollCount474
        2025-12-03T05:38:23.954Z	DEBUG	middleware/sign_mw.go:47	sign ----------> hW+1wI0R/x66EOYRdIergjJLWdGUqPBrKnM6zz5Qr0g=
        2025/12/03 05:38:23 http: superfluous response.WriteHeader call from github.com/mrPTqp/metrics/internal/server/middleware.(*loggingResponseWriter).WriteHeader (logging_mw.go:30)
        2025-12-03T05:38:23.954Z	INFO	middleware/logging_mw.go:69	uri /value/ method POST duration 640.591µs status 200 size 70
        2025-12-03T05:38:24.055Z	DEBUG	middleware/gzip_mw.go:15	accept encoding value gzip
        2025-12-03T05:38:24.055Z	DEBUG	middleware/gzip_mw.go:17	supports gzip %!b(bool=true)
        2025-12-03T05:38:24.055Z	DEBUG	middleware/gzip_mw.go:19	try compress
        2025-12-03T05:38:24.055Z	INFO	service/base_metrics_service.go:44	Retrieved gauge: RandomValue = 0.490846
        2025-12-03T05:38:24.055Z	INFO	handler/metrics_handler_json.go:173	return gauge metric %s value %fRandomValue0.4908458140365596
        2025-12-03T05:38:24.055Z	DEBUG	middleware/sign_mw.go:47	sign ----------> aR+xitNsjQCwv9u4I5BbNK1KTKyP8OMZ+ghKcUnBzJY=
        2025/12/03 05:38:24 http: superfluous response.WriteHeader call from github.com/mrPTqp/metrics/internal/server/middleware.(*loggingResponseWriter).WriteHeader (logging_mw.go:30)
        2025-12-03T05:38:24.055Z	INFO	middleware/logging_mw.go:69	uri /value/ method POST duration 573.074µs status 200 size 82
        2025-12-03T05:38:24.156Z	DEBUG	middleware/gzip_mw.go:15	accept encoding value gzip
        2025-12-03T05:38:24.156Z	DEBUG	middleware/gzip_mw.go:17	supports gzip %!b(bool=true)
        2025-12-03T05:38:24.156Z	DEBUG	middleware/gzip_mw.go:19	try compress
        2025-12-03T05:38:24.156Z	INFO	service/base_metrics_service.go:44	Retrieved gauge: Alloc = 1341904.000000
        2025-12-03T05:38:24.157Z	INFO	handler/metrics_handler_json.go:173	return gauge metric %s value %fAlloc1.341904e+06
        2025-12-03T05:38:24.157Z	DEBUG	middleware/sign_mw.go:47	sign ----------> xTp24yQonkTNuRurmq+e9lqc43CO7Af5Xbz2lLHWgu8=
        2025/12/03 05:38:24 http: superfluous response.WriteHeader call from github.com/mrPTqp/metrics/internal/server/middleware.(*loggingResponseWriter).WriteHeader (logging_mw.go:30)
        2025-12-03T05:38:24.157Z	INFO	middleware/logging_mw.go:69	uri /value/ method POST duration 864.684µs status 200 size 70
        2025-12-03T05:38:24.258Z	DEBUG	middleware/gzip_mw.go:15	accept encoding value gzip
        2025-12-03T05:38:24.258Z	DEBUG	middleware/gzip_mw.go:17	supports gzip %!b(bool=true)
        2025-12-03T05:38:24.258Z	DEBUG	middleware/gzip_mw.go:19	try compress
        2025-12-03T05:38:24.258Z	INFO	service/base_metrics_service.go:44	Retrieved gauge: Frees = 70.000000
        2025-12-03T05:38:24.258Z	INFO	handler/metrics_handler_json.go:173	return gauge metric %s value %fFrees70
        2025-12-03T05:38:24.258Z	DEBUG	middleware/sign_mw.go:47	sign ----------> uJle0mAH8hU7VxS2Z0YjMgOQMs/8vSAdAgPkQGnpZS0=
        2025/12/03 05:38:24 http: superfluous response.WriteHeader call from github.com/mrPTqp/metrics/internal/server/middleware.(*loggingResponseWriter).WriteHeader (logging_mw.go:30)
        2025-12-03T05:38:24.258Z	INFO	middleware/logging_mw.go:69	uri /value/ method POST duration 542.996µs status 200 size 65
        2025-12-03T05:38:24.359Z	DEBUG	middleware/gzip_mw.go:15	accept encoding value gzip
        2025-12-03T05:38:24.359Z	DEBUG	middleware/gzip_mw.go:17	supports gzip %!b(bool=true)
        2025-12-03T05:38:24.359Z	DEBUG	middleware/gzip_mw.go:19	try compress
        2025-12-03T05:38:24.359Z	INFO	service/base_metrics_service.go:44	Retrieved gauge: HeapAlloc = 1341904.000000
        2025-12-03T05:38:24.359Z	INFO	handler/metrics_handler_json.go:173	return gauge metric %s value %fHeapAlloc1.341904e+06
        2025-12-03T05:38:24.359Z	DEBUG	middleware/sign_mw.go:47	sign ----------> wx/B5OVIzNdcl1PTB8RupD/YZjb4xHIQ+gYD/neHjA0=
        2025/12/03 05:38:24 http: superfluous response.WriteHeader call from github.com/mrPTqp/metrics/internal/server/middleware.(*loggingResponseWriter).WriteHeader (logging_mw.go:30)
        2025-12-03T05:38:24.359Z	INFO	middleware/logging_mw.go:69	uri /value/ method POST duration 554.451µs status 200 size 74
        2025-12-03T05:38:24.460Z	DEBUG	middleware/gzip_mw.go:15	accept encoding value gzip
        2025-12-03T05:38:24.460Z	DEBUG	middleware/gzip_mw.go:17	supports gzip %!b(bool=true)
        2025-12-03T05:38:24.460Z	DEBUG	middleware/gzip_mw.go:19	try compress
        2025-12-03T05:38:24.460Z	INFO	service/base_metrics_service.go:44	Retrieved gauge: HeapIdle = 1875968.000000
        2025-12-03T05:38:24.461Z	INFO	handler/metrics_handler_json.go:173	return gauge metric %s value %fHeapIdle1.875968e+06
        2025-12-03T05:38:24.461Z	DEBUG	middleware/sign_mw.go:47	sign ----------> Z1RzU7z2hAlwykMhV5Cv1AkgFn5T7UZ+inlrkFzF5nI=
        2025/12/03 05:38:24 http: superfluous response.WriteHeader call from github.com/mrPTqp/metrics/internal/server/middleware.(*loggingResponseWriter).WriteHeader (logging_mw.go:30)
        2025-12-03T05:38:24.461Z	INFO	middleware/logging_mw.go:69	uri /value/ method POST duration 800.909µs status 200 size 71
        2025-12-03T05:38:24.562Z	DEBUG	middleware/gzip_mw.go:15	accept encoding value gzip
        2025-12-03T05:38:24.562Z	DEBUG	middleware/gzip_mw.go:17	supports gzip %!b(bool=true)
        2025-12-03T05:38:24.562Z	DEBUG	middleware/gzip_mw.go:19	try compress
        2025-12-03T05:38:24.562Z	INFO	service/base_metrics_service.go:44	Retrieved gauge: HeapInuse = 1990656.000000
        2025-12-03T05:38:24.562Z	INFO	handler/metrics_handler_json.go:173	return gauge metric %s value %fHeapInuse1.990656e+06
        2025-12-03T05:38:24.562Z	DEBUG	middleware/sign_mw.go:47	sign ----------> cU8/wHTRLepbt4LH+LCZ5XkJmXUJpIUOGzh7rgA9d2Q=
        2025/12/03 05:38:24 http: superfluous response.WriteHeader call from github.com/mrPTqp/metrics/internal/server/middleware.(*loggingResponseWriter).WriteHeader (logging_mw.go:30)
        2025-12-03T05:38:24.562Z	INFO	middleware/logging_mw.go:69	uri /value/ method POST duration 541.791µs status 200 size 72
        2025-12-03T05:38:24.663Z	DEBUG	middleware/gzip_mw.go:15	accept encoding value gzip
        2025-12-03T05:38:24.663Z	DEBUG	middleware/gzip_mw.go:17	supports gzip %!b(bool=true)
        2025-12-03T05:38:24.663Z	DEBUG	middleware/gzip_mw.go:19	try compress
        2025-12-03T05:38:24.663Z	INFO	service/base_metrics_service.go:44	Retrieved gauge: HeapObjects = 1293.000000
        2025-12-03T05:38:24.663Z	INFO	handler/metrics_handler_json.go:173	return gauge metric %s value %fHeapObjects1293
        2025-12-03T05:38:24.663Z	DEBUG	middleware/sign_mw.go:47	sign ----------> 4EiAMOd5555wTbRPIGsdfPtkh2q/jiN2Xu1xy12v5lo=
        2025/12/03 05:38:24 http: superfluous response.WriteHeader call from github.com/mrPTqp/metrics/internal/server/middleware.(*loggingResponseWriter).WriteHeader (logging_mw.go:30)
        2025-12-03T05:38:24.663Z	INFO	middleware/logging_mw.go:69	uri /value/ method POST duration 566.562µs status 200 size 73
        2025-12-03T05:38:24.764Z	DEBUG	middleware/gzip_mw.go:15	accept encoding value gzip
        2025-12-03T05:38:24.764Z	DEBUG	middleware/gzip_mw.go:17	supports gzip %!b(bool=true)
        2025-12-03T05:38:24.764Z	DEBUG	middleware/gzip_mw.go:19	try compress
        2025-12-03T05:38:24.764Z	INFO	service/base_metrics_service.go:44	Retrieved gauge: Mallocs = 1363.000000
        2025-12-03T05:38:24.765Z	INFO	handler/metrics_handler_json.go:173	return gauge metric %s value %fMallocs1363
        2025-12-03T05:38:24.765Z	DEBUG	middleware/sign_mw.go:47	sign ----------> 3Lne+qLyIgpBLs4GXy1i+B6Sl24zNsQS8XvcuW9Tazg=
        2025/12/03 05:38:24 http: superfluous response.WriteHeader call from github.com/mrPTqp/metrics/internal/server/middleware.(*loggingResponseWriter).WriteHeader (logging_mw.go:30)
        2025-12-03T05:38:24.765Z	INFO	middleware/logging_mw.go:69	uri /value/ method POST duration 1.002262ms status 200 size 69
        2025-12-03T05:38:24.866Z	DEBUG	middleware/gzip_mw.go:15	accept encoding value gzip
        2025-12-03T05:38:24.866Z	DEBUG	middleware/gzip_mw.go:17	supports gzip %!b(bool=true)
        2025-12-03T05:38:24.866Z	DEBUG	middleware/gzip_mw.go:19	try compress
        2025-12-03T05:38:24.866Z	INFO	service/base_metrics_service.go:44	Retrieved gauge: TotalAlloc = 1341904.000000
        2025-12-03T05:38:24.866Z	INFO	handler/metrics_handler_json.go:173	return gauge metric %s value %fTotalAlloc1.341904e+06
        2025-12-03T05:38:24.866Z	DEBUG	middleware/sign_mw.go:47	sign ----------> v+tB4NqhJyc/zpyPLLM5KoZjQ7QBs3Uz6XRrHwQlmdM=
        2025/12/03 05:38:24 http: superfluous response.WriteHeader call from github.com/mrPTqp/metrics/internal/server/middleware.(*loggingResponseWriter).WriteHeader (logging_mw.go:30)
        2025-12-03T05:38:24.866Z	INFO	middleware/logging_mw.go:69	uri /value/ method POST duration 563.707µs status 200 size 75
        2025-12-03T05:38:24.967Z	DEBUG	middleware/gzip_mw.go:15	accept encoding value gzip
        2025-12-03T05:38:24.967Z	DEBUG	middleware/gzip_mw.go:17	supports gzip %!b(bool=true)
        2025-12-03T05:38:24.967Z	DEBUG	middleware/gzip_mw.go:19	try compress
        2025-12-03T05:38:24.967Z	INFO	service/base_metrics_service.go:53	Retrieved counter: PollCount = 474
        2025-12-03T05:38:24.968Z	INFO	handler/metrics_handler_json.go:190	return counter metric %s value %dPollCount474
        2025-12-03T05:38:24.968Z	DEBUG	middleware/sign_mw.go:47	sign ----------> hW+1wI0R/x66EOYRdIergjJLWdGUqPBrKnM6zz5Qr0g=
        2025/12/03 05:38:24 http: superfluous response.WriteHeader call from github.com/mrPTqp/metrics/internal/server/middleware.(*loggingResponseWriter).WriteHeader (logging_mw.go:30)
        2025-12-03T05:38:24.968Z	INFO	middleware/logging_mw.go:69	uri /value/ method POST duration 598.288µs status 200 size 70
        2025-12-03T05:38:25.068Z	DEBUG	middleware/gzip_mw.go:15	accept encoding value gzip
        2025-12-03T05:38:25.068Z	DEBUG	middleware/gzip_mw.go:17	supports gzip %!b(bool=true)
        2025-12-03T05:38:25.068Z	DEBUG	middleware/gzip_mw.go:19	try compress
        2025-12-03T05:38:25.069Z	INFO	service/base_metrics_service.go:44	Retrieved gauge: RandomValue = 0.490846
        2025-12-03T05:38:25.069Z	INFO	handler/metrics_handler_json.go:173	return gauge metric %s value %fRandomValue0.4908458140365596
        2025-12-03T05:38:25.069Z	DEBUG	middleware/sign_mw.go:47	sign ----------> aR+xitNsjQCwv9u4I5BbNK1KTKyP8OMZ+ghKcUnBzJY=
        2025/12/03 05:38:25 http: superfluous response.WriteHeader call from github.com/mrPTqp/metrics/internal/server/middleware.(*loggingResponseWriter).WriteHeader (logging_mw.go:30)
        2025-12-03T05:38:25.069Z	INFO	middleware/logging_mw.go:69	uri /value/ method POST duration 944.333µs status 200 size 82
        2025-12-03T05:38:25.170Z	DEBUG	middleware/gzip_mw.go:15	accept encoding value gzip
        2025-12-03T05:38:25.170Z	DEBUG	middleware/gzip_mw.go:17	supports gzip %!b(bool=true)
        2025-12-03T05:38:25.170Z	DEBUG	middleware/gzip_mw.go:19	try compress
        2025-12-03T05:38:25.170Z	INFO	service/base_metrics_service.go:44	Retrieved gauge: Alloc = 1341904.000000
        2025-12-03T05:38:25.171Z	INFO	handler/metrics_handler_json.go:173	return gauge metric %s value %fAlloc1.341904e+06
        2025-12-03T05:38:25.171Z	DEBUG	middleware/sign_mw.go:47	sign ----------> xTp24yQonkTNuRurmq+e9lqc43CO7Af5Xbz2lLHWgu8=
        2025/12/03 05:38:25 http: superfluous response.WriteHeader call from github.com/mrPTqp/metrics/internal/server/middleware.(*loggingResponseWriter).WriteHeader (logging_mw.go:30)
        2025-12-03T05:38:25.171Z	INFO	middleware/logging_mw.go:69	uri /value/ method POST duration 606.012µs status 200 size 70
        2025-12-03T05:38:25.271Z	DEBUG	middleware/gzip_mw.go:15	accept encoding value gzip
        2025-12-03T05:38:25.271Z	DEBUG	middleware/gzip_mw.go:17	supports gzip %!b(bool=true)
        2025-12-03T05:38:25.271Z	DEBUG	middleware/gzip_mw.go:19	try compress
        2025-12-03T05:38:25.272Z	INFO	service/base_metrics_service.go:44	Retrieved gauge: Frees = 70.000000
        2025-12-03T05:38:25.272Z	INFO	handler/metrics_handler_json.go:173	return gauge metric %s value %fFrees70
        2025-12-03T05:38:25.272Z	DEBUG	middleware/sign_mw.go:47	sign ----------> uJle0mAH8hU7VxS2Z0YjMgOQMs/8vSAdAgPkQGnpZS0=
        2025/12/03 05:38:25 http: superfluous response.WriteHeader call from github.com/mrPTqp/metrics/internal/server/middleware.(*loggingResponseWriter).WriteHeader (logging_mw.go:30)
        2025-12-03T05:38:25.272Z	INFO	middleware/logging_mw.go:69	uri /value/ method POST duration 544.782µs status 200 size 65
        2025-12-03T05:38:25.373Z	DEBUG	middleware/gzip_mw.go:15	accept encoding value gzip
        2025-12-03T05:38:25.373Z	DEBUG	middleware/gzip_mw.go:17	supports gzip %!b(bool=true)
        2025-12-03T05:38:25.373Z	DEBUG	middleware/gzip_mw.go:19	try compress
        2025-12-03T05:38:25.373Z	INFO	service/base_metrics_service.go:44	Retrieved gauge: HeapAlloc = 1341904.000000
        2025-12-03T05:38:25.373Z	INFO	handler/metrics_handler_json.go:173	return gauge metric %s value %fHeapAlloc1.341904e+06
        2025-12-03T05:38:25.373Z	DEBUG	middleware/sign_mw.go:47	sign ----------> wx/B5OVIzNdcl1PTB8RupD/YZjb4xHIQ+gYD/neHjA0=
        2025/12/03 05:38:25 http: superfluous response.WriteHeader call from github.com/mrPTqp/metrics/internal/server/middleware.(*loggingResponseWriter).WriteHeader (logging_mw.go:30)
        2025-12-03T05:38:25.373Z	INFO	middleware/logging_mw.go:69	uri /value/ method POST duration 711.55µs status 200 size 74
        2025-12-03T05:38:25.474Z	DEBUG	middleware/gzip_mw.go:15	accept encoding value gzip
        2025-12-03T05:38:25.474Z	DEBUG	middleware/gzip_mw.go:17	supports gzip %!b(bool=true)
        2025-12-03T05:38:25.474Z	DEBUG	middleware/gzip_mw.go:19	try compress
        2025-12-03T05:38:25.474Z	INFO	service/base_metrics_service.go:44	Retrieved gauge: HeapIdle = 1875968.000000
        2025-12-03T05:38:25.474Z	INFO	handler/metrics_handler_json.go:173	return gauge metric %s value %fHeapIdle1.875968e+06
        2025-12-03T05:38:25.474Z	DEBUG	middleware/sign_mw.go:47	sign ----------> Z1RzU7z2hAlwykMhV5Cv1AkgFn5T7UZ+inlrkFzF5nI=
        2025/12/03 05:38:25 http: superfluous response.WriteHeader call from github.com/mrPTqp/metrics/internal/server/middleware.(*loggingResponseWriter).WriteHeader (logging_mw.go:30)
        2025-12-03T05:38:25.474Z	INFO	middleware/logging_mw.go:69	uri /value/ method POST duration 444.705µs status 200 size 71
        2025-12-03T05:38:25.575Z	DEBUG	middleware/gzip_mw.go:15	accept encoding value gzip
        2025-12-03T05:38:25.575Z	DEBUG	middleware/gzip_mw.go:17	supports gzip %!b(bool=true)
        2025-12-03T05:38:25.575Z	DEBUG	middleware/gzip_mw.go:19	try compress
        2025-12-03T05:38:25.575Z	INFO	service/base_metrics_service.go:44	Retrieved gauge: HeapInuse = 1990656.000000
        2025-12-03T05:38:25.575Z	INFO	handler/metrics_handler_json.go:173	return gauge metric %s value %fHeapInuse1.990656e+06
        2025-12-03T05:38:25.575Z	DEBUG	middleware/sign_mw.go:47	sign ----------> cU8/wHTRLepbt4LH+LCZ5XkJmXUJpIUOGzh7rgA9d2Q=
        2025/12/03 05:38:25 http: superfluous response.WriteHeader call from github.com/mrPTqp/metrics/internal/server/middleware.(*loggingResponseWriter).WriteHeader (logging_mw.go:30)
        2025-12-03T05:38:25.576Z	INFO	middleware/logging_mw.go:69	uri /value/ method POST duration 530.56µs status 200 size 72
        2025-12-03T05:38:25.676Z	DEBUG	middleware/gzip_mw.go:15	accept encoding value gzip
        2025-12-03T05:38:25.676Z	DEBUG	middleware/gzip_mw.go:17	supports gzip %!b(bool=true)
        2025-12-03T05:38:25.676Z	DEBUG	middleware/gzip_mw.go:19	try compress
        2025-12-03T05:38:25.676Z	INFO	service/base_metrics_service.go:44	Retrieved gauge: HeapObjects = 1293.000000
        2025-12-03T05:38:25.677Z	INFO	handler/metrics_handler_json.go:173	return gauge metric %s value %fHeapObjects1293
        2025-12-03T05:38:25.677Z	DEBUG	middleware/sign_mw.go:47	sign ----------> 4EiAMOd5555wTbRPIGsdfPtkh2q/jiN2Xu1xy12v5lo=
        2025/12/03 05:38:25 http: superfluous response.WriteHeader call from github.com/mrPTqp/metrics/internal/server/middleware.(*loggingResponseWriter).WriteHeader (logging_mw.go:30)
        2025-12-03T05:38:25.677Z	INFO	middleware/logging_mw.go:69	uri /value/ method POST duration 800.321µs status 200 size 73
        2025-12-03T05:38:25.778Z	DEBUG	middleware/gzip_mw.go:15	accept encoding value gzip
        2025-12-03T05:38:25.778Z	DEBUG	middleware/gzip_mw.go:17	supports gzip %!b(bool=true)
        2025-12-03T05:38:25.778Z	DEBUG	middleware/gzip_mw.go:19	try compress
        2025-12-03T05:38:25.778Z	INFO	service/base_metrics_service.go:44	Retrieved gauge: Mallocs = 1363.000000
        2025-12-03T05:38:25.778Z	INFO	handler/metrics_handler_json.go:173	return gauge metric %s value %fMallocs1363
        2025-12-03T05:38:25.778Z	DEBUG	middleware/sign_mw.go:47	sign ----------> 3Lne+qLyIgpBLs4GXy1i+B6Sl24zNsQS8XvcuW9Tazg=
        2025/12/03 05:38:25 http: superfluous response.WriteHeader call from github.com/mrPTqp/metrics/internal/server/middleware.(*loggingResponseWriter).WriteHeader (logging_mw.go:30)
        2025-12-03T05:38:25.778Z	INFO	middleware/logging_mw.go:69	uri /value/ method POST duration 578.795µs status 200 size 69
        2025-12-03T05:38:25.879Z	DEBUG	middleware/gzip_mw.go:15	accept encoding value gzip
        2025-12-03T05:38:25.879Z	DEBUG	middleware/gzip_mw.go:17	supports gzip %!b(bool=true)
        2025-12-03T05:38:25.879Z	DEBUG	middleware/gzip_mw.go:19	try compress
        2025-12-03T05:38:25.879Z	INFO	service/base_metrics_service.go:44	Retrieved gauge: TotalAlloc = 1341904.000000
        2025-12-03T05:38:25.879Z	INFO	handler/metrics_handler_json.go:173	return gauge metric %s value %fTotalAlloc1.341904e+06
        2025-12-03T05:38:25.879Z	DEBUG	middleware/sign_mw.go:47	sign ----------> v+tB4NqhJyc/zpyPLLM5KoZjQ7QBs3Uz6XRrHwQlmdM=
        2025/12/03 05:38:25 http: superfluous response.WriteHeader call from github.com/mrPTqp/metrics/internal/server/middleware.(*loggingResponseWriter).WriteHeader (logging_mw.go:30)
        2025-12-03T05:38:25.879Z	INFO	middleware/logging_mw.go:69	uri /value/ method POST duration 527.573µs status 200 size 75
        2025-12-03T05:38:25.980Z	DEBUG	middleware/gzip_mw.go:15	accept encoding value gzip
        2025-12-03T05:38:25.980Z	DEBUG	middleware/gzip_mw.go:17	supports gzip %!b(bool=true)
        2025-12-03T05:38:25.980Z	DEBUG	middleware/gzip_mw.go:19	try compress
        2025-12-03T05:38:25.981Z	INFO	service/base_metrics_service.go:53	Retrieved counter: PollCount = 474
        2025-12-03T05:38:25.981Z	INFO	handler/metrics_handler_json.go:190	return counter metric %s value %dPollCount474
        2025-12-03T05:38:25.981Z	DEBUG	middleware/sign_mw.go:47	sign ----------> hW+1wI0R/x66EOYRdIergjJLWdGUqPBrKnM6zz5Qr0g=
        2025/12/03 05:38:25 http: superfluous response.WriteHeader call from github.com/mrPTqp/metrics/internal/server/middleware.(*loggingResponseWriter).WriteHeader (logging_mw.go:30)
        2025-12-03T05:38:25.981Z	INFO	middleware/logging_mw.go:69	uri /value/ method POST duration 1.028696ms status 200 size 70
        2025-12-03T05:38:26.082Z	DEBUG	middleware/gzip_mw.go:15	accept encoding value gzip
        2025-12-03T05:38:26.082Z	DEBUG	middleware/gzip_mw.go:17	supports gzip %!b(bool=true)
        2025-12-03T05:38:26.082Z	DEBUG	middleware/gzip_mw.go:19	try compress
        2025-12-03T05:38:26.082Z	INFO	service/base_metrics_service.go:44	Retrieved gauge: RandomValue = 0.490846
        2025-12-03T05:38:26.083Z	INFO	handler/metrics_handler_json.go:173	return gauge metric %s value %fRandomValue0.4908458140365596
        2025-12-03T05:38:26.083Z	DEBUG	middleware/sign_mw.go:47	sign ----------> aR+xitNsjQCwv9u4I5BbNK1KTKyP8OMZ+ghKcUnBzJY=
        2025/12/03 05:38:26 http: superfluous response.WriteHeader call from github.com/mrPTqp/metrics/internal/server/middleware.(*loggingResponseWriter).WriteHeader (logging_mw.go:30)
        2025-12-03T05:38:26.083Z	INFO	middleware/logging_mw.go:69	uri /value/ method POST duration 659.326µs status 200 size 82
        2025-12-03T05:38:26.183Z	DEBUG	middleware/gzip_mw.go:15	accept encoding value gzip
        2025-12-03T05:38:26.183Z	DEBUG	middleware/gzip_mw.go:17	supports gzip %!b(bool=true)
        2025-12-03T05:38:26.183Z	DEBUG	middleware/gzip_mw.go:19	try compress
        2025-12-03T05:38:26.184Z	INFO	service/base_metrics_service.go:44	Retrieved gauge: Alloc = 1341904.000000
        2025-12-03T05:38:26.184Z	INFO	handler/metrics_handler_json.go:173	return gauge metric %s value %fAlloc1.341904e+06
        2025-12-03T05:38:26.184Z	DEBUG	middleware/sign_mw.go:47	sign ----------> xTp24yQonkTNuRurmq+e9lqc43CO7Af5Xbz2lLHWgu8=
        2025/12/03 05:38:26 http: superfluous response.WriteHeader call from github.com/mrPTqp/metrics/internal/server/middleware.(*loggingResponseWriter).WriteHeader (logging_mw.go:30)
        2025-12-03T05:38:26.184Z	INFO	middleware/logging_mw.go:69	uri /value/ method POST duration 639.112µs status 200 size 70
        2025-12-03T05:38:26.285Z	DEBUG	middleware/gzip_mw.go:15	accept encoding value gzip
        2025-12-03T05:38:26.285Z	DEBUG	middleware/gzip_mw.go:17	supports gzip %!b(bool=true)
        2025-12-03T05:38:26.285Z	DEBUG	middleware/gzip_mw.go:19	try compress
        2025-12-03T05:38:26.285Z	INFO	service/base_metrics_service.go:44	Retrieved gauge: Frees = 70.000000
        2025-12-03T05:38:26.286Z	INFO	handler/metrics_handler_json.go:173	return gauge metric %s value %fFrees70
        2025-12-03T05:38:26.286Z	DEBUG	middleware/sign_mw.go:47	sign ----------> uJle0mAH8hU7VxS2Z0YjMgOQMs/8vSAdAgPkQGnpZS0=
        2025/12/03 05:38:26 http: superfluous response.WriteHeader call from github.com/mrPTqp/metrics/internal/server/middleware.(*loggingResponseWriter).WriteHeader (logging_mw.go:30)
        2025-12-03T05:38:26.286Z	INFO	middleware/logging_mw.go:69	uri /value/ method POST duration 900.362µs status 200 size 65
        2025-12-03T05:38:26.386Z	DEBUG	middleware/gzip_mw.go:15	accept encoding value gzip
        2025-12-03T05:38:26.387Z	DEBUG	middleware/gzip_mw.go:17	supports gzip %!b(bool=true)
        2025-12-03T05:38:26.387Z	DEBUG	middleware/gzip_mw.go:19	try compress
        2025-12-03T05:38:26.387Z	INFO	service/base_metrics_service.go:44	Retrieved gauge: HeapAlloc = 1341904.000000
        2025-12-03T05:38:26.387Z	INFO	handler/metrics_handler_json.go:173	return gauge metric %s value %fHeapAlloc1.341904e+06
        2025-12-03T05:38:26.387Z	DEBUG	middleware/sign_mw.go:47	sign ----------> wx/B5OVIzNdcl1PTB8RupD/YZjb4xHIQ+gYD/neHjA0=
        2025/12/03 05:38:26 http: superfluous response.WriteHeader call from github.com/mrPTqp/metrics/internal/server/middleware.(*loggingResponseWriter).WriteHeader (logging_mw.go:30)
        2025-12-03T05:38:26.387Z	INFO	middleware/logging_mw.go:69	uri /value/ method POST duration 505.553µs status 200 size 74
        2025-12-03T05:38:26.488Z	DEBUG	middleware/gzip_mw.go:15	accept encoding value gzip
        2025-12-03T05:38:26.488Z	DEBUG	middleware/gzip_mw.go:17	supports gzip %!b(bool=true)
        2025-12-03T05:38:26.488Z	DEBUG	middleware/gzip_mw.go:19	try compress
        2025-12-03T05:38:26.488Z	INFO	service/base_metrics_service.go:44	Retrieved gauge: HeapIdle = 1875968.000000
        2025-12-03T05:38:26.488Z	INFO	handler/metrics_handler_json.go:173	return gauge metric %s value %fHeapIdle1.875968e+06
        2025-12-03T05:38:26.488Z	DEBUG	middleware/sign_mw.go:47	sign ----------> Z1RzU7z2hAlwykMhV5Cv1AkgFn5T7UZ+inlrkFzF5nI=
        2025/12/03 05:38:26 http: superfluous response.WriteHeader call from github.com/mrPTqp/metrics/internal/server/middleware.(*loggingResponseWriter).WriteHeader (logging_mw.go:30)
        2025-12-03T05:38:26.488Z	INFO	middleware/logging_mw.go:69	uri /value/ method POST duration 551.836µs status 200 size 71
        2025-12-03T05:38:26.589Z	DEBUG	middleware/gzip_mw.go:15	accept encoding value gzip
        2025-12-03T05:38:26.589Z	DEBUG	middleware/gzip_mw.go:17	supports gzip %!b(bool=true)
        2025-12-03T05:38:26.589Z	DEBUG	middleware/gzip_mw.go:19	try compress
        2025-12-03T05:38:26.590Z	INFO	service/base_metrics_service.go:44	Retrieved gauge: HeapInuse = 1990656.000000
        2025-12-03T05:38:26.590Z	INFO	handler/metrics_handler_json.go:173	return gauge metric %s value %fHeapInuse1.990656e+06
        2025-12-03T05:38:26.590Z	DEBUG	middleware/sign_mw.go:47	sign ----------> cU8/wHTRLepbt4LH+LCZ5XkJmXUJpIUOGzh7rgA9d2Q=
        2025/12/03 05:38:26 http: superfluous response.WriteHeader call from github.com/mrPTqp/metrics/internal/server/middleware.(*loggingResponseWriter).WriteHeader (logging_mw.go:30)
        2025-12-03T05:38:26.590Z	INFO	middleware/logging_mw.go:69	uri /value/ method POST duration 1.018193ms status 200 size 72
        2025-12-03T05:38:26.691Z	DEBUG	middleware/gzip_mw.go:15	accept encoding value gzip
        2025-12-03T05:38:26.691Z	DEBUG	middleware/gzip_mw.go:17	supports gzip %!b(bool=true)
        2025-12-03T05:38:26.691Z	DEBUG	middleware/gzip_mw.go:19	try compress
        2025-12-03T05:38:26.691Z	INFO	service/base_metrics_service.go:44	Retrieved gauge: HeapObjects = 1293.000000
        2025-12-03T05:38:26.691Z	INFO	handler/metrics_handler_json.go:173	return gauge metric %s value %fHeapObjects1293
        2025-12-03T05:38:26.691Z	DEBUG	middleware/sign_mw.go:47	sign ----------> 4EiAMOd5555wTbRPIGsdfPtkh2q/jiN2Xu1xy12v5lo=
        2025/12/03 05:38:26 http: superfluous response.WriteHeader call from github.com/mrPTqp/metrics/internal/server/middleware.(*loggingResponseWriter).WriteHeader (logging_mw.go:30)
        2025-12-03T05:38:26.691Z	INFO	middleware/logging_mw.go:69	uri /value/ method POST duration 559.043µs status 200 size 73
        2025-12-03T05:38:26.792Z	DEBUG	middleware/gzip_mw.go:15	accept encoding value gzip
        2025-12-03T05:38:26.792Z	DEBUG	middleware/gzip_mw.go:17	supports gzip %!b(bool=true)
        2025-12-03T05:38:26.792Z	DEBUG	middleware/gzip_mw.go:19	try compress
        2025-12-03T05:38:26.793Z	INFO	service/base_metrics_service.go:44	Retrieved gauge: Mallocs = 1363.000000
        2025-12-03T05:38:26.793Z	INFO	handler/metrics_handler_json.go:173	return gauge metric %s value %fMallocs1363
        2025-12-03T05:38:26.793Z	DEBUG	middleware/sign_mw.go:47	sign ----------> 3Lne+qLyIgpBLs4GXy1i+B6Sl24zNsQS8XvcuW9Tazg=
        2025/12/03 05:38:26 http: superfluous response.WriteHeader call from github.com/mrPTqp/metrics/internal/server/middleware.(*loggingResponseWriter).WriteHeader (logging_mw.go:30)
        2025-12-03T05:38:26.793Z	INFO	middleware/logging_mw.go:69	uri /value/ method POST duration 550.38µs status 200 size 69
        2025-12-03T05:38:26.894Z	DEBUG	middleware/gzip_mw.go:15	accept encoding value gzip
        2025-12-03T05:38:26.894Z	DEBUG	middleware/gzip_mw.go:17	supports gzip %!b(bool=true)
        2025-12-03T05:38:26.894Z	DEBUG	middleware/gzip_mw.go:19	try compress
        2025-12-03T05:38:26.894Z	INFO	service/base_metrics_service.go:44	Retrieved gauge: TotalAlloc = 1341904.000000
        2025-12-03T05:38:26.894Z	INFO	handler/metrics_handler_json.go:173	return gauge metric %s value %fTotalAlloc1.341904e+06
        2025-12-03T05:38:26.894Z	DEBUG	middleware/sign_mw.go:47	sign ----------> v+tB4NqhJyc/zpyPLLM5KoZjQ7QBs3Uz6XRrHwQlmdM=
        2025/12/03 05:38:26 http: superfluous response.WriteHeader call from github.com/mrPTqp/metrics/internal/server/middleware.(*loggingResponseWriter).WriteHeader (logging_mw.go:30)
        2025-12-03T05:38:26.894Z	INFO	middleware/logging_mw.go:69	uri /value/ method POST duration 856.952µs status 200 size 75
        2025-12-03T05:38:26.995Z	DEBUG	middleware/gzip_mw.go:15	accept encoding value gzip
        2025-12-03T05:38:26.995Z	DEBUG	middleware/gzip_mw.go:17	supports gzip %!b(bool=true)
        2025-12-03T05:38:26.995Z	DEBUG	middleware/gzip_mw.go:19	try compress
        2025-12-03T05:38:26.996Z	INFO	service/base_metrics_service.go:53	Retrieved counter: PollCount = 474
        2025-12-03T05:38:26.996Z	INFO	handler/metrics_handler_json.go:190	return counter metric %s value %dPollCount474
        2025-12-03T05:38:26.996Z	DEBUG	middleware/sign_mw.go:47	sign ----------> hW+1wI0R/x66EOYRdIergjJLWdGUqPBrKnM6zz5Qr0g=
        2025/12/03 05:38:26 http: superfluous response.WriteHeader call from github.com/mrPTqp/metrics/internal/server/middleware.(*loggingResponseWriter).WriteHeader (logging_mw.go:30)
        2025-12-03T05:38:26.996Z	INFO	middleware/logging_mw.go:69	uri /value/ method POST duration 567.643µs status 200 size 70
        2025-12-03T05:38:27.096Z	DEBUG	middleware/gzip_mw.go:15	accept encoding value gzip
        2025-12-03T05:38:27.096Z	DEBUG	middleware/gzip_mw.go:17	supports gzip %!b(bool=true)
        2025-12-03T05:38:27.096Z	DEBUG	middleware/gzip_mw.go:19	try compress
        2025-12-03T05:38:27.097Z	INFO	service/base_metrics_service.go:44	Retrieved gauge: RandomValue = 0.490846
        2025-12-03T05:38:27.097Z	INFO	handler/metrics_handler_json.go:173	return gauge metric %s value %fRandomValue0.4908458140365596
        2025-12-03T05:38:27.097Z	DEBUG	middleware/sign_mw.go:47	sign ----------> aR+xitNsjQCwv9u4I5BbNK1KTKyP8OMZ+ghKcUnBzJY=
        2025/12/03 05:38:27 http: superfluous response.WriteHeader call from github.com/mrPTqp/metrics/internal/server/middleware.(*loggingResponseWriter).WriteHeader (logging_mw.go:30)
        2025-12-03T05:38:27.097Z	INFO	middleware/logging_mw.go:69	uri /value/ method POST duration 491.651µs status 200 size 82
        2025-12-03T05:38:27.198Z	DEBUG	middleware/gzip_mw.go:15	accept encoding value gzip
        2025-12-03T05:38:27.198Z	DEBUG	middleware/gzip_mw.go:17	supports gzip %!b(bool=true)
        2025-12-03T05:38:27.198Z	DEBUG	middleware/gzip_mw.go:19	try compress
        2025-12-03T05:38:27.198Z	INFO	service/base_metrics_service.go:44	Retrieved gauge: Alloc = 1341904.000000
        2025-12-03T05:38:27.198Z	INFO	handler/metrics_handler_json.go:173	return gauge metric %s value %fAlloc1.341904e+06
        2025-12-03T05:38:27.199Z	DEBUG	middleware/sign_mw.go:47	sign ----------> xTp24yQonkTNuRurmq+e9lqc43CO7Af5Xbz2lLHWgu8=
        2025/12/03 05:38:27 http: superfluous response.WriteHeader call from github.com/mrPTqp/metrics/internal/server/middleware.(*loggingResponseWriter).WriteHeader (logging_mw.go:30)
        2025-12-03T05:38:27.199Z	INFO	middleware/logging_mw.go:69	uri /value/ method POST duration 1.025236ms status 200 size 70
        2025-12-03T05:38:27.299Z	DEBUG	middleware/gzip_mw.go:15	accept encoding value gzip
        2025-12-03T05:38:27.299Z	DEBUG	middleware/gzip_mw.go:17	supports gzip %!b(bool=true)
        2025-12-03T05:38:27.299Z	DEBUG	middleware/gzip_mw.go:19	try compress
        2025-12-03T05:38:27.300Z	INFO	service/base_metrics_service.go:44	Retrieved gauge: Frees = 70.000000
        2025-12-03T05:38:27.300Z	INFO	handler/metrics_handler_json.go:173	return gauge metric %s value %fFrees70
        2025-12-03T05:38:27.300Z	DEBUG	middleware/sign_mw.go:47	sign ----------> uJle0mAH8hU7VxS2Z0YjMgOQMs/8vSAdAgPkQGnpZS0=
        2025/12/03 05:38:27 http: superfluous response.WriteHeader call from github.com/mrPTqp/metrics/internal/server/middleware.(*loggingResponseWriter).WriteHeader (logging_mw.go:30)
        2025-12-03T05:38:27.300Z	INFO	middleware/logging_mw.go:69	uri /value/ method POST duration 623.8µs status 200 size 65
        2025-12-03T05:38:27.401Z	DEBUG	middleware/gzip_mw.go:15	accept encoding value gzip
        2025-12-03T05:38:27.401Z	DEBUG	middleware/gzip_mw.go:17	supports gzip %!b(bool=true)
        2025-12-03T05:38:27.401Z	DEBUG	middleware/gzip_mw.go:19	try compress
        2025-12-03T05:38:27.401Z	INFO	service/base_metrics_service.go:44	Retrieved gauge: HeapAlloc = 1341904.000000
        2025-12-03T05:38:27.401Z	INFO	handler/metrics_handler_json.go:173	return gauge metric %s value %fHeapAlloc1.341904e+06
        2025-12-03T05:38:27.401Z	DEBUG	middleware/sign_mw.go:47	sign ----------> wx/B5OVIzNdcl1PTB8RupD/YZjb4xHIQ+gYD/neHjA0=
        2025/12/03 05:38:27 http: superfluous response.WriteHeader call from github.com/mrPTqp/metrics/internal/server/middleware.(*loggingResponseWriter).WriteHeader (logging_mw.go:30)
        2025-12-03T05:38:27.401Z	INFO	middleware/logging_mw.go:69	uri /value/ method POST duration 587.936µs status 200 size 74
        2025-12-03T05:38:27.502Z	DEBUG	middleware/gzip_mw.go:15	accept encoding value gzip
        2025-12-03T05:38:27.502Z	DEBUG	middleware/gzip_mw.go:17	supports gzip %!b(bool=true)
        2025-12-03T05:38:27.502Z	DEBUG	middleware/gzip_mw.go:19	try compress
        2025-12-03T05:38:27.502Z	INFO	service/base_metrics_service.go:44	Retrieved gauge: HeapIdle = 1875968.000000
        2025-12-03T05:38:27.503Z	INFO	handler/metrics_handler_json.go:173	return gauge metric %s value %fHeapIdle1.875968e+06
        2025-12-03T05:38:27.503Z	DEBUG	middleware/sign_mw.go:47	sign ----------> Z1RzU7z2hAlwykMhV5Cv1AkgFn5T7UZ+inlrkFzF5nI=
        2025/12/03 05:38:27 http: superfluous response.WriteHeader call from github.com/mrPTqp/metrics/internal/server/middleware.(*loggingResponseWriter).WriteHeader (logging_mw.go:30)
        2025-12-03T05:38:27.503Z	INFO	middleware/logging_mw.go:69	uri /value/ method POST duration 878.988µs status 200 size 71
        2025-12-03T05:38:27.604Z	DEBUG	middleware/gzip_mw.go:15	accept encoding value gzip
        2025-12-03T05:38:27.604Z	DEBUG	middleware/gzip_mw.go:17	supports gzip %!b(bool=true)
        2025-12-03T05:38:27.604Z	DEBUG	middleware/gzip_mw.go:19	try compress
        2025-12-03T05:38:27.604Z	INFO	service/base_metrics_service.go:44	Retrieved gauge: HeapInuse = 1990656.000000
        2025-12-03T05:38:27.604Z	INFO	handler/metrics_handler_json.go:173	return gauge metric %s value %fHeapInuse1.990656e+06
        2025-12-03T05:38:27.604Z	DEBUG	middleware/sign_mw.go:47	sign ----------> cU8/wHTRLepbt4LH+LCZ5XkJmXUJpIUOGzh7rgA9d2Q=
        2025/12/03 05:38:27 http: superfluous response.WriteHeader call from github.com/mrPTqp/metrics/internal/server/middleware.(*loggingResponseWriter).WriteHeader (logging_mw.go:30)
        2025-12-03T05:38:27.604Z	INFO	middleware/logging_mw.go:69	uri /value/ method POST duration 518.184µs status 200 size 72
        2025-12-03T05:38:27.705Z	DEBUG	middleware/gzip_mw.go:15	accept encoding value gzip
        2025-12-03T05:38:27.705Z	DEBUG	middleware/gzip_mw.go:17	supports gzip %!b(bool=true)
        2025-12-03T05:38:27.705Z	DEBUG	middleware/gzip_mw.go:19	try compress
        2025-12-03T05:38:27.705Z	INFO	service/base_metrics_service.go:44	Retrieved gauge: HeapObjects = 1293.000000
        2025-12-03T05:38:27.705Z	INFO	handler/metrics_handler_json.go:173	return gauge metric %s value %fHeapObjects1293
        2025-12-03T05:38:27.705Z	DEBUG	middleware/sign_mw.go:47	sign ----------> 4EiAMOd5555wTbRPIGsdfPtkh2q/jiN2Xu1xy12v5lo=
        2025/12/03 05:38:27 http: superfluous response.WriteHeader call from github.com/mrPTqp/metrics/internal/server/middleware.(*loggingResponseWriter).WriteHeader (logging_mw.go:30)
        2025-12-03T05:38:27.705Z	INFO	middleware/logging_mw.go:69	uri /value/ method POST duration 509.437µs status 200 size 73
        2025-12-03T05:38:27.806Z	DEBUG	middleware/gzip_mw.go:15	accept encoding value gzip
        2025-12-03T05:38:27.806Z	DEBUG	middleware/gzip_mw.go:17	supports gzip %!b(bool=true)
        2025-12-03T05:38:27.806Z	DEBUG	middleware/gzip_mw.go:19	try compress
        2025-12-03T05:38:27.806Z	INFO	service/base_metrics_service.go:44	Retrieved gauge: Mallocs = 1363.000000
        2025-12-03T05:38:27.807Z	INFO	handler/metrics_handler_json.go:173	return gauge metric %s value %fMallocs1363
        2025-12-03T05:38:27.807Z	DEBUG	middleware/sign_mw.go:47	sign ----------> 3Lne+qLyIgpBLs4GXy1i+B6Sl24zNsQS8XvcuW9Tazg=
        2025/12/03 05:38:27 http: superfluous response.WriteHeader call from github.com/mrPTqp/metrics/internal/server/middleware.(*loggingResponseWriter).WriteHeader (logging_mw.go:30)
        2025-12-03T05:38:27.807Z	INFO	middleware/logging_mw.go:69	uri /value/ method POST duration 925.018µs status 200 size 69
        2025-12-03T05:38:27.908Z	DEBUG	middleware/gzip_mw.go:15	accept encoding value gzip
        2025-12-03T05:38:27.908Z	DEBUG	middleware/gzip_mw.go:17	supports gzip %!b(bool=true)
        2025-12-03T05:38:27.908Z	DEBUG	middleware/gzip_mw.go:19	try compress
        2025-12-03T05:38:27.908Z	INFO	service/base_metrics_service.go:44	Retrieved gauge: TotalAlloc = 1341904.000000
        2025-12-03T05:38:27.908Z	INFO	handler/metrics_handler_json.go:173	return gauge metric %s value %fTotalAlloc1.341904e+06
        2025-12-03T05:38:27.908Z	DEBUG	middleware/sign_mw.go:47	sign ----------> v+tB4NqhJyc/zpyPLLM5KoZjQ7QBs3Uz6XRrHwQlmdM=
        2025/12/03 05:38:27 http: superfluous response.WriteHeader call from github.com/mrPTqp/metrics/internal/server/middleware.(*loggingResponseWriter).WriteHeader (logging_mw.go:30)
        2025-12-03T05:38:27.908Z	INFO	middleware/logging_mw.go:69	uri /value/ method POST duration 592.817µs status 200 size 75
        2025-12-03T05:38:28.009Z	DEBUG	middleware/gzip_mw.go:15	accept encoding value gzip
        2025-12-03T05:38:28.009Z	DEBUG	middleware/gzip_mw.go:17	supports gzip %!b(bool=true)
        2025-12-03T05:38:28.009Z	DEBUG	middleware/gzip_mw.go:19	try compress
        2025-12-03T05:38:28.009Z	INFO	service/base_metrics_service.go:53	Retrieved counter: PollCount = 474
        2025-12-03T05:38:28.010Z	INFO	handler/metrics_handler_json.go:190	return counter metric %s value %dPollCount474
        2025-12-03T05:38:28.010Z	DEBUG	middleware/sign_mw.go:47	sign ----------> hW+1wI0R/x66EOYRdIergjJLWdGUqPBrKnM6zz5Qr0g=
        2025/12/03 05:38:28 http: superfluous response.WriteHeader call from github.com/mrPTqp/metrics/internal/server/middleware.(*loggingResponseWriter).WriteHeader (logging_mw.go:30)
        2025-12-03T05:38:28.010Z	INFO	middleware/logging_mw.go:69	uri /value/ method POST duration 677.856µs status 200 size 70
        2025-12-03T05:38:28.110Z	DEBUG	middleware/gzip_mw.go:15	accept encoding value gzip
        2025-12-03T05:38:28.110Z	DEBUG	middleware/gzip_mw.go:17	supports gzip %!b(bool=true)
        2025-12-03T05:38:28.110Z	DEBUG	middleware/gzip_mw.go:19	try compress
        2025-12-03T05:38:28.111Z	INFO	service/base_metrics_service.go:44	Retrieved gauge: RandomValue = 0.490846
        2025-12-03T05:38:28.111Z	INFO	handler/metrics_handler_json.go:173	return gauge metric %s value %fRandomValue0.4908458140365596
        2025-12-03T05:38:28.111Z	DEBUG	middleware/sign_mw.go:47	sign ----------> aR+xitNsjQCwv9u4I5BbNK1KTKyP8OMZ+ghKcUnBzJY=
        2025/12/03 05:38:28 http: superfluous response.WriteHeader call from github.com/mrPTqp/metrics/internal/server/middleware.(*loggingResponseWriter).WriteHeader (logging_mw.go:30)
        2025-12-03T05:38:28.111Z	INFO	middleware/logging_mw.go:69	uri /value/ method POST duration 923.304µs status 200 size 82
        2025-12-03T05:38:28.212Z	DEBUG	middleware/gzip_mw.go:15	accept encoding value gzip
        2025-12-03T05:38:28.212Z	DEBUG	middleware/gzip_mw.go:17	supports gzip %!b(bool=true)
        2025-12-03T05:38:28.212Z	DEBUG	middleware/gzip_mw.go:19	try compress
        2025-12-03T05:38:28.212Z	INFO	service/base_metrics_service.go:44	Retrieved gauge: Alloc = 1341904.000000
        2025-12-03T05:38:28.212Z	INFO	handler/metrics_handler_json.go:173	return gauge metric %s value %fAlloc1.341904e+06
        2025-12-03T05:38:28.213Z	DEBUG	middleware/sign_mw.go:47	sign ----------> xTp24yQonkTNuRurmq+e9lqc43CO7Af5Xbz2lLHWgu8=
        2025/12/03 05:38:28 http: superfluous response.WriteHeader call from github.com/mrPTqp/metrics/internal/server/middleware.(*loggingResponseWriter).WriteHeader (logging_mw.go:30)
        2025-12-03T05:38:28.213Z	INFO	middleware/logging_mw.go:69	uri /value/ method POST duration 610.044µs status 200 size 70
        2025-12-03T05:38:28.313Z	DEBUG	middleware/gzip_mw.go:15	accept encoding value gzip
        2025-12-03T05:38:28.313Z	DEBUG	middleware/gzip_mw.go:17	supports gzip %!b(bool=true)
        2025-12-03T05:38:28.313Z	DEBUG	middleware/gzip_mw.go:19	try compress
        2025-12-03T05:38:28.314Z	INFO	service/base_metrics_service.go:44	Retrieved gauge: Frees = 70.000000
        2025-12-03T05:38:28.314Z	INFO	handler/metrics_handler_json.go:173	return gauge metric %s value %fFrees70
        2025-12-03T05:38:28.314Z	DEBUG	middleware/sign_mw.go:47	sign ----------> uJle0mAH8hU7VxS2Z0YjMgOQMs/8vSAdAgPkQGnpZS0=
        2025/12/03 05:38:28 http: superfluous response.WriteHeader call from github.com/mrPTqp/metrics/internal/server/middleware.(*loggingResponseWriter).WriteHeader (logging_mw.go:30)
        2025-12-03T05:38:28.314Z	INFO	middleware/logging_mw.go:69	uri /value/ method POST duration 500.965µs status 200 size 65
        2025-12-03T05:38:28.415Z	DEBUG	middleware/gzip_mw.go:15	accept encoding value gzip
        2025-12-03T05:38:28.415Z	DEBUG	middleware/gzip_mw.go:17	supports gzip %!b(bool=true)
        2025-12-03T05:38:28.415Z	DEBUG	middleware/gzip_mw.go:19	try compress
        2025-12-03T05:38:28.415Z	INFO	service/base_metrics_service.go:44	Retrieved gauge: HeapAlloc = 1341904.000000
        2025-12-03T05:38:28.415Z	INFO	handler/metrics_handler_json.go:173	return gauge metric %s value %fHeapAlloc1.341904e+06
        2025-12-03T05:38:28.415Z	DEBUG	middleware/sign_mw.go:47	sign ----------> wx/B5OVIzNdcl1PTB8RupD/YZjb4xHIQ+gYD/neHjA0=
        2025/12/03 05:38:28 http: superfluous response.WriteHeader call from github.com/mrPTqp/metrics/internal/server/middleware.(*loggingResponseWriter).WriteHeader (logging_mw.go:30)
        2025-12-03T05:38:28.415Z	INFO	middleware/logging_mw.go:69	uri /value/ method POST duration 844.016µs status 200 size 74
        2025-12-03T05:38:28.516Z	DEBUG	middleware/gzip_mw.go:15	accept encoding value gzip
        2025-12-03T05:38:28.516Z	DEBUG	middleware/gzip_mw.go:17	supports gzip %!b(bool=true)
        2025-12-03T05:38:28.516Z	DEBUG	middleware/gzip_mw.go:19	try compress
        2025-12-03T05:38:28.516Z	INFO	service/base_metrics_service.go:44	Retrieved gauge: HeapIdle = 1875968.000000
        2025-12-03T05:38:28.517Z	INFO	handler/metrics_handler_json.go:173	return gauge metric %s value %fHeapIdle1.875968e+06
        2025-12-03T05:38:28.517Z	DEBUG	middleware/sign_mw.go:47	sign ----------> Z1RzU7z2hAlwykMhV5Cv1AkgFn5T7UZ+inlrkFzF5nI=
        2025/12/03 05:38:28 http: superfluous response.WriteHeader call from github.com/mrPTqp/metrics/internal/server/middleware.(*loggingResponseWriter).WriteHeader (logging_mw.go:30)
        2025-12-03T05:38:28.517Z	INFO	middleware/logging_mw.go:69	uri /value/ method POST duration 546.074µs status 200 size 71
        2025-12-03T05:38:28.617Z	DEBUG	middleware/gzip_mw.go:15	accept encoding value gzip
        2025-12-03T05:38:28.617Z	DEBUG	middleware/gzip_mw.go:17	supports gzip %!b(bool=true)
        2025-12-03T05:38:28.617Z	DEBUG	middleware/gzip_mw.go:19	try compress
        2025-12-03T05:38:28.618Z	INFO	service/base_metrics_service.go:44	Retrieved gauge: HeapInuse = 1990656.000000
        2025-12-03T05:38:28.618Z	INFO	handler/metrics_handler_json.go:173	return gauge metric %s value %fHeapInuse1.990656e+06
        2025-12-03T05:38:28.618Z	DEBUG	middleware/sign_mw.go:47	sign ----------> cU8/wHTRLepbt4LH+LCZ5XkJmXUJpIUOGzh7rgA9d2Q=
        2025/12/03 05:38:28 http: superfluous response.WriteHeader call from github.com/mrPTqp/metrics/internal/server/middleware.(*loggingResponseWriter).WriteHeader (logging_mw.go:30)
        2025-12-03T05:38:28.618Z	INFO	middleware/logging_mw.go:69	uri /value/ method POST duration 537.362µs status 200 size 72
        2025-12-03T05:38:28.719Z	DEBUG	middleware/gzip_mw.go:15	accept encoding value gzip
        2025-12-03T05:38:28.719Z	DEBUG	middleware/gzip_mw.go:17	supports gzip %!b(bool=true)
        2025-12-03T05:38:28.719Z	DEBUG	middleware/gzip_mw.go:19	try compress
        2025-12-03T05:38:28.719Z	INFO	service/base_metrics_service.go:44	Retrieved gauge: HeapObjects = 1293.000000
        2025-12-03T05:38:28.719Z	INFO	handler/metrics_handler_json.go:173	return gauge metric %s value %fHeapObjects1293
        2025-12-03T05:38:28.719Z	DEBUG	middleware/sign_mw.go:47	sign ----------> 4EiAMOd5555wTbRPIGsdfPtkh2q/jiN2Xu1xy12v5lo=
        2025/12/03 05:38:28 http: superfluous response.WriteHeader call from github.com/mrPTqp/metrics/internal/server/middleware.(*loggingResponseWriter).WriteHeader (logging_mw.go:30)
        2025-12-03T05:38:28.720Z	INFO	middleware/logging_mw.go:69	uri /value/ method POST duration 1.001082ms status 200 size 73
        2025-12-03T05:38:28.820Z	DEBUG	middleware/gzip_mw.go:15	accept encoding value gzip
        2025-12-03T05:38:28.820Z	DEBUG	middleware/gzip_mw.go:17	supports gzip %!b(bool=true)
        2025-12-03T05:38:28.820Z	DEBUG	middleware/gzip_mw.go:19	try compress
        2025-12-03T05:38:28.821Z	INFO	service/base_metrics_service.go:44	Retrieved gauge: Mallocs = 1363.000000
        2025-12-03T05:38:28.821Z	INFO	handler/metrics_handler_json.go:173	return gauge metric %s value %fMallocs1363
        2025-12-03T05:38:28.821Z	DEBUG	middleware/sign_mw.go:47	sign ----------> 3Lne+qLyIgpBLs4GXy1i+B6Sl24zNsQS8XvcuW9Tazg=
        2025/12/03 05:38:28 http: superfluous response.WriteHeader call from github.com/mrPTqp/metrics/internal/server/middleware.(*loggingResponseWriter).WriteHeader (logging_mw.go:30)
        2025-12-03T05:38:28.821Z	INFO	middleware/logging_mw.go:69	uri /value/ method POST duration 489.372µs status 200 size 69
        2025-12-03T05:38:28.921Z	DEBUG	middleware/gzip_mw.go:15	accept encoding value gzip
        2025-12-03T05:38:28.922Z	DEBUG	middleware/gzip_mw.go:17	supports gzip %!b(bool=true)
        2025-12-03T05:38:28.922Z	DEBUG	middleware/gzip_mw.go:19	try compress
        2025-12-03T05:38:28.922Z	INFO	service/base_metrics_service.go:44	Retrieved gauge: TotalAlloc = 1341904.000000
        2025-12-03T05:38:28.922Z	INFO	handler/metrics_handler_json.go:173	return gauge metric %s value %fTotalAlloc1.341904e+06
        2025-12-03T05:38:28.922Z	DEBUG	middleware/sign_mw.go:47	sign ----------> v+tB4NqhJyc/zpyPLLM5KoZjQ7QBs3Uz6XRrHwQlmdM=
        2025/12/03 05:38:28 http: superfluous response.WriteHeader call from github.com/mrPTqp/metrics/internal/server/middleware.(*loggingResponseWriter).WriteHeader (logging_mw.go:30)
        2025-12-03T05:38:28.922Z	INFO	middleware/logging_mw.go:69	uri /value/ method POST duration 533.082µs status 200 size 75
        2025-12-03T05:38:29.023Z	DEBUG	middleware/gzip_mw.go:15	accept encoding value gzip
        2025-12-03T05:38:29.023Z	DEBUG	middleware/gzip_mw.go:17	supports gzip %!b(bool=true)
        2025-12-03T05:38:29.023Z	DEBUG	middleware/gzip_mw.go:19	try compress
        2025-12-03T05:38:29.023Z	INFO	service/base_metrics_service.go:53	Retrieved counter: PollCount = 474
        2025-12-03T05:38:29.024Z	INFO	handler/metrics_handler_json.go:190	return counter metric %s value %dPollCount474
        2025-12-03T05:38:29.024Z	DEBUG	middleware/sign_mw.go:47	sign ----------> hW+1wI0R/x66EOYRdIergjJLWdGUqPBrKnM6zz5Qr0g=
        2025/12/03 05:38:29 http: superfluous response.WriteHeader call from github.com/mrPTqp/metrics/internal/server/middleware.(*loggingResponseWriter).WriteHeader (logging_mw.go:30)
        2025-12-03T05:38:29.024Z	INFO	middleware/logging_mw.go:69	uri /value/ method POST duration 959.843µs status 200 size 70
        2025-12-03T05:38:29.125Z	DEBUG	middleware/gzip_mw.go:15	accept encoding value gzip
        2025-12-03T05:38:29.125Z	DEBUG	middleware/gzip_mw.go:17	supports gzip %!b(bool=true)
        2025-12-03T05:38:29.125Z	DEBUG	middleware/gzip_mw.go:19	try compress
        2025-12-03T05:38:29.125Z	INFO	service/base_metrics_service.go:44	Retrieved gauge: RandomValue = 0.490846
        2025-12-03T05:38:29.125Z	INFO	handler/metrics_handler_json.go:173	return gauge metric %s value %fRandomValue0.4908458140365596
        2025-12-03T05:38:29.125Z	DEBUG	middleware/sign_mw.go:47	sign ----------> aR+xitNsjQCwv9u4I5BbNK1KTKyP8OMZ+ghKcUnBzJY=
        2025/12/03 05:38:29 http: superfluous response.WriteHeader call from github.com/mrPTqp/metrics/internal/server/middleware.(*loggingResponseWriter).WriteHeader (logging_mw.go:30)
        2025-12-03T05:38:29.125Z	INFO	middleware/logging_mw.go:69	uri /value/ method POST duration 591.295µs status 200 size 82
        2025-12-03T05:38:29.226Z	DEBUG	middleware/gzip_mw.go:15	accept encoding value gzip
        2025-12-03T05:38:29.226Z	DEBUG	middleware/gzip_mw.go:17	supports gzip %!b(bool=true)
        2025-12-03T05:38:29.226Z	DEBUG	middleware/gzip_mw.go:19	try compress
        2025-12-03T05:38:29.226Z	INFO	service/base_metrics_service.go:44	Retrieved gauge: Alloc = 1341904.000000
        2025-12-03T05:38:29.226Z	INFO	handler/metrics_handler_json.go:173	return gauge metric %s value %fAlloc1.341904e+06
        2025-12-03T05:38:29.226Z	DEBUG	middleware/sign_mw.go:47	sign ----------> xTp24yQonkTNuRurmq+e9lqc43CO7Af5Xbz2lLHWgu8=
        2025/12/03 05:38:29 http: superfluous response.WriteHeader call from github.com/mrPTqp/metrics/internal/server/middleware.(*loggingResponseWriter).WriteHeader (logging_mw.go:30)
        2025-12-03T05:38:29.226Z	INFO	middleware/logging_mw.go:69	uri /value/ method POST duration 529.303µs status 200 size 70
        2025-12-03T05:38:29.327Z	DEBUG	middleware/gzip_mw.go:15	accept encoding value gzip
        2025-12-03T05:38:29.327Z	DEBUG	middleware/gzip_mw.go:17	supports gzip %!b(bool=true)
        2025-12-03T05:38:29.327Z	DEBUG	middleware/gzip_mw.go:19	try compress
        2025-12-03T05:38:29.327Z	INFO	service/base_metrics_service.go:44	Retrieved gauge: Frees = 70.000000
        2025-12-03T05:38:29.328Z	INFO	handler/metrics_handler_json.go:173	return gauge metric %s value %fFrees70
        2025-12-03T05:38:29.328Z	DEBUG	middleware/sign_mw.go:47	sign ----------> uJle0mAH8hU7VxS2Z0YjMgOQMs/8vSAdAgPkQGnpZS0=
        2025/12/03 05:38:29 http: superfluous response.WriteHeader call from github.com/mrPTqp/metrics/internal/server/middleware.(*loggingResponseWriter).WriteHeader (logging_mw.go:30)
        2025-12-03T05:38:29.328Z	INFO	middleware/logging_mw.go:69	uri /value/ method POST duration 904.567µs status 200 size 65
        2025-12-03T05:38:29.429Z	DEBUG	middleware/gzip_mw.go:15	accept encoding value gzip
        2025-12-03T05:38:29.429Z	DEBUG	middleware/gzip_mw.go:17	supports gzip %!b(bool=true)
        2025-12-03T05:38:29.429Z	DEBUG	middleware/gzip_mw.go:19	try compress
        2025-12-03T05:38:29.429Z	INFO	service/base_metrics_service.go:44	Retrieved gauge: HeapAlloc = 1341904.000000
        2025-12-03T05:38:29.429Z	INFO	handler/metrics_handler_json.go:173	return gauge metric %s value %fHeapAlloc1.341904e+06
        2025-12-03T05:38:29.429Z	DEBUG	middleware/sign_mw.go:47	sign ----------> wx/B5OVIzNdcl1PTB8RupD/YZjb4xHIQ+gYD/neHjA0=
        2025/12/03 05:38:29 http: superfluous response.WriteHeader call from github.com/mrPTqp/metrics/internal/server/middleware.(*loggingResponseWriter).WriteHeader (logging_mw.go:30)
        2025-12-03T05:38:29.429Z	INFO	middleware/logging_mw.go:69	uri /value/ method POST duration 608.884µs status 200 size 74
        2025-12-03T05:38:29.530Z	DEBUG	middleware/gzip_mw.go:15	accept encoding value gzip
        2025-12-03T05:38:29.530Z	DEBUG	middleware/gzip_mw.go:17	supports gzip %!b(bool=true)
        2025-12-03T05:38:29.530Z	DEBUG	middleware/gzip_mw.go:19	try compress
        2025-12-03T05:38:29.530Z	INFO	service/base_metrics_service.go:44	Retrieved gauge: HeapIdle = 1875968.000000
        2025-12-03T05:38:29.530Z	INFO	handler/metrics_handler_json.go:173	return gauge metric %s value %fHeapIdle1.875968e+06
        2025-12-03T05:38:29.530Z	DEBUG	middleware/sign_mw.go:47	sign ----------> Z1RzU7z2hAlwykMhV5Cv1AkgFn5T7UZ+inlrkFzF5nI=
        2025/12/03 05:38:29 http: superfluous response.WriteHeader call from github.com/mrPTqp/metrics/internal/server/middleware.(*loggingResponseWriter).WriteHeader (logging_mw.go:30)
        2025-12-03T05:38:29.530Z	INFO	middleware/logging_mw.go:69	uri /value/ method POST duration 394.368µs status 200 size 71
        2025-12-03T05:38:29.631Z	DEBUG	middleware/gzip_mw.go:15	accept encoding value gzip
        2025-12-03T05:38:29.631Z	DEBUG	middleware/gzip_mw.go:17	supports gzip %!b(bool=true)
        2025-12-03T05:38:29.631Z	DEBUG	middleware/gzip_mw.go:19	try compress
        2025-12-03T05:38:29.631Z	INFO	service/base_metrics_service.go:44	Retrieved gauge: HeapInuse = 1990656.000000
        2025-12-03T05:38:29.632Z	INFO	handler/metrics_handler_json.go:173	return gauge metric %s value %fHeapInuse1.990656e+06
        2025-12-03T05:38:29.632Z	DEBUG	middleware/sign_mw.go:47	sign ----------> cU8/wHTRLepbt4LH+LCZ5XkJmXUJpIUOGzh7rgA9d2Q=
        2025/12/03 05:38:29 http: superfluous response.WriteHeader call from github.com/mrPTqp/metrics/internal/server/middleware.(*loggingResponseWriter).WriteHeader (logging_mw.go:30)
        2025-12-03T05:38:29.632Z	INFO	middleware/logging_mw.go:69	uri /value/ method POST duration 874.749µs status 200 size 72
        2025-12-03T05:38:29.733Z	DEBUG	middleware/gzip_mw.go:15	accept encoding value gzip
        2025-12-03T05:38:29.733Z	DEBUG	middleware/gzip_mw.go:17	supports gzip %!b(bool=true)
        2025-12-03T05:38:29.733Z	DEBUG	middleware/gzip_mw.go:19	try compress
        2025-12-03T05:38:29.733Z	INFO	service/base_metrics_service.go:44	Retrieved gauge: HeapObjects = 1293.000000
        2025-12-03T05:38:29.733Z	INFO	handler/metrics_handler_json.go:173	return gauge metric %s value %fHeapObjects1293
        2025-12-03T05:38:29.733Z	DEBUG	middleware/sign_mw.go:47	sign ----------> 4EiAMOd5555wTbRPIGsdfPtkh2q/jiN2Xu1xy12v5lo=
        2025/12/03 05:38:29 http: superfluous response.WriteHeader call from github.com/mrPTqp/metrics/internal/server/middleware.(*loggingResponseWriter).WriteHeader (logging_mw.go:30)
        2025-12-03T05:38:29.733Z	INFO	middleware/logging_mw.go:69	uri /value/ method POST duration 600.12µs status 200 size 73
        2025-12-03T05:38:29.834Z	DEBUG	middleware/gzip_mw.go:15	accept encoding value gzip
        2025-12-03T05:38:29.834Z	DEBUG	middleware/gzip_mw.go:17	supports gzip %!b(bool=true)
        2025-12-03T05:38:29.834Z	DEBUG	middleware/gzip_mw.go:19	try compress
        2025-12-03T05:38:29.834Z	INFO	service/base_metrics_service.go:44	Retrieved gauge: Mallocs = 1363.000000
        2025-12-03T05:38:29.834Z	INFO	handler/metrics_handler_json.go:173	return gauge metric %s value %fMallocs1363
        2025-12-03T05:38:29.834Z	DEBUG	middleware/sign_mw.go:47	sign ----------> 3Lne+qLyIgpBLs4GXy1i+B6Sl24zNsQS8XvcuW9Tazg=
        2025/12/03 05:38:29 http: superfluous response.WriteHeader call from github.com/mrPTqp/metrics/internal/server/middleware.(*loggingResponseWriter).WriteHeader (logging_mw.go:30)
        2025-12-03T05:38:29.834Z	INFO	middleware/logging_mw.go:69	uri /value/ method POST duration 557.669µs status 200 size 69
        2025-12-03T05:38:29.935Z	DEBUG	middleware/gzip_mw.go:15	accept encoding value gzip
        2025-12-03T05:38:29.935Z	DEBUG	middleware/gzip_mw.go:17	supports gzip %!b(bool=true)
        2025-12-03T05:38:29.935Z	DEBUG	middleware/gzip_mw.go:19	try compress
        2025-12-03T05:38:29.936Z	INFO	service/base_metrics_service.go:44	Retrieved gauge: TotalAlloc = 1341904.000000
        2025-12-03T05:38:29.936Z	INFO	handler/metrics_handler_json.go:173	return gauge metric %s value %fTotalAlloc1.341904e+06
        2025-12-03T05:38:29.936Z	DEBUG	middleware/sign_mw.go:47	sign ----------> v+tB4NqhJyc/zpyPLLM5KoZjQ7QBs3Uz6XRrHwQlmdM=
        2025/12/03 05:38:29 http: superfluous response.WriteHeader call from github.com/mrPTqp/metrics/internal/server/middleware.(*loggingResponseWriter).WriteHeader (logging_mw.go:30)
        2025-12-03T05:38:29.936Z	INFO	middleware/logging_mw.go:69	uri /value/ method POST duration 930.321µs status 200 size 75
        2025-12-03T05:38:30.037Z	DEBUG	middleware/gzip_mw.go:15	accept encoding value gzip
        2025-12-03T05:38:30.037Z	DEBUG	middleware/gzip_mw.go:17	supports gzip %!b(bool=true)
        2025-12-03T05:38:30.037Z	DEBUG	middleware/gzip_mw.go:19	try compress
        2025-12-03T05:38:30.037Z	INFO	service/base_metrics_service.go:53	Retrieved counter: PollCount = 474
        2025-12-03T05:38:30.037Z	INFO	handler/metrics_handler_json.go:190	return counter metric %s value %dPollCount474
        2025-12-03T05:38:30.037Z	DEBUG	middleware/sign_mw.go:47	sign ----------> hW+1wI0R/x66EOYRdIergjJLWdGUqPBrKnM6zz5Qr0g=
        2025/12/03 05:38:30 http: superfluous response.WriteHeader call from github.com/mrPTqp/metrics/internal/server/middleware.(*loggingResponseWriter).WriteHeader (logging_mw.go:30)
        2025-12-03T05:38:30.037Z	INFO	middleware/logging_mw.go:69	uri /value/ method POST duration 517.602µs status 200 size 70
        2025-12-03T05:38:30.138Z	DEBUG	middleware/gzip_mw.go:15	accept encoding value gzip
        2025-12-03T05:38:30.138Z	DEBUG	middleware/gzip_mw.go:17	supports gzip %!b(bool=true)
        2025-12-03T05:38:30.138Z	DEBUG	middleware/gzip_mw.go:19	try compress
        2025-12-03T05:38:30.138Z	INFO	service/base_metrics_service.go:44	Retrieved gauge: RandomValue = 0.490846
        2025-12-03T05:38:30.138Z	INFO	handler/metrics_handler_json.go:173	return gauge metric %s value %fRandomValue0.4908458140365596
        2025-12-03T05:38:30.138Z	DEBUG	middleware/sign_mw.go:47	sign ----------> aR+xitNsjQCwv9u4I5BbNK1KTKyP8OMZ+ghKcUnBzJY=
        2025/12/03 05:38:30 http: superfluous response.WriteHeader call from github.com/mrPTqp/metrics/internal/server/middleware.(*loggingResponseWriter).WriteHeader (logging_mw.go:30)
        2025-12-03T05:38:30.138Z	INFO	middleware/logging_mw.go:69	uri /value/ method POST duration 455.365µs status 200 size 82
        2025-12-03T05:38:30.239Z	DEBUG	middleware/gzip_mw.go:15	accept encoding value gzip
        2025-12-03T05:38:30.239Z	DEBUG	middleware/gzip_mw.go:17	supports gzip %!b(bool=true)
        2025-12-03T05:38:30.239Z	DEBUG	middleware/gzip_mw.go:19	try compress
        2025-12-03T05:38:30.239Z	INFO	service/base_metrics_service.go:44	Retrieved gauge: Alloc = 1341904.000000
        2025-12-03T05:38:30.240Z	INFO	handler/metrics_handler_json.go:173	return gauge metric %s value %fAlloc1.341904e+06
        2025-12-03T05:38:30.240Z	DEBUG	middleware/sign_mw.go:47	sign ----------> xTp24yQonkTNuRurmq+e9lqc43CO7Af5Xbz2lLHWgu8=
        2025/12/03 05:38:30 http: superfluous response.WriteHeader call from github.com/mrPTqp/metrics/internal/server/middleware.(*loggingResponseWriter).WriteHeader (logging_mw.go:30)
        2025-12-03T05:38:30.240Z	INFO	middleware/logging_mw.go:69	uri /value/ method POST duration 783.362µs status 200 size 70
        2025-12-03T05:38:30.340Z	DEBUG	middleware/gzip_mw.go:15	accept encoding value gzip
        2025-12-03T05:38:30.340Z	DEBUG	middleware/gzip_mw.go:17	supports gzip %!b(bool=true)
        2025-12-03T05:38:30.341Z	DEBUG	middleware/gzip_mw.go:19	try compress
        2025-12-03T05:38:30.341Z	INFO	service/base_metrics_service.go:44	Retrieved gauge: Frees = 70.000000
        2025-12-03T05:38:30.341Z	INFO	handler/metrics_handler_json.go:173	return gauge metric %s value %fFrees70
        2025-12-03T05:38:30.341Z	DEBUG	middleware/sign_mw.go:47	sign ----------> uJle0mAH8hU7VxS2Z0YjMgOQMs/8vSAdAgPkQGnpZS0=
        2025/12/03 05:38:30 http: superfluous response.WriteHeader call from github.com/mrPTqp/metrics/internal/server/middleware.(*loggingResponseWriter).WriteHeader (logging_mw.go:30)
        2025-12-03T05:38:30.341Z	INFO	middleware/logging_mw.go:69	uri /value/ method POST duration 369.097µs status 200 size 65
        2025-12-03T05:38:30.441Z	DEBUG	middleware/gzip_mw.go:15	accept encoding value gzip
        2025-12-03T05:38:30.441Z	DEBUG	middleware/gzip_mw.go:17	supports gzip %!b(bool=true)
        2025-12-03T05:38:30.441Z	DEBUG	middleware/gzip_mw.go:19	try compress
        2025-12-03T05:38:30.442Z	INFO	service/base_metrics_service.go:44	Retrieved gauge: HeapAlloc = 1341904.000000
        2025-12-03T05:38:30.442Z	INFO	handler/metrics_handler_json.go:173	return gauge metric %s value %fHeapAlloc1.341904e+06
        2025-12-03T05:38:30.442Z	DEBUG	middleware/sign_mw.go:47	sign ----------> wx/B5OVIzNdcl1PTB8RupD/YZjb4xHIQ+gYD/neHjA0=
        2025/12/03 05:38:30 http: superfluous response.WriteHeader call from github.com/mrPTqp/metrics/internal/server/middleware.(*loggingResponseWriter).WriteHeader (logging_mw.go:30)
        2025-12-03T05:38:30.442Z	INFO	middleware/logging_mw.go:69	uri /value/ method POST duration 381.128µs status 200 size 74
        2025-12-03T05:38:30.542Z	DEBUG	middleware/gzip_mw.go:15	accept encoding value gzip
        2025-12-03T05:38:30.542Z	DEBUG	middleware/gzip_mw.go:17	supports gzip %!b(bool=true)
        2025-12-03T05:38:30.542Z	DEBUG	middleware/gzip_mw.go:19	try compress
        2025-12-03T05:38:30.543Z	INFO	service/base_metrics_service.go:44	Retrieved gauge: HeapIdle = 1875968.000000
        2025-12-03T05:38:30.543Z	INFO	handler/metrics_handler_json.go:173	return gauge metric %s value %fHeapIdle1.875968e+06
        2025-12-03T05:38:30.543Z	DEBUG	middleware/sign_mw.go:47	sign ----------> Z1RzU7z2hAlwykMhV5Cv1AkgFn5T7UZ+inlrkFzF5nI=
        2025/12/03 05:38:30 http: superfluous response.WriteHeader call from github.com/mrPTqp/metrics/internal/server/middleware.(*loggingResponseWriter).WriteHeader (logging_mw.go:30)
        2025-12-03T05:38:30.543Z	INFO	middleware/logging_mw.go:69	uri /value/ method POST duration 675.011µs status 200 size 71
        2025-12-03T05:38:30.644Z	DEBUG	middleware/gzip_mw.go:15	accept encoding value gzip
        2025-12-03T05:38:30.644Z	DEBUG	middleware/gzip_mw.go:17	supports gzip %!b(bool=true)
        2025-12-03T05:38:30.644Z	DEBUG	middleware/gzip_mw.go:19	try compress
        2025-12-03T05:38:30.644Z	INFO	service/base_metrics_service.go:44	Retrieved gauge: HeapInuse = 1990656.000000
        2025-12-03T05:38:30.644Z	INFO	handler/metrics_handler_json.go:173	return gauge metric %s value %fHeapInuse1.990656e+06
        2025-12-03T05:38:30.644Z	DEBUG	middleware/sign_mw.go:47	sign ----------> cU8/wHTRLepbt4LH+LCZ5XkJmXUJpIUOGzh7rgA9d2Q=
        2025/12/03 05:38:30 http: superfluous response.WriteHeader call from github.com/mrPTqp/metrics/internal/server/middleware.(*loggingResponseWriter).WriteHeader (logging_mw.go:30)
        2025-12-03T05:38:30.644Z	INFO	middleware/logging_mw.go:69	uri /value/ method POST duration 390.894µs status 200 size 72
        2025-12-03T05:38:30.744Z	DEBUG	middleware/gzip_mw.go:15	accept encoding value gzip
        2025-12-03T05:38:30.744Z	DEBUG	middleware/gzip_mw.go:17	supports gzip %!b(bool=true)
        2025-12-03T05:38:30.744Z	DEBUG	middleware/gzip_mw.go:19	try compress
        2025-12-03T05:38:30.745Z	INFO	service/base_metrics_service.go:44	Retrieved gauge: HeapObjects = 1293.000000
        2025-12-03T05:38:30.745Z	INFO	handler/metrics_handler_json.go:173	return gauge metric %s value %fHeapObjects1293
        2025-12-03T05:38:30.745Z	DEBUG	middleware/sign_mw.go:47	sign ----------> 4EiAMOd5555wTbRPIGsdfPtkh2q/jiN2Xu1xy12v5lo=
        2025/12/03 05:38:30 http: superfluous response.WriteHeader call from github.com/mrPTqp/metrics/internal/server/middleware.(*loggingResponseWriter).WriteHeader (logging_mw.go:30)
        2025-12-03T05:38:30.745Z	INFO	middleware/logging_mw.go:69	uri /value/ method POST duration 365.611µs status 200 size 73
        2025-12-03T05:38:30.815Z	INFO	signer/signer.go:38	signature mismatch:
        expected: /ikfBqKSHzMJstMO7LzxshKQUeMlQfdbQUJpqgJaYPE=
        received: 64bBXBw5QX7Jf4IPU3BM3+T/Ndtyv2agCCAEWu4QoKc=
        2025-12-03T05:38:30.815Z	WARN	middleware/sign_mw.go:36	invalid signature in request
        main.main.func1.SignMiddleware.1
        	/__w/metrics/metrics/internal/server/middleware/sign_mw.go:36
        net/http.HandlerFunc.ServeHTTP
        	/usr/local/go/src/net/http/server.go:2294
        github.com/mrPTqp/metrics/internal/server/middleware.LoggingMiddleware.func1
        	/__w/metrics/metrics/internal/server/middleware/logging_mw.go:78
        net/http.HandlerFunc.ServeHTTP
        	/usr/local/go/src/net/http/server.go:2294
        github.com/go-chi/chi/v5.(*Mux).routeHTTP
        	/go/pkg/mod/github.com/go-chi/chi/v5@v5.2.3/mux.go:477
        net/http.HandlerFunc.ServeHTTP
        	/usr/local/go/src/net/http/server.go:2294
        github.com/go-chi/chi/v5.(*Mux).ServeHTTP
        	/go/pkg/mod/github.com/go-chi/chi/v5@v5.2.3/mux.go:73
        github.com/go-chi/chi/v5.(*Mux).Mount.func1
        	/go/pkg/mod/github.com/go-chi/chi/v5@v5.2.3/mux.go:321
        net/http.HandlerFunc.ServeHTTP
        	/usr/local/go/src/net/http/server.go:2294
        github.com/go-chi/chi/v5.(*Mux).routeHTTP
        	/go/pkg/mod/github.com/go-chi/chi/v5@v5.2.3/mux.go:477
        net/http.HandlerFunc.ServeHTTP
        	/usr/local/go/src/net/http/server.go:2294
        github.com/go-chi/chi/v5.(*Mux).ServeHTTP
        	/go/pkg/mod/github.com/go-chi/chi/v5@v5.2.3/mux.go:90
        net/http.serverHandler.ServeHTTP
        	/usr/local/go/src/net/http/server.go:3301
        net/http.(*conn).serve
        	/usr/local/go/src/net/http/server.go:2102
        2025-12-03T05:38:30.815Z	INFO	middleware/logging_mw.go:69	uri /updates method POST duration 103.524µs status 400 size 30
        2025-12-03T05:38:30.846Z	DEBUG	middleware/gzip_mw.go:15	accept encoding value gzip
        2025-12-03T05:38:30.846Z	DEBUG	middleware/gzip_mw.go:17	supports gzip %!b(bool=true)
        2025-12-03T05:38:30.846Z	DEBUG	middleware/gzip_mw.go:19	try compress
        2025-12-03T05:38:30.846Z	INFO	service/base_metrics_service.go:44	Retrieved gauge: Mallocs = 1363.000000
        2025-12-03T05:38:30.846Z	INFO	handler/metrics_handler_json.go:173	return gauge metric %s value %fMallocs1363
        2025-12-03T05:38:30.846Z	DEBUG	middleware/sign_mw.go:47	sign ----------> 3Lne+qLyIgpBLs4GXy1i+B6Sl24zNsQS8XvcuW9Tazg=
        2025/12/03 05:38:30 http: superfluous response.WriteHeader call from github.com/mrPTqp/metrics/internal/server/middleware.(*loggingResponseWriter).WriteHeader (logging_mw.go:30)
        2025-12-03T05:38:30.846Z	INFO	middleware/logging_mw.go:69	uri /value/ method POST duration 797.687µs status 200 size 69
        2025-12-03T05:38:30.947Z	DEBUG	middleware/gzip_mw.go:15	accept encoding value gzip
        2025-12-03T05:38:30.947Z	DEBUG	middleware/gzip_mw.go:17	supports gzip %!b(bool=true)
        2025-12-03T05:38:30.947Z	DEBUG	middleware/gzip_mw.go:19	try compress
        2025-12-03T05:38:30.947Z	INFO	service/base_metrics_service.go:44	Retrieved gauge: TotalAlloc = 1341904.000000
        2025-12-03T05:38:30.947Z	INFO	handler/metrics_handler_json.go:173	return gauge metric %s value %fTotalAlloc1.341904e+06
        2025-12-03T05:38:30.947Z	DEBUG	middleware/sign_mw.go:47	sign ----------> v+tB4NqhJyc/zpyPLLM5KoZjQ7QBs3Uz6XRrHwQlmdM=
        2025/12/03 05:38:30 http: superfluous response.WriteHeader call from github.com/mrPTqp/metrics/internal/server/middleware.(*loggingResponseWriter).WriteHeader (logging_mw.go:30)
        2025-12-03T05:38:30.947Z	INFO	middleware/logging_mw.go:69	uri /value/ method POST duration 404.547µs status 200 size 75
        2025-12-03T05:38:31.048Z	DEBUG	middleware/gzip_mw.go:15	accept encoding value gzip
        2025-12-03T05:38:31.048Z	DEBUG	middleware/gzip_mw.go:17	supports gzip %!b(bool=true)
        2025-12-03T05:38:31.048Z	DEBUG	middleware/gzip_mw.go:19	try compress
        2025-12-03T05:38:31.048Z	INFO	service/base_metrics_service.go:53	Retrieved counter: PollCount = 474
        2025-12-03T05:38:31.048Z	INFO	handler/metrics_handler_json.go:190	return counter metric %s value %dPollCount474
        2025-12-03T05:38:31.049Z	DEBUG	middleware/sign_mw.go:47	sign ----------> hW+1wI0R/x66EOYRdIergjJLWdGUqPBrKnM6zz5Qr0g=
        2025/12/03 05:38:31 http: superfluous response.WriteHeader call from github.com/mrPTqp/metrics/internal/server/middleware.(*loggingResponseWriter).WriteHeader (logging_mw.go:30)
        2025-12-03T05:38:31.049Z	INFO	middleware/logging_mw.go:69	uri /value/ method POST duration 506.795µs status 200 size 70
        2025-12-03T05:38:31.149Z	DEBUG	middleware/gzip_mw.go:15	accept encoding value gzip
        2025-12-03T05:38:31.149Z	DEBUG	middleware/gzip_mw.go:17	supports gzip %!b(bool=true)
        2025-12-03T05:38:31.149Z	DEBUG	middleware/gzip_mw.go:19	try compress
        2025-12-03T05:38:31.149Z	INFO	service/base_metrics_service.go:44	Retrieved gauge: RandomValue = 0.490846
        2025-12-03T05:38:31.150Z	INFO	handler/metrics_handler_json.go:173	return gauge metric %s value %fRandomValue0.4908458140365596
        2025-12-03T05:38:31.150Z	DEBUG	middleware/sign_mw.go:47	sign ----------> aR+xitNsjQCwv9u4I5BbNK1KTKyP8OMZ+ghKcUnBzJY=
        2025/12/03 05:38:31 http: superfluous response.WriteHeader call from github.com/mrPTqp/metrics/internal/server/middleware.(*loggingResponseWriter).WriteHeader (logging_mw.go:30)
        2025-12-03T05:38:31.150Z	INFO	middleware/logging_mw.go:69	uri /value/ method POST duration 828.857µs status 200 size 82
        2025-12-03T05:38:31.251Z	DEBUG	middleware/gzip_mw.go:15	accept encoding value gzip
        2025-12-03T05:38:31.251Z	DEBUG	middleware/gzip_mw.go:17	supports gzip %!b(bool=true)
        2025-12-03T05:38:31.251Z	DEBUG	middleware/gzip_mw.go:19	try compress
        2025-12-03T05:38:31.251Z	INFO	service/base_metrics_service.go:44	Retrieved gauge: Alloc = 1341904.000000
        2025-12-03T05:38:31.251Z	INFO	handler/metrics_handler_json.go:173	return gauge metric %s value %fAlloc1.341904e+06
        2025-12-03T05:38:31.251Z	DEBUG	middleware/sign_mw.go:47	sign ----------> xTp24yQonkTNuRurmq+e9lqc43CO7Af5Xbz2lLHWgu8=
        2025/12/03 05:38:31 http: superfluous response.WriteHeader call from github.com/mrPTqp/metrics/internal/server/middleware.(*loggingResponseWriter).WriteHeader (logging_mw.go:30)
        2025-12-03T05:38:31.251Z	INFO	middleware/logging_mw.go:69	uri /value/ method POST duration 387.312µs status 200 size 70
        2025-12-03T05:38:31.351Z	DEBUG	middleware/gzip_mw.go:15	accept encoding value gzip
        2025-12-03T05:38:31.352Z	DEBUG	middleware/gzip_mw.go:17	supports gzip %!b(bool=true)
        2025-12-03T05:38:31.352Z	DEBUG	middleware/gzip_mw.go:19	try compress
        2025-12-03T05:38:31.352Z	INFO	service/base_metrics_service.go:44	Retrieved gauge: Frees = 70.000000
        2025-12-03T05:38:31.352Z	INFO	handler/metrics_handler_json.go:173	return gauge metric %s value %fFrees70
        2025-12-03T05:38:31.352Z	DEBUG	middleware/sign_mw.go:47	sign ----------> uJle0mAH8hU7VxS2Z0YjMgOQMs/8vSAdAgPkQGnpZS0=
        2025/12/03 05:38:31 http: superfluous response.WriteHeader call from github.com/mrPTqp/metrics/internal/server/middleware.(*loggingResponseWriter).WriteHeader (logging_mw.go:30)
        2025-12-03T05:38:31.352Z	INFO	middleware/logging_mw.go:69	uri /value/ method POST duration 327.613µs status 200 size 65
        2025-12-03T05:38:31.452Z	DEBUG	middleware/gzip_mw.go:15	accept encoding value gzip
        2025-12-03T05:38:31.452Z	DEBUG	middleware/gzip_mw.go:17	supports gzip %!b(bool=true)
        2025-12-03T05:38:31.452Z	DEBUG	middleware/gzip_mw.go:19	try compress
        2025-12-03T05:38:31.453Z	INFO	service/base_metrics_service.go:44	Retrieved gauge: HeapAlloc = 1341904.000000
        2025-12-03T05:38:31.453Z	INFO	handler/metrics_handler_json.go:173	return gauge metric %s value %fHeapAlloc1.341904e+06
        2025-12-03T05:38:31.453Z	DEBUG	middleware/sign_mw.go:47	sign ----------> wx/B5OVIzNdcl1PTB8RupD/YZjb4xHIQ+gYD/neHjA0=
        2025/12/03 05:38:31 http: superfluous response.WriteHeader call from github.com/mrPTqp/metrics/internal/server/middleware.(*loggingResponseWriter).WriteHeader (logging_mw.go:30)
        2025-12-03T05:38:31.453Z	INFO	middleware/logging_mw.go:69	uri /value/ method POST duration 690.55µs status 200 size 74
        2025-12-03T05:38:31.554Z	DEBUG	middleware/gzip_mw.go:15	accept encoding value gzip
        2025-12-03T05:38:31.554Z	DEBUG	middleware/gzip_mw.go:17	supports gzip %!b(bool=true)
        2025-12-03T05:38:31.554Z	DEBUG	middleware/gzip_mw.go:19	try compress
        2025-12-03T05:38:31.554Z	INFO	service/base_metrics_service.go:44	Retrieved gauge: HeapIdle = 1875968.000000
        2025-12-03T05:38:31.554Z	INFO	handler/metrics_handler_json.go:173	return gauge metric %s value %fHeapIdle1.875968e+06
        2025-12-03T05:38:31.554Z	DEBUG	middleware/sign_mw.go:47	sign ----------> Z1RzU7z2hAlwykMhV5Cv1AkgFn5T7UZ+inlrkFzF5nI=
        2025/12/03 05:38:31 http: superfluous response.WriteHeader call from github.com/mrPTqp/metrics/internal/server/middleware.(*loggingResponseWriter).WriteHeader (logging_mw.go:30)
        2025-12-03T05:38:31.554Z	INFO	middleware/logging_mw.go:69	uri /value/ method POST duration 388.527µs status 200 size 71
        2025-12-03T05:38:31.655Z	DEBUG	middleware/gzip_mw.go:15	accept encoding value gzip
        2025-12-03T05:38:31.655Z	DEBUG	middleware/gzip_mw.go:17	supports gzip %!b(bool=true)
        2025-12-03T05:38:31.655Z	DEBUG	middleware/gzip_mw.go:19	try compress
        2025-12-03T05:38:31.655Z	INFO	service/base_metrics_service.go:44	Retrieved gauge: HeapInuse = 1990656.000000
        2025-12-03T05:38:31.655Z	INFO	handler/metrics_handler_json.go:173	return gauge metric %s value %fHeapInuse1.990656e+06
        2025-12-03T05:38:31.655Z	DEBUG	middleware/sign_mw.go:47	sign ----------> cU8/wHTRLepbt4LH+LCZ5XkJmXUJpIUOGzh7rgA9d2Q=
        2025/12/03 05:38:31 http: superfluous response.WriteHeader call from github.com/mrPTqp/metrics/internal/server/middleware.(*loggingResponseWriter).WriteHeader (logging_mw.go:30)
        2025-12-03T05:38:31.655Z	INFO	middleware/logging_mw.go:69	uri /value/ method POST duration 395.464µs status 200 size 72
        2025-12-03T05:38:31.756Z	DEBUG	middleware/gzip_mw.go:15	accept encoding value gzip
        2025-12-03T05:38:31.756Z	DEBUG	middleware/gzip_mw.go:17	supports gzip %!b(bool=true)
        2025-12-03T05:38:31.756Z	DEBUG	middleware/gzip_mw.go:19	try compress
        2025-12-03T05:38:31.756Z	INFO	service/base_metrics_service.go:44	Retrieved gauge: HeapObjects = 1293.000000
        2025-12-03T05:38:31.756Z	INFO	handler/metrics_handler_json.go:173	return gauge metric %s value %fHeapObjects1293
        2025-12-03T05:38:31.756Z	DEBUG	middleware/sign_mw.go:47	sign ----------> 4EiAMOd5555wTbRPIGsdfPtkh2q/jiN2Xu1xy12v5lo=
        2025/12/03 05:38:31 http: superfluous response.WriteHeader call from github.com/mrPTqp/metrics/internal/server/middleware.(*loggingResponseWriter).WriteHeader (logging_mw.go:30)
        2025-12-03T05:38:31.756Z	INFO	middleware/logging_mw.go:69	uri /value/ method POST duration 790.475µs status 200 size 73
        2025-12-03T05:38:31.857Z	DEBUG	middleware/gzip_mw.go:15	accept encoding value gzip
        2025-12-03T05:38:31.857Z	DEBUG	middleware/gzip_mw.go:17	supports gzip %!b(bool=true)
        2025-12-03T05:38:31.857Z	DEBUG	middleware/gzip_mw.go:19	try compress
        2025-12-03T05:38:31.857Z	INFO	service/base_metrics_service.go:44	Retrieved gauge: Mallocs = 1363.000000
        2025-12-03T05:38:31.858Z	INFO	handler/metrics_handler_json.go:173	return gauge metric %s value %fMallocs1363
        2025-12-03T05:38:31.858Z	DEBUG	middleware/sign_mw.go:47	sign ----------> 3Lne+qLyIgpBLs4GXy1i+B6Sl24zNsQS8XvcuW9Tazg=
        2025/12/03 05:38:31 http: superfluous response.WriteHeader call from github.com/mrPTqp/metrics/internal/server/middleware.(*loggingResponseWriter).WriteHeader (logging_mw.go:30)
        2025-12-03T05:38:31.858Z	INFO	middleware/logging_mw.go:69	uri /value/ method POST duration 548.893µs status 200 size 69
        2025-12-03T05:38:31.958Z	DEBUG	middleware/gzip_mw.go:15	accept encoding value gzip
        2025-12-03T05:38:31.958Z	DEBUG	middleware/gzip_mw.go:17	supports gzip %!b(bool=true)
        2025-12-03T05:38:31.958Z	DEBUG	middleware/gzip_mw.go:19	try compress
        2025-12-03T05:38:31.958Z	INFO	service/base_metrics_service.go:44	Retrieved gauge: TotalAlloc = 1341904.000000
        2025-12-03T05:38:31.959Z	INFO	handler/metrics_handler_json.go:173	return gauge metric %s value %fTotalAlloc1.341904e+06
        2025-12-03T05:38:31.959Z	DEBUG	middleware/sign_mw.go:47	sign ----------> v+tB4NqhJyc/zpyPLLM5KoZjQ7QBs3Uz6XRrHwQlmdM=
        2025/12/03 05:38:31 http: superfluous response.WriteHeader call from github.com/mrPTqp/metrics/internal/server/middleware.(*loggingResponseWriter).WriteHeader (logging_mw.go:30)
        2025-12-03T05:38:31.959Z	INFO	middleware/logging_mw.go:69	uri /value/ method POST duration 341.559µs status 200 size 75
        2025-12-03T05:38:32.059Z	DEBUG	middleware/gzip_mw.go:15	accept encoding value gzip
        2025-12-03T05:38:32.059Z	DEBUG	middleware/gzip_mw.go:17	supports gzip %!b(bool=true)
        2025-12-03T05:38:32.059Z	DEBUG	middleware/gzip_mw.go:19	try compress
        2025-12-03T05:38:32.060Z	INFO	service/base_metrics_service.go:53	Retrieved counter: PollCount = 474
        2025-12-03T05:38:32.060Z	INFO	handler/metrics_handler_json.go:190	return counter metric %s value %dPollCount474
        2025-12-03T05:38:32.060Z	DEBUG	middleware/sign_mw.go:47	sign ----------> hW+1wI0R/x66EOYRdIergjJLWdGUqPBrKnM6zz5Qr0g=
        2025/12/03 05:38:32 http: superfluous response.WriteHeader call from github.com/mrPTqp/metrics/internal/server/middleware.(*loggingResponseWriter).WriteHeader (logging_mw.go:30)
        2025-12-03T05:38:32.060Z	INFO	middleware/logging_mw.go:69	uri /value/ method POST duration 1.028996ms status 200 size 70
        2025-12-03T05:38:32.161Z	DEBUG	middleware/gzip_mw.go:15	accept encoding value gzip
        2025-12-03T05:38:32.161Z	DEBUG	middleware/gzip_mw.go:17	supports gzip %!b(bool=true)
        2025-12-03T05:38:32.161Z	DEBUG	middleware/gzip_mw.go:19	try compress
        2025-12-03T05:38:32.161Z	INFO	service/base_metrics_service.go:44	Retrieved gauge: RandomValue = 0.490846
        2025-12-03T05:38:32.162Z	INFO	handler/metrics_handler_json.go:173	return gauge metric %s value %fRandomValue0.4908458140365596
        2025-12-03T05:38:32.162Z	DEBUG	middleware/sign_mw.go:47	sign ----------> aR+xitNsjQCwv9u4I5BbNK1KTKyP8OMZ+ghKcUnBzJY=
        2025/12/03 05:38:32 http: superfluous response.WriteHeader call from github.com/mrPTqp/metrics/internal/server/middleware.(*loggingResponseWriter).WriteHeader (logging_mw.go:30)
        2025-12-03T05:38:32.162Z	INFO	middleware/logging_mw.go:69	uri /value/ method POST duration 531.622µs status 200 size 82
        2025-12-03T05:38:32.262Z	DEBUG	middleware/gzip_mw.go:15	accept encoding value gzip
        2025-12-03T05:38:32.262Z	DEBUG	middleware/gzip_mw.go:17	supports gzip %!b(bool=true)
        2025-12-03T05:38:32.262Z	DEBUG	middleware/gzip_mw.go:19	try compress
        2025-12-03T05:38:32.263Z	INFO	service/base_metrics_service.go:44	Retrieved gauge: Alloc = 1341904.000000
        2025-12-03T05:38:32.263Z	INFO	handler/metrics_handler_json.go:173	return gauge metric %s value %fAlloc1.341904e+06
        2025-12-03T05:38:32.263Z	DEBUG	middleware/sign_mw.go:47	sign ----------> xTp24yQonkTNuRurmq+e9lqc43CO7Af5Xbz2lLHWgu8=
        2025/12/03 05:38:32 http: superfluous response.WriteHeader call from github.com/mrPTqp/metrics/internal/server/middleware.(*loggingResponseWriter).WriteHeader (logging_mw.go:30)
        2025-12-03T05:38:32.263Z	INFO	middleware/logging_mw.go:69	uri /value/ method POST duration 479.905µs status 200 size 70
        2025-12-03T05:38:32.363Z	DEBUG	middleware/gzip_mw.go:15	accept encoding value gzip
        2025-12-03T05:38:32.363Z	DEBUG	middleware/gzip_mw.go:17	supports gzip %!b(bool=true)
        2025-12-03T05:38:32.363Z	DEBUG	middleware/gzip_mw.go:19	try compress
        2025-12-03T05:38:32.364Z	INFO	service/base_metrics_service.go:44	Retrieved gauge: Frees = 70.000000
        2025-12-03T05:38:32.364Z	INFO	handler/metrics_handler_json.go:173	return gauge metric %s value %fFrees70
        2025-12-03T05:38:32.364Z	DEBUG	middleware/sign_mw.go:47	sign ----------> uJle0mAH8hU7VxS2Z0YjMgOQMs/8vSAdAgPkQGnpZS0=
        2025/12/03 05:38:32 http: superfluous response.WriteHeader call from github.com/mrPTqp/metrics/internal/server/middleware.(*loggingResponseWriter).WriteHeader (logging_mw.go:30)
        2025-12-03T05:38:32.364Z	INFO	middleware/logging_mw.go:69	uri /value/ method POST duration 776.962µs status 200 size 65
        2025-12-03T05:38:32.465Z	DEBUG	middleware/gzip_mw.go:15	accept encoding value gzip
        2025-12-03T05:38:32.465Z	DEBUG	middleware/gzip_mw.go:17	supports gzip %!b(bool=true)
        2025-12-03T05:38:32.465Z	DEBUG	middleware/gzip_mw.go:19	try compress
        2025-12-03T05:38:32.465Z	INFO	service/base_metrics_service.go:44	Retrieved gauge: HeapAlloc = 1341904.000000
        2025-12-03T05:38:32.465Z	INFO	handler/metrics_handler_json.go:173	return gauge metric %s value %fHeapAlloc1.341904e+06
        2025-12-03T05:38:32.465Z	DEBUG	middleware/sign_mw.go:47	sign ----------> wx/B5OVIzNdcl1PTB8RupD/YZjb4xHIQ+gYD/neHjA0=
        2025/12/03 05:38:32 http: superfluous response.WriteHeader call from github.com/mrPTqp/metrics/internal/server/middleware.(*loggingResponseWriter).WriteHeader (logging_mw.go:30)
        2025-12-03T05:38:32.465Z	INFO	middleware/logging_mw.go:69	uri /value/ method POST duration 368.059µs status 200 size 74
        2025-12-03T05:38:32.566Z	DEBUG	middleware/gzip_mw.go:15	accept encoding value gzip
        2025-12-03T05:38:32.566Z	DEBUG	middleware/gzip_mw.go:17	supports gzip %!b(bool=true)
        2025-12-03T05:38:32.566Z	DEBUG	middleware/gzip_mw.go:19	try compress
        2025-12-03T05:38:32.566Z	INFO	service/base_metrics_service.go:44	Retrieved gauge: HeapIdle = 1875968.000000
        2025-12-03T05:38:32.566Z	INFO	handler/metrics_handler_json.go:173	return gauge metric %s value %fHeapIdle1.875968e+06
        2025-12-03T05:38:32.566Z	DEBUG	middleware/sign_mw.go:47	sign ----------> Z1RzU7z2hAlwykMhV5Cv1AkgFn5T7UZ+inlrkFzF5nI=
        2025/12/03 05:38:32 http: superfluous response.WriteHeader call from github.com/mrPTqp/metrics/internal/server/middleware.(*loggingResponseWriter).WriteHeader (logging_mw.go:30)
        2025-12-03T05:38:32.566Z	INFO	middleware/logging_mw.go:69	uri /value/ method POST duration 528.747µs status 200 size 71
        2025-12-03T05:38:32.667Z	DEBUG	middleware/gzip_mw.go:15	accept encoding value gzip
        2025-12-03T05:38:32.667Z	DEBUG	middleware/gzip_mw.go:17	supports gzip %!b(bool=true)
        2025-12-03T05:38:32.667Z	DEBUG	middleware/gzip_mw.go:19	try compress
        2025-12-03T05:38:32.667Z	INFO	service/base_metrics_service.go:44	Retrieved gauge: HeapInuse = 1990656.000000
        2025-12-03T05:38:32.668Z	INFO	handler/metrics_handler_json.go:173	return gauge metric %s value %fHeapInuse1.990656e+06
        2025-12-03T05:38:32.668Z	DEBUG	middleware/sign_mw.go:47	sign ----------> cU8/wHTRLepbt4LH+LCZ5XkJmXUJpIUOGzh7rgA9d2Q=
        2025/12/03 05:38:32 http: superfluous response.WriteHeader call from github.com/mrPTqp/metrics/internal/server/middleware.(*loggingResponseWriter).WriteHeader (logging_mw.go:30)
        2025-12-03T05:38:32.668Z	INFO	middleware/logging_mw.go:69	uri /value/ method POST duration 979.694µs status 200 size 72
        2025-12-03T05:38:32.769Z	DEBUG	middleware/gzip_mw.go:15	accept encoding value gzip
        2025-12-03T05:38:32.769Z	DEBUG	middleware/gzip_mw.go:17	supports gzip %!b(bool=true)
        2025-12-03T05:38:32.769Z	DEBUG	middleware/gzip_mw.go:19	try compress
        2025-12-03T05:38:32.769Z	INFO	service/base_metrics_service.go:44	Retrieved gauge: HeapObjects = 1293.000000
        2025-12-03T05:38:32.769Z	INFO	handler/metrics_handler_json.go:173	return gauge metric %s value %fHeapObjects1293
        2025-12-03T05:38:32.769Z	DEBUG	middleware/sign_mw.go:47	sign ----------> 4EiAMOd5555wTbRPIGsdfPtkh2q/jiN2Xu1xy12v5lo=
        2025/12/03 05:38:32 http: superfluous response.WriteHeader call from github.com/mrPTqp/metrics/internal/server/middleware.(*loggingResponseWriter).WriteHeader (logging_mw.go:30)
        2025-12-03T05:38:32.769Z	INFO	middleware/logging_mw.go:69	uri /value/ method POST duration 615.876µs status 200 size 73
        2025-12-03T05:38:32.870Z	DEBUG	middleware/gzip_mw.go:15	accept encoding value gzip
        2025-12-03T05:38:32.870Z	DEBUG	middleware/gzip_mw.go:17	supports gzip %!b(bool=true)
        2025-12-03T05:38:32.870Z	DEBUG	middleware/gzip_mw.go:19	try compress
        2025-12-03T05:38:32.871Z	INFO	service/base_metrics_service.go:44	Retrieved gauge: Mallocs = 1363.000000
        2025-12-03T05:38:32.871Z	INFO	handler/metrics_handler_json.go:173	return gauge metric %s value %fMallocs1363
        2025-12-03T05:38:32.871Z	DEBUG	middleware/sign_mw.go:47	sign ----------> 3Lne+qLyIgpBLs4GXy1i+B6Sl24zNsQS8XvcuW9Tazg=
        2025/12/03 05:38:32 http: superfluous response.WriteHeader call from github.com/mrPTqp/metrics/internal/server/middleware.(*loggingResponseWriter).WriteHeader (logging_mw.go:30)
        2025-12-03T05:38:32.871Z	INFO	middleware/logging_mw.go:69	uri /value/ method POST duration 658.034µs status 200 size 69
        2025-12-03T05:38:32.972Z	DEBUG	middleware/gzip_mw.go:15	accept encoding value gzip
        2025-12-03T05:38:32.972Z	DEBUG	middleware/gzip_mw.go:17	supports gzip %!b(bool=true)
        2025-12-03T05:38:32.972Z	DEBUG	middleware/gzip_mw.go:19	try compress
        2025-12-03T05:38:32.972Z	INFO	service/base_metrics_service.go:44	Retrieved gauge: TotalAlloc = 1341904.000000
        2025-12-03T05:38:32.972Z	INFO	handler/metrics_handler_json.go:173	return gauge metric %s value %fTotalAlloc1.341904e+06
        2025-12-03T05:38:32.972Z	DEBUG	middleware/sign_mw.go:47	sign ----------> v+tB4NqhJyc/zpyPLLM5KoZjQ7QBs3Uz6XRrHwQlmdM=
        2025/12/03 05:38:32 http: superfluous response.WriteHeader call from github.com/mrPTqp/metrics/internal/server/middleware.(*loggingResponseWriter).WriteHeader (logging_mw.go:30)
        2025-12-03T05:38:32.972Z	INFO	middleware/logging_mw.go:69	uri /value/ method POST duration 647.874µs status 200 size 75
        2025-12-03T05:38:33.073Z	DEBUG	middleware/gzip_mw.go:15	accept encoding value gzip
        2025-12-03T05:38:33.073Z	DEBUG	middleware/gzip_mw.go:17	supports gzip %!b(bool=true)
        2025-12-03T05:38:33.073Z	DEBUG	middleware/gzip_mw.go:19	try compress
        2025-12-03T05:38:33.074Z	INFO	service/base_metrics_service.go:53	Retrieved counter: PollCount = 474
        2025-12-03T05:38:33.074Z	INFO	handler/metrics_handler_json.go:190	return counter metric %s value %dPollCount474
        2025-12-03T05:38:33.074Z	DEBUG	middleware/sign_mw.go:47	sign ----------> hW+1wI0R/x66EOYRdIergjJLWdGUqPBrKnM6zz5Qr0g=
        2025/12/03 05:38:33 http: superfluous response.WriteHeader call from github.com/mrPTqp/metrics/internal/server/middleware.(*loggingResponseWriter).WriteHeader (logging_mw.go:30)
        2025-12-03T05:38:33.074Z	INFO	middleware/logging_mw.go:69	uri /value/ method POST duration 555.716µs status 200 size 70
        2025-12-03T05:38:33.174Z	DEBUG	middleware/gzip_mw.go:15	accept encoding value gzip
        2025-12-03T05:38:33.174Z	DEBUG	middleware/gzip_mw.go:17	supports gzip %!b(bool=true)
        2025-12-03T05:38:33.174Z	DEBUG	middleware/gzip_mw.go:19	try compress
        2025-12-03T05:38:33.175Z	INFO	service/base_metrics_service.go:44	Retrieved gauge: RandomValue = 0.490846
        2025-12-03T05:38:33.175Z	INFO	handler/metrics_handler_json.go:173	return gauge metric %s value %fRandomValue0.4908458140365596
        2025-12-03T05:38:33.175Z	DEBUG	middleware/sign_mw.go:47	sign ----------> aR+xitNsjQCwv9u4I5BbNK1KTKyP8OMZ+ghKcUnBzJY=
        2025/12/03 05:38:33 http: superfluous response.WriteHeader call from github.com/mrPTqp/metrics/internal/server/middleware.(*loggingResponseWriter).WriteHeader (logging_mw.go:30)
        2025-12-03T05:38:33.175Z	INFO	middleware/logging_mw.go:69	uri /value/ method POST duration 909.695µs status 200 size 82
        2025-12-03T05:38:33.276Z	DEBUG	middleware/gzip_mw.go:15	accept encoding value gzip
        2025-12-03T05:38:33.276Z	DEBUG	middleware/gzip_mw.go:17	supports gzip %!b(bool=true)
        2025-12-03T05:38:33.276Z	DEBUG	middleware/gzip_mw.go:19	try compress
        2025-12-03T05:38:33.276Z	INFO	service/base_metrics_service.go:44	Retrieved gauge: Alloc = 1341904.000000
        2025-12-03T05:38:33.276Z	INFO	handler/metrics_handler_json.go:173	return gauge metric %s value %fAlloc1.341904e+06
        2025-12-03T05:38:33.276Z	DEBUG	middleware/sign_mw.go:47	sign ----------> xTp24yQonkTNuRurmq+e9lqc43CO7Af5Xbz2lLHWgu8=
        2025/12/03 05:38:33 http: superfluous response.WriteHeader call from github.com/mrPTqp/metrics/internal/server/middleware.(*loggingResponseWriter).WriteHeader (logging_mw.go:30)
        2025-12-03T05:38:33.276Z	INFO	middleware/logging_mw.go:69	uri /value/ method POST duration 487.181µs status 200 size 70
        2025-12-03T05:38:33.377Z	DEBUG	middleware/gzip_mw.go:15	accept encoding value gzip
        2025-12-03T05:38:33.377Z	DEBUG	middleware/gzip_mw.go:17	supports gzip %!b(bool=true)
        2025-12-03T05:38:33.377Z	DEBUG	middleware/gzip_mw.go:19	try compress
        2025-12-03T05:38:33.377Z	INFO	service/base_metrics_service.go:44	Retrieved gauge: Frees = 70.000000
        2025-12-03T05:38:33.377Z	INFO	handler/metrics_handler_json.go:173	return gauge metric %s value %fFrees70
        2025-12-03T05:38:33.377Z	DEBUG	middleware/sign_mw.go:47	sign ----------> uJle0mAH8hU7VxS2Z0YjMgOQMs/8vSAdAgPkQGnpZS0=
        2025/12/03 05:38:33 http: superfluous response.WriteHeader call from github.com/mrPTqp/metrics/internal/server/middleware.(*loggingResponseWriter).WriteHeader (logging_mw.go:30)
        2025-12-03T05:38:33.377Z	INFO	middleware/logging_mw.go:69	uri /value/ method POST duration 395.223µs status 200 size 65
        2025-12-03T05:38:33.478Z	DEBUG	middleware/gzip_mw.go:15	accept encoding value gzip
        2025-12-03T05:38:33.478Z	DEBUG	middleware/gzip_mw.go:17	supports gzip %!b(bool=true)
        2025-12-03T05:38:33.478Z	DEBUG	middleware/gzip_mw.go:19	try compress
        2025-12-03T05:38:33.478Z	INFO	service/base_metrics_service.go:44	Retrieved gauge: HeapAlloc = 1341904.000000
        2025-12-03T05:38:33.479Z	INFO	handler/metrics_handler_json.go:173	return gauge metric %s value %fHeapAlloc1.341904e+06
        2025-12-03T05:38:33.479Z	DEBUG	middleware/sign_mw.go:47	sign ----------> wx/B5OVIzNdcl1PTB8RupD/YZjb4xHIQ+gYD/neHjA0=
        2025/12/03 05:38:33 http: superfluous response.WriteHeader call from github.com/mrPTqp/metrics/internal/server/middleware.(*loggingResponseWriter).WriteHeader (logging_mw.go:30)
        2025-12-03T05:38:33.479Z	INFO	middleware/logging_mw.go:69	uri /value/ method POST duration 1.07601ms status 200 size 74
        2025-12-03T05:38:33.580Z	DEBUG	middleware/gzip_mw.go:15	accept encoding value gzip
        2025-12-03T05:38:33.580Z	DEBUG	middleware/gzip_mw.go:17	supports gzip %!b(bool=true)
        2025-12-03T05:38:33.580Z	DEBUG	middleware/gzip_mw.go:19	try compress
        2025-12-03T05:38:33.580Z	INFO	service/base_metrics_service.go:44	Retrieved gauge: HeapIdle = 1875968.000000
        2025-12-03T05:38:33.580Z	INFO	handler/metrics_handler_json.go:173	return gauge metric %s value %fHeapIdle1.875968e+06
        2025-12-03T05:38:33.580Z	DEBUG	middleware/sign_mw.go:47	sign ----------> Z1RzU7z2hAlwykMhV5Cv1AkgFn5T7UZ+inlrkFzF5nI=
        2025/12/03 05:38:33 http: superfluous response.WriteHeader call from github.com/mrPTqp/metrics/internal/server/middleware.(*loggingResponseWriter).WriteHeader (logging_mw.go:30)
        2025-12-03T05:38:33.580Z	INFO	middleware/logging_mw.go:69	uri /value/ method POST duration 397.975µs status 200 size 71
        2025-12-03T05:38:33.681Z	DEBUG	middleware/gzip_mw.go:15	accept encoding value gzip
        2025-12-03T05:38:33.681Z	DEBUG	middleware/gzip_mw.go:17	supports gzip %!b(bool=true)
        2025-12-03T05:38:33.681Z	DEBUG	middleware/gzip_mw.go:19	try compress
        2025-12-03T05:38:33.681Z	INFO	service/base_metrics_service.go:44	Retrieved gauge: HeapInuse = 1990656.000000
        2025-12-03T05:38:33.681Z	INFO	handler/metrics_handler_json.go:173	return gauge metric %s value %fHeapInuse1.990656e+06
        2025-12-03T05:38:33.681Z	DEBUG	middleware/sign_mw.go:47	sign ----------> cU8/wHTRLepbt4LH+LCZ5XkJmXUJpIUOGzh7rgA9d2Q=
        2025/12/03 05:38:33 http: superfluous response.WriteHeader call from github.com/mrPTqp/metrics/internal/server/middleware.(*loggingResponseWriter).WriteHeader (logging_mw.go:30)
        2025-12-03T05:38:33.681Z	INFO	middleware/logging_mw.go:69	uri /value/ method POST duration 386.62µs status 200 size 72
        2025-12-03T05:38:33.782Z	DEBUG	middleware/gzip_mw.go:15	accept encoding value gzip
        2025-12-03T05:38:33.782Z	DEBUG	middleware/gzip_mw.go:17	supports gzip %!b(bool=true)
        2025-12-03T05:38:33.782Z	DEBUG	middleware/gzip_mw.go:19	try compress
        2025-12-03T05:38:33.782Z	INFO	service/base_metrics_service.go:44	Retrieved gauge: HeapObjects = 1293.000000
        2025-12-03T05:38:33.782Z	INFO	handler/metrics_handler_json.go:173	return gauge metric %s value %fHeapObjects1293
        2025-12-03T05:38:33.782Z	DEBUG	middleware/sign_mw.go:47	sign ----------> 4EiAMOd5555wTbRPIGsdfPtkh2q/jiN2Xu1xy12v5lo=
        2025/12/03 05:38:33 http: superfluous response.WriteHeader call from github.com/mrPTqp/metrics/internal/server/middleware.(*loggingResponseWriter).WriteHeader (logging_mw.go:30)
        2025-12-03T05:38:33.782Z	INFO	middleware/logging_mw.go:69	uri /value/ method POST duration 733.635µs status 200 size 73
        2025-12-03T05:38:33.883Z	DEBUG	middleware/gzip_mw.go:15	accept encoding value gzip
        2025-12-03T05:38:33.883Z	DEBUG	middleware/gzip_mw.go:17	supports gzip %!b(bool=true)
        2025-12-03T05:38:33.883Z	DEBUG	middleware/gzip_mw.go:19	try compress
        2025-12-03T05:38:33.883Z	INFO	service/base_metrics_service.go:44	Retrieved gauge: Mallocs = 1363.000000
        2025-12-03T05:38:33.883Z	INFO	handler/metrics_handler_json.go:173	return gauge metric %s value %fMallocs1363
        2025-12-03T05:38:33.883Z	DEBUG	middleware/sign_mw.go:47	sign ----------> 3Lne+qLyIgpBLs4GXy1i+B6Sl24zNsQS8XvcuW9Tazg=
        2025/12/03 05:38:33 http: superfluous response.WriteHeader call from github.com/mrPTqp/metrics/internal/server/middleware.(*loggingResponseWriter).WriteHeader (logging_mw.go:30)
        2025-12-03T05:38:33.883Z	INFO	middleware/logging_mw.go:69	uri /value/ method POST duration 361.394µs status 200 size 69
        2025-12-03T05:38:33.984Z	DEBUG	middleware/gzip_mw.go:15	accept encoding value gzip
        2025-12-03T05:38:33.984Z	DEBUG	middleware/gzip_mw.go:17	supports gzip %!b(bool=true)
        2025-12-03T05:38:33.984Z	DEBUG	middleware/gzip_mw.go:19	try compress
        2025-12-03T05:38:33.984Z	INFO	service/base_metrics_service.go:44	Retrieved gauge: TotalAlloc = 1341904.000000
        2025-12-03T05:38:33.985Z	INFO	handler/metrics_handler_json.go:173	return gauge metric %s value %fTotalAlloc1.341904e+06
        2025-12-03T05:38:33.985Z	DEBUG	middleware/sign_mw.go:47	sign ----------> v+tB4NqhJyc/zpyPLLM5KoZjQ7QBs3Uz6XRrHwQlmdM=
        2025/12/03 05:38:33 http: superfluous response.WriteHeader call from github.com/mrPTqp/metrics/internal/server/middleware.(*loggingResponseWriter).WriteHeader (logging_mw.go:30)
        2025-12-03T05:38:33.985Z	INFO	middleware/logging_mw.go:69	uri /value/ method POST duration 874.47µs status 200 size 75
        2025-12-03T05:38:34.086Z	DEBUG	middleware/gzip_mw.go:15	accept encoding value gzip
        2025-12-03T05:38:34.086Z	DEBUG	middleware/gzip_mw.go:17	supports gzip %!b(bool=true)
        2025-12-03T05:38:34.086Z	DEBUG	middleware/gzip_mw.go:19	try compress
        2025-12-03T05:38:34.086Z	INFO	service/base_metrics_service.go:53	Retrieved counter: PollCount = 474
        2025-12-03T05:38:34.086Z	INFO	handler/metrics_handler_json.go:190	return counter metric %s value %dPollCount474
        2025-12-03T05:38:34.086Z	DEBUG	middleware/sign_mw.go:47	sign ----------> hW+1wI0R/x66EOYRdIergjJLWdGUqPBrKnM6zz5Qr0g=
        2025/12/03 05:38:34 http: superfluous response.WriteHeader call from github.com/mrPTqp/metrics/internal/server/middleware.(*loggingResponseWriter).WriteHeader (logging_mw.go:30)
        2025-12-03T05:38:34.086Z	INFO	middleware/logging_mw.go:69	uri /value/ method POST duration 512.091µs status 200 size 70
        2025-12-03T05:38:34.187Z	DEBUG	middleware/gzip_mw.go:15	accept encoding value gzip
        2025-12-03T05:38:34.187Z	DEBUG	middleware/gzip_mw.go:17	supports gzip %!b(bool=true)
        2025-12-03T05:38:34.187Z	DEBUG	middleware/gzip_mw.go:19	try compress
        2025-12-03T05:38:34.187Z	INFO	service/base_metrics_service.go:44	Retrieved gauge: RandomValue = 0.490846
        2025-12-03T05:38:34.187Z	INFO	handler/metrics_handler_json.go:173	return gauge metric %s value %fRandomValue0.4908458140365596
        2025-12-03T05:38:34.187Z	DEBUG	middleware/sign_mw.go:47	sign ----------> aR+xitNsjQCwv9u4I5BbNK1KTKyP8OMZ+ghKcUnBzJY=
        2025/12/03 05:38:34 http: superfluous response.WriteHeader call from github.com/mrPTqp/metrics/internal/server/middleware.(*loggingResponseWriter).WriteHeader (logging_mw.go:30)
        2025-12-03T05:38:34.187Z	INFO	middleware/logging_mw.go:69	uri /value/ method POST duration 466.888µs status 200 size 82
        2025-12-03T05:38:34.288Z	DEBUG	middleware/gzip_mw.go:15	accept encoding value gzip
        2025-12-03T05:38:34.288Z	DEBUG	middleware/gzip_mw.go:17	supports gzip %!b(bool=true)
        2025-12-03T05:38:34.288Z	DEBUG	middleware/gzip_mw.go:19	try compress
        2025-12-03T05:38:34.288Z	INFO	service/base_metrics_service.go:44	Retrieved gauge: Alloc = 1341904.000000
        2025-12-03T05:38:34.289Z	INFO	handler/metrics_handler_json.go:173	return gauge metric %s value %fAlloc1.341904e+06
        2025-12-03T05:38:34.289Z	DEBUG	middleware/sign_mw.go:47	sign ----------> xTp24yQonkTNuRurmq+e9lqc43CO7Af5Xbz2lLHWgu8=
        2025/12/03 05:38:34 http: superfluous response.WriteHeader call from github.com/mrPTqp/metrics/internal/server/middleware.(*loggingResponseWriter).WriteHeader (logging_mw.go:30)
        2025-12-03T05:38:34.289Z	INFO	middleware/logging_mw.go:69	uri /value/ method POST duration 1.400194ms status 200 size 70
        2025-12-03T05:38:34.390Z	DEBUG	middleware/gzip_mw.go:15	accept encoding value gzip
        2025-12-03T05:38:34.390Z	DEBUG	middleware/gzip_mw.go:17	supports gzip %!b(bool=true)
        2025-12-03T05:38:34.390Z	DEBUG	middleware/gzip_mw.go:19	try compress
        2025-12-03T05:38:34.390Z	INFO	service/base_metrics_service.go:44	Retrieved gauge: Frees = 70.000000
        2025-12-03T05:38:34.390Z	INFO	handler/metrics_handler_json.go:173	return gauge metric %s value %fFrees70
        2025-12-03T05:38:34.390Z	DEBUG	middleware/sign_mw.go:47	sign ----------> uJle0mAH8hU7VxS2Z0YjMgOQMs/8vSAdAgPkQGnpZS0=
        2025/12/03 05:38:34 http: superfluous response.WriteHeader call from github.com/mrPTqp/metrics/internal/server/middleware.(*loggingResponseWriter).WriteHeader (logging_mw.go:30)
        2025-12-03T05:38:34.390Z	INFO	middleware/logging_mw.go:69	uri /value/ method POST duration 380.242µs status 200 size 65
        2025-12-03T05:38:34.491Z	DEBUG	middleware/gzip_mw.go:15	accept encoding value gzip
        2025-12-03T05:38:34.491Z	DEBUG	middleware/gzip_mw.go:17	supports gzip %!b(bool=true)
        2025-12-03T05:38:34.491Z	DEBUG	middleware/gzip_mw.go:19	try compress
        2025-12-03T05:38:34.491Z	INFO	service/base_metrics_service.go:44	Retrieved gauge: HeapAlloc = 1341904.000000
        2025-12-03T05:38:34.491Z	INFO	handler/metrics_handler_json.go:173	return gauge metric %s value %fHeapAlloc1.341904e+06
        2025-12-03T05:38:34.491Z	DEBUG	middleware/sign_mw.go:47	sign ----------> wx/B5OVIzNdcl1PTB8RupD/YZjb4xHIQ+gYD/neHjA0=
        2025/12/03 05:38:34 http: superfluous response.WriteHeader call from github.com/mrPTqp/metrics/internal/server/middleware.(*loggingResponseWriter).WriteHeader (logging_mw.go:30)
        2025-12-03T05:38:34.491Z	INFO	middleware/logging_mw.go:69	uri /value/ method POST duration 354.674µs status 200 size 74
        2025-12-03T05:38:34.592Z	DEBUG	middleware/gzip_mw.go:15	accept encoding value gzip
        2025-12-03T05:38:34.592Z	DEBUG	middleware/gzip_mw.go:17	supports gzip %!b(bool=true)
        2025-12-03T05:38:34.592Z	DEBUG	middleware/gzip_mw.go:19	try compress
        2025-12-03T05:38:34.592Z	INFO	service/base_metrics_service.go:44	Retrieved gauge: HeapIdle = 1875968.000000
        2025-12-03T05:38:34.592Z	INFO	handler/metrics_handler_json.go:173	return gauge metric %s value %fHeapIdle1.875968e+06
        2025-12-03T05:38:34.592Z	DEBUG	middleware/sign_mw.go:47	sign ----------> Z1RzU7z2hAlwykMhV5Cv1AkgFn5T7UZ+inlrkFzF5nI=
        2025/12/03 05:38:34 http: superfluous response.WriteHeader call from github.com/mrPTqp/metrics/internal/server/middleware.(*loggingResponseWriter).WriteHeader (logging_mw.go:30)
        2025-12-03T05:38:34.592Z	INFO	middleware/logging_mw.go:69	uri /value/ method POST duration 727.4µs status 200 size 71
        2025-12-03T05:38:34.693Z	DEBUG	middleware/gzip_mw.go:15	accept encoding value gzip
        2025-12-03T05:38:34.693Z	DEBUG	middleware/gzip_mw.go:17	supports gzip %!b(bool=true)
        2025-12-03T05:38:34.693Z	DEBUG	middleware/gzip_mw.go:19	try compress
        2025-12-03T05:38:34.693Z	INFO	service/base_metrics_service.go:44	Retrieved gauge: HeapInuse = 1990656.000000
        2025-12-03T05:38:34.693Z	INFO	handler/metrics_handler_json.go:173	return gauge metric %s value %fHeapInuse1.990656e+06
        2025-12-03T05:38:34.693Z	DEBUG	middleware/sign_mw.go:47	sign ----------> cU8/wHTRLepbt4LH+LCZ5XkJmXUJpIUOGzh7rgA9d2Q=
        2025/12/03 05:38:34 http: superfluous response.WriteHeader call from github.com/mrPTqp/metrics/internal/server/middleware.(*loggingResponseWriter).WriteHeader (logging_mw.go:30)
        2025-12-03T05:38:34.693Z	INFO	middleware/logging_mw.go:69	uri /value/ method POST duration 412.647µs status 200 size 72
        2025-12-03T05:38:34.794Z	DEBUG	middleware/gzip_mw.go:15	accept encoding value gzip
        2025-12-03T05:38:34.794Z	DEBUG	middleware/gzip_mw.go:17	supports gzip %!b(bool=true)
        2025-12-03T05:38:34.794Z	DEBUG	middleware/gzip_mw.go:19	try compress
        2025-12-03T05:38:34.794Z	INFO	service/base_metrics_service.go:44	Retrieved gauge: HeapObjects = 1293.000000
        2025-12-03T05:38:34.794Z	INFO	handler/metrics_handler_json.go:173	return gauge metric %s value %fHeapObjects1293
        2025-12-03T05:38:34.794Z	DEBUG	middleware/sign_mw.go:47	sign ----------> 4EiAMOd5555wTbRPIGsdfPtkh2q/jiN2Xu1xy12v5lo=
        2025/12/03 05:38:34 http: superfluous response.WriteHeader call from github.com/mrPTqp/metrics/internal/server/middleware.(*loggingResponseWriter).WriteHeader (logging_mw.go:30)
        2025-12-03T05:38:34.794Z	INFO	middleware/logging_mw.go:69	uri /value/ method POST duration 374.558µs status 200 size 73
        2025-12-03T05:38:34.895Z	DEBUG	middleware/gzip_mw.go:15	accept encoding value gzip
        2025-12-03T05:38:34.895Z	DEBUG	middleware/gzip_mw.go:17	supports gzip %!b(bool=true)
        2025-12-03T05:38:34.895Z	DEBUG	middleware/gzip_mw.go:19	try compress
        2025-12-03T05:38:34.895Z	INFO	service/base_metrics_service.go:44	Retrieved gauge: Mallocs = 1363.000000
        2025-12-03T05:38:34.896Z	INFO	handler/metrics_handler_json.go:173	return gauge metric %s value %fMallocs1363
        2025-12-03T05:38:34.896Z	DEBUG	middleware/sign_mw.go:47	sign ----------> 3Lne+qLyIgpBLs4GXy1i+B6Sl24zNsQS8XvcuW9Tazg=
        2025/12/03 05:38:34 http: superfluous response.WriteHeader call from github.com/mrPTqp/metrics/internal/server/middleware.(*loggingResponseWriter).WriteHeader (logging_mw.go:30)
        2025-12-03T05:38:34.896Z	INFO	middleware/logging_mw.go:69	uri /value/ method POST duration 947.052µs status 200 size 69
        2025-12-03T05:38:34.996Z	DEBUG	middleware/gzip_mw.go:15	accept encoding value gzip
        2025-12-03T05:38:34.996Z	DEBUG	middleware/gzip_mw.go:17	supports gzip %!b(bool=true)
        2025-12-03T05:38:34.996Z	DEBUG	middleware/gzip_mw.go:19	try compress
        2025-12-03T05:38:34.997Z	INFO	service/base_metrics_service.go:44	Retrieved gauge: TotalAlloc = 1341904.000000
        2025-12-03T05:38:34.997Z	INFO	handler/metrics_handler_json.go:173	return gauge metric %s value %fTotalAlloc1.341904e+06
        2025-12-03T05:38:34.997Z	DEBUG	middleware/sign_mw.go:47	sign ----------> v+tB4NqhJyc/zpyPLLM5KoZjQ7QBs3Uz6XRrHwQlmdM=
        2025/12/03 05:38:34 http: superfluous response.WriteHeader call from github.com/mrPTqp/metrics/internal/server/middleware.(*loggingResponseWriter).WriteHeader (logging_mw.go:30)
        2025-12-03T05:38:34.997Z	INFO	middleware/logging_mw.go:69	uri /value/ method POST duration 487.557µs status 200 size 75
        2025-12-03T05:38:35.098Z	DEBUG	middleware/gzip_mw.go:15	accept encoding value gzip
        2025-12-03T05:38:35.098Z	DEBUG	middleware/gzip_mw.go:17	supports gzip %!b(bool=true)
        2025-12-03T05:38:35.098Z	DEBUG	middleware/gzip_mw.go:19	try compress
        2025-12-03T05:38:35.098Z	INFO	service/base_metrics_service.go:53	Retrieved counter: PollCount = 474
        2025-12-03T05:38:35.098Z	INFO	handler/metrics_handler_json.go:190	return counter metric %s value %dPollCount474
        2025-12-03T05:38:35.098Z	DEBUG	middleware/sign_mw.go:47	sign ----------> hW+1wI0R/x66EOYRdIergjJLWdGUqPBrKnM6zz5Qr0g=
        2025/12/03 05:38:35 http: superfluous response.WriteHeader call from github.com/mrPTqp/metrics/internal/server/middleware.(*loggingResponseWriter).WriteHeader (logging_mw.go:30)
        2025-12-03T05:38:35.098Z	INFO	middleware/logging_mw.go:69	uri /value/ method POST duration 602.602µs status 200 size 70
        2025-12-03T05:38:35.199Z	DEBUG	middleware/gzip_mw.go:15	accept encoding value gzip
        2025-12-03T05:38:35.199Z	DEBUG	middleware/gzip_mw.go:17	supports gzip %!b(bool=true)
        2025-12-03T05:38:35.199Z	DEBUG	middleware/gzip_mw.go:19	try compress
        2025-12-03T05:38:35.199Z	INFO	service/base_metrics_service.go:44	Retrieved gauge: RandomValue = 0.490846
        2025-12-03T05:38:35.200Z	INFO	handler/metrics_handler_json.go:173	return gauge metric %s value %fRandomValue0.4908458140365596
        2025-12-03T05:38:35.200Z	DEBUG	middleware/sign_mw.go:47	sign ----------> aR+xitNsjQCwv9u4I5BbNK1KTKyP8OMZ+ghKcUnBzJY=
        2025/12/03 05:38:35 http: superfluous response.WriteHeader call from github.com/mrPTqp/metrics/internal/server/middleware.(*loggingResponseWriter).WriteHeader (logging_mw.go:30)
        2025-12-03T05:38:35.200Z	INFO	middleware/logging_mw.go:69	uri /value/ method POST duration 970.671µs status 200 size 82
        2025-12-03T05:38:35.301Z	DEBUG	middleware/gzip_mw.go:15	accept encoding value gzip
        2025-12-03T05:38:35.301Z	DEBUG	middleware/gzip_mw.go:17	supports gzip %!b(bool=true)
        2025-12-03T05:38:35.301Z	DEBUG	middleware/gzip_mw.go:19	try compress
        2025-12-03T05:38:35.301Z	INFO	service/base_metrics_service.go:44	Retrieved gauge: Alloc = 1341904.000000
        2025-12-03T05:38:35.301Z	INFO	handler/metrics_handler_json.go:173	return gauge metric %s value %fAlloc1.341904e+06
        2025-12-03T05:38:35.301Z	DEBUG	middleware/sign_mw.go:47	sign ----------> xTp24yQonkTNuRurmq+e9lqc43CO7Af5Xbz2lLHWgu8=
        2025/12/03 05:38:35 http: superfluous response.WriteHeader call from github.com/mrPTqp/metrics/internal/server/middleware.(*loggingResponseWriter).WriteHeader (logging_mw.go:30)
        2025-12-03T05:38:35.301Z	INFO	middleware/logging_mw.go:69	uri /value/ method POST duration 524.404µs status 200 size 70
        2025-12-03T05:38:35.402Z	DEBUG	middleware/gzip_mw.go:15	accept encoding value gzip
        2025-12-03T05:38:35.402Z	DEBUG	middleware/gzip_mw.go:17	supports gzip %!b(bool=true)
        2025-12-03T05:38:35.402Z	DEBUG	middleware/gzip_mw.go:19	try compress
        2025-12-03T05:38:35.402Z	INFO	service/base_metrics_service.go:44	Retrieved gauge: Frees = 70.000000
        2025-12-03T05:38:35.402Z	INFO	handler/metrics_handler_json.go:173	return gauge metric %s value %fFrees70
        2025-12-03T05:38:35.402Z	DEBUG	middleware/sign_mw.go:47	sign ----------> uJle0mAH8hU7VxS2Z0YjMgOQMs/8vSAdAgPkQGnpZS0=
        2025/12/03 05:38:35 http: superfluous response.WriteHeader call from github.com/mrPTqp/metrics/internal/server/middleware.(*loggingResponseWriter).WriteHeader (logging_mw.go:30)
        2025-12-03T05:38:35.402Z	INFO	middleware/logging_mw.go:69	uri /value/ method POST duration 521.007µs status 200 size 65
        2025-12-03T05:38:35.503Z	DEBUG	middleware/gzip_mw.go:15	accept encoding value gzip
        2025-12-03T05:38:35.503Z	DEBUG	middleware/gzip_mw.go:17	supports gzip %!b(bool=true)
        2025-12-03T05:38:35.503Z	DEBUG	middleware/gzip_mw.go:19	try compress
        2025-12-03T05:38:35.504Z	INFO	service/base_metrics_service.go:44	Retrieved gauge: HeapAlloc = 1341904.000000
        2025-12-03T05:38:35.504Z	INFO	handler/metrics_handler_json.go:173	return gauge metric %s value %fHeapAlloc1.341904e+06
        2025-12-03T05:38:35.504Z	DEBUG	middleware/sign_mw.go:47	sign ----------> wx/B5OVIzNdcl1PTB8RupD/YZjb4xHIQ+gYD/neHjA0=
        2025/12/03 05:38:35 http: superfluous response.WriteHeader call from github.com/mrPTqp/metrics/internal/server/middleware.(*loggingResponseWriter).WriteHeader (logging_mw.go:30)
        2025-12-03T05:38:35.504Z	INFO	middleware/logging_mw.go:69	uri /value/ method POST duration 945.708µs status 200 size 74
        2025-12-03T05:38:35.605Z	DEBUG	middleware/gzip_mw.go:15	accept encoding value gzip
        2025-12-03T05:38:35.605Z	DEBUG	middleware/gzip_mw.go:17	supports gzip %!b(bool=true)
        2025-12-03T05:38:35.605Z	DEBUG	middleware/gzip_mw.go:19	try compress
        2025-12-03T05:38:35.605Z	INFO	service/base_metrics_service.go:44	Retrieved gauge: HeapIdle = 1875968.000000
        2025-12-03T05:38:35.605Z	INFO	handler/metrics_handler_json.go:173	return gauge metric %s value %fHeapIdle1.875968e+06
        2025-12-03T05:38:35.605Z	DEBUG	middleware/sign_mw.go:47	sign ----------> Z1RzU7z2hAlwykMhV5Cv1AkgFn5T7UZ+inlrkFzF5nI=
        2025/12/03 05:38:35 http: superfluous response.WriteHeader call from github.com/mrPTqp/metrics/internal/server/middleware.(*loggingResponseWriter).WriteHeader (logging_mw.go:30)
        2025-12-03T05:38:35.605Z	INFO	middleware/logging_mw.go:69	uri /value/ method POST duration 499.227µs status 200 size 71
        2025-12-03T05:38:35.706Z	DEBUG	middleware/gzip_mw.go:15	accept encoding value gzip
        2025-12-03T05:38:35.706Z	DEBUG	middleware/gzip_mw.go:17	supports gzip %!b(bool=true)
        2025-12-03T05:38:35.706Z	DEBUG	middleware/gzip_mw.go:19	try compress
        2025-12-03T05:38:35.707Z	INFO	service/base_metrics_service.go:44	Retrieved gauge: HeapInuse = 1990656.000000
        2025-12-03T05:38:35.707Z	INFO	handler/metrics_handler_json.go:173	return gauge metric %s value %fHeapInuse1.990656e+06
        2025-12-03T05:38:35.707Z	DEBUG	middleware/sign_mw.go:47	sign ----------> cU8/wHTRLepbt4LH+LCZ5XkJmXUJpIUOGzh7rgA9d2Q=
        2025/12/03 05:38:35 http: superfluous response.WriteHeader call from github.com/mrPTqp/metrics/internal/server/middleware.(*loggingResponseWriter).WriteHeader (logging_mw.go:30)
        2025-12-03T05:38:35.707Z	INFO	middleware/logging_mw.go:69	uri /value/ method POST duration 586.302µs status 200 size 72
        2025-12-03T05:38:35.808Z	DEBUG	middleware/gzip_mw.go:15	accept encoding value gzip
        2025-12-03T05:38:35.808Z	DEBUG	middleware/gzip_mw.go:17	supports gzip %!b(bool=true)
        2025-12-03T05:38:35.808Z	DEBUG	middleware/gzip_mw.go:19	try compress
        2025-12-03T05:38:35.808Z	INFO	service/base_metrics_service.go:44	Retrieved gauge: HeapObjects = 1293.000000
        2025-12-03T05:38:35.809Z	INFO	handler/metrics_handler_json.go:173	return gauge metric %s value %fHeapObjects1293
        2025-12-03T05:38:35.809Z	DEBUG	middleware/sign_mw.go:47	sign ----------> 4EiAMOd5555wTbRPIGsdfPtkh2q/jiN2Xu1xy12v5lo=
        2025/12/03 05:38:35 http: superfluous response.WriteHeader call from github.com/mrPTqp/metrics/internal/server/middleware.(*loggingResponseWriter).WriteHeader (logging_mw.go:30)
        2025-12-03T05:38:35.809Z	INFO	middleware/logging_mw.go:69	uri /value/ method POST duration 965.758µs status 200 size 73
        2025-12-03T05:38:35.909Z	DEBUG	middleware/gzip_mw.go:15	accept encoding value gzip
        2025-12-03T05:38:35.909Z	DEBUG	middleware/gzip_mw.go:17	supports gzip %!b(bool=true)
        2025-12-03T05:38:35.909Z	DEBUG	middleware/gzip_mw.go:19	try compress
        2025-12-03T05:38:35.910Z	INFO	service/base_metrics_service.go:44	Retrieved gauge: Mallocs = 1363.000000
        2025-12-03T05:38:35.910Z	INFO	handler/metrics_handler_json.go:173	return gauge metric %s value %fMallocs1363
        2025-12-03T05:38:35.910Z	DEBUG	middleware/sign_mw.go:47	sign ----------> 3Lne+qLyIgpBLs4GXy1i+B6Sl24zNsQS8XvcuW9Tazg=
        2025/12/03 05:38:35 http: superfluous response.WriteHeader call from github.com/mrPTqp/metrics/internal/server/middleware.(*loggingResponseWriter).WriteHeader (logging_mw.go:30)
        2025-12-03T05:38:35.910Z	INFO	middleware/logging_mw.go:69	uri /value/ method POST duration 541.406µs status 200 size 69
        2025-12-03T05:38:36.011Z	DEBUG	middleware/gzip_mw.go:15	accept encoding value gzip
        2025-12-03T05:38:36.011Z	DEBUG	middleware/gzip_mw.go:17	supports gzip %!b(bool=true)
        2025-12-03T05:38:36.011Z	DEBUG	middleware/gzip_mw.go:19	try compress
        2025-12-03T05:38:36.011Z	INFO	service/base_metrics_service.go:44	Retrieved gauge: TotalAlloc = 1341904.000000
        2025-12-03T05:38:36.011Z	INFO	handler/metrics_handler_json.go:173	return gauge metric %s value %fTotalAlloc1.341904e+06
        2025-12-03T05:38:36.011Z	DEBUG	middleware/sign_mw.go:47	sign ----------> v+tB4NqhJyc/zpyPLLM5KoZjQ7QBs3Uz6XRrHwQlmdM=
        2025/12/03 05:38:36 http: superfluous response.WriteHeader call from github.com/mrPTqp/metrics/internal/server/middleware.(*loggingResponseWriter).WriteHeader (logging_mw.go:30)
        2025-12-03T05:38:36.011Z	INFO	middleware/logging_mw.go:69	uri /value/ method POST duration 600.868µs status 200 size 75
        2025-12-03T05:38:36.112Z	DEBUG	middleware/gzip_mw.go:15	accept encoding value gzip
        2025-12-03T05:38:36.112Z	DEBUG	middleware/gzip_mw.go:17	supports gzip %!b(bool=true)
        2025-12-03T05:38:36.112Z	DEBUG	middleware/gzip_mw.go:19	try compress
        2025-12-03T05:38:36.112Z	INFO	service/base_metrics_service.go:53	Retrieved counter: PollCount = 474
        2025-12-03T05:38:36.113Z	INFO	handler/metrics_handler_json.go:190	return counter metric %s value %dPollCount474
        2025-12-03T05:38:36.113Z	DEBUG	middleware/sign_mw.go:47	sign ----------> hW+1wI0R/x66EOYRdIergjJLWdGUqPBrKnM6zz5Qr0g=
        2025/12/03 05:38:36 http: superfluous response.WriteHeader call from github.com/mrPTqp/metrics/internal/server/middleware.(*loggingResponseWriter).WriteHeader (logging_mw.go:30)
        2025-12-03T05:38:36.113Z	INFO	middleware/logging_mw.go:69	uri /value/ method POST duration 954.183µs status 200 size 70
        2025-12-03T05:38:36.214Z	DEBUG	middleware/gzip_mw.go:15	accept encoding value gzip
        2025-12-03T05:38:36.214Z	DEBUG	middleware/gzip_mw.go:17	supports gzip %!b(bool=true)
        2025-12-03T05:38:36.214Z	DEBUG	middleware/gzip_mw.go:19	try compress
        2025-12-03T05:38:36.214Z	INFO	service/base_metrics_service.go:44	Retrieved gauge: RandomValue = 0.490846
        2025-12-03T05:38:36.214Z	INFO	handler/metrics_handler_json.go:173	return gauge metric %s value %fRandomValue0.4908458140365596
        2025-12-03T05:38:36.214Z	DEBUG	middleware/sign_mw.go:47	sign ----------> aR+xitNsjQCwv9u4I5BbNK1KTKyP8OMZ+ghKcUnBzJY=
        2025/12/03 05:38:36 http: superfluous response.WriteHeader call from github.com/mrPTqp/metrics/internal/server/middleware.(*loggingResponseWriter).WriteHeader (logging_mw.go:30)
        2025-12-03T05:38:36.214Z	INFO	middleware/logging_mw.go:69	uri /value/ method POST duration 539.064µs status 200 size 82
        2025-12-03T05:38:36.315Z	DEBUG	middleware/gzip_mw.go:15	accept encoding value gzip
        2025-12-03T05:38:36.315Z	DEBUG	middleware/gzip_mw.go:17	supports gzip %!b(bool=true)
        2025-12-03T05:38:36.315Z	DEBUG	middleware/gzip_mw.go:19	try compress
        2025-12-03T05:38:36.315Z	INFO	service/base_metrics_service.go:44	Retrieved gauge: Alloc = 1341904.000000
        2025-12-03T05:38:36.315Z	INFO	handler/metrics_handler_json.go:173	return gauge metric %s value %fAlloc1.341904e+06
        2025-12-03T05:38:36.315Z	DEBUG	middleware/sign_mw.go:47	sign ----------> xTp24yQonkTNuRurmq+e9lqc43CO7Af5Xbz2lLHWgu8=
        2025/12/03 05:38:36 http: superfluous response.WriteHeader call from github.com/mrPTqp/metrics/internal/server/middleware.(*loggingResponseWriter).WriteHeader (logging_mw.go:30)
        2025-12-03T05:38:36.315Z	INFO	middleware/logging_mw.go:69	uri /value/ method POST duration 439.734µs status 200 size 70
        2025-12-03T05:38:36.416Z	DEBUG	middleware/gzip_mw.go:15	accept encoding value gzip
        2025-12-03T05:38:36.416Z	DEBUG	middleware/gzip_mw.go:17	supports gzip %!b(bool=true)
        2025-12-03T05:38:36.416Z	DEBUG	middleware/gzip_mw.go:19	try compress
        2025-12-03T05:38:36.416Z	INFO	service/base_metrics_service.go:44	Retrieved gauge: Frees = 70.000000
        2025-12-03T05:38:36.416Z	INFO	handler/metrics_handler_json.go:173	return gauge metric %s value %fFrees70
        2025-12-03T05:38:36.416Z	DEBUG	middleware/sign_mw.go:47	sign ----------> uJle0mAH8hU7VxS2Z0YjMgOQMs/8vSAdAgPkQGnpZS0=
        2025/12/03 05:38:36 http: superfluous response.WriteHeader call from github.com/mrPTqp/metrics/internal/server/middleware.(*loggingResponseWriter).WriteHeader (logging_mw.go:30)
        2025-12-03T05:38:36.416Z	INFO	middleware/logging_mw.go:69	uri /value/ method POST duration 748.606µs status 200 size 65
        2025-12-03T05:38:36.517Z	DEBUG	middleware/gzip_mw.go:15	accept encoding value gzip
        2025-12-03T05:38:36.517Z	DEBUG	middleware/gzip_mw.go:17	supports gzip %!b(bool=true)
        2025-12-03T05:38:36.517Z	DEBUG	middleware/gzip_mw.go:19	try compress
        2025-12-03T05:38:36.517Z	INFO	service/base_metrics_service.go:44	Retrieved gauge: HeapAlloc = 1341904.000000
        2025-12-03T05:38:36.517Z	INFO	handler/metrics_handler_json.go:173	return gauge metric %s value %fHeapAlloc1.341904e+06
        2025-12-03T05:38:36.517Z	DEBUG	middleware/sign_mw.go:47	sign ----------> wx/B5OVIzNdcl1PTB8RupD/YZjb4xHIQ+gYD/neHjA0=
        2025/12/03 05:38:36 http: superfluous response.WriteHeader call from github.com/mrPTqp/metrics/internal/server/middleware.(*loggingResponseWriter).WriteHeader (logging_mw.go:30)
        2025-12-03T05:38:36.517Z	INFO	middleware/logging_mw.go:69	uri /value/ method POST duration 344.124µs status 200 size 74
        2025-12-03T05:38:36.618Z	DEBUG	middleware/gzip_mw.go:15	accept encoding value gzip
        2025-12-03T05:38:36.618Z	DEBUG	middleware/gzip_mw.go:17	supports gzip %!b(bool=true)
        2025-12-03T05:38:36.618Z	DEBUG	middleware/gzip_mw.go:19	try compress
        2025-12-03T05:38:36.618Z	INFO	service/base_metrics_service.go:44	Retrieved gauge: HeapIdle = 1875968.000000
        2025-12-03T05:38:36.618Z	INFO	handler/metrics_handler_json.go:173	return gauge metric %s value %fHeapIdle1.875968e+06
        2025-12-03T05:38:36.618Z	DEBUG	middleware/sign_mw.go:47	sign ----------> Z1RzU7z2hAlwykMhV5Cv1AkgFn5T7UZ+inlrkFzF5nI=
        2025/12/03 05:38:36 http: superfluous response.WriteHeader call from github.com/mrPTqp/metrics/internal/server/middleware.(*loggingResponseWriter).WriteHeader (logging_mw.go:30)
        2025-12-03T05:38:36.619Z	INFO	middleware/logging_mw.go:69	uri /value/ method POST duration 467.008µs status 200 size 71
        2025-12-03T05:38:36.719Z	DEBUG	middleware/gzip_mw.go:15	accept encoding value gzip
        2025-12-03T05:38:36.719Z	DEBUG	middleware/gzip_mw.go:17	supports gzip %!b(bool=true)
        2025-12-03T05:38:36.719Z	DEBUG	middleware/gzip_mw.go:19	try compress
        2025-12-03T05:38:36.719Z	INFO	service/base_metrics_service.go:44	Retrieved gauge: HeapInuse = 1990656.000000
        2025-12-03T05:38:36.720Z	INFO	handler/metrics_handler_json.go:173	return gauge metric %s value %fHeapInuse1.990656e+06
        2025-12-03T05:38:36.720Z	DEBUG	middleware/sign_mw.go:47	sign ----------> cU8/wHTRLepbt4LH+LCZ5XkJmXUJpIUOGzh7rgA9d2Q=
        2025/12/03 05:38:36 http: superfluous response.WriteHeader call from github.com/mrPTqp/metrics/internal/server/middleware.(*loggingResponseWriter).WriteHeader (logging_mw.go:30)
        2025-12-03T05:38:36.720Z	INFO	middleware/logging_mw.go:69	uri /value/ method POST duration 865.225µs status 200 size 72
        2025-12-03T05:38:36.821Z	DEBUG	middleware/gzip_mw.go:15	accept encoding value gzip
        2025-12-03T05:38:36.821Z	DEBUG	middleware/gzip_mw.go:17	supports gzip %!b(bool=true)
        2025-12-03T05:38:36.821Z	DEBUG	middleware/gzip_mw.go:19	try compress
        2025-12-03T05:38:36.821Z	INFO	service/base_metrics_service.go:44	Retrieved gauge: HeapObjects = 1293.000000
        2025-12-03T05:38:36.821Z	INFO	handler/metrics_handler_json.go:173	return gauge metric %s value %fHeapObjects1293
        2025-12-03T05:38:36.821Z	DEBUG	middleware/sign_mw.go:47	sign ----------> 4EiAMOd5555wTbRPIGsdfPtkh2q/jiN2Xu1xy12v5lo=
        2025/12/03 05:38:36 http: superfluous response.WriteHeader call from github.com/mrPTqp/metrics/internal/server/middleware.(*loggingResponseWriter).WriteHeader (logging_mw.go:30)
        2025-12-03T05:38:36.821Z	INFO	middleware/logging_mw.go:69	uri /value/ method POST duration 541.439µs status 200 size 73
        2025-12-03T05:38:36.922Z	DEBUG	middleware/gzip_mw.go:15	accept encoding value gzip
        2025-12-03T05:38:36.922Z	DEBUG	middleware/gzip_mw.go:17	supports gzip %!b(bool=true)
        2025-12-03T05:38:36.922Z	DEBUG	middleware/gzip_mw.go:19	try compress
        2025-12-03T05:38:36.922Z	INFO	service/base_metrics_service.go:44	Retrieved gauge: Mallocs = 1363.000000
        2025-12-03T05:38:36.922Z	INFO	handler/metrics_handler_json.go:173	return gauge metric %s value %fMallocs1363
        2025-12-03T05:38:36.922Z	DEBUG	middleware/sign_mw.go:47	sign ----------> 3Lne+qLyIgpBLs4GXy1i+B6Sl24zNsQS8XvcuW9Tazg=
        2025/12/03 05:38:36 http: superfluous response.WriteHeader call from github.com/mrPTqp/metrics/internal/server/middleware.(*loggingResponseWriter).WriteHeader (logging_mw.go:30)
        2025-12-03T05:38:36.922Z	INFO	middleware/logging_mw.go:69	uri /value/ method POST duration 536.419µs status 200 size 69
        2025-12-03T05:38:37.023Z	DEBUG	middleware/gzip_mw.go:15	accept encoding value gzip
        2025-12-03T05:38:37.023Z	DEBUG	middleware/gzip_mw.go:17	supports gzip %!b(bool=true)
        2025-12-03T05:38:37.023Z	DEBUG	middleware/gzip_mw.go:19	try compress
        2025-12-03T05:38:37.024Z	INFO	service/base_metrics_service.go:44	Retrieved gauge: TotalAlloc = 1341904.000000
        2025-12-03T05:38:37.024Z	INFO	handler/metrics_handler_json.go:173	return gauge metric %s value %fTotalAlloc1.341904e+06
        2025-12-03T05:38:37.024Z	DEBUG	middleware/sign_mw.go:47	sign ----------> v+tB4NqhJyc/zpyPLLM5KoZjQ7QBs3Uz6XRrHwQlmdM=
        2025/12/03 05:38:37 http: superfluous response.WriteHeader call from github.com/mrPTqp/metrics/internal/server/middleware.(*loggingResponseWriter).WriteHeader (logging_mw.go:30)
        2025-12-03T05:38:37.024Z	INFO	middleware/logging_mw.go:69	uri /value/ method POST duration 901.567µs status 200 size 75
        2025-12-03T05:38:37.125Z	DEBUG	middleware/gzip_mw.go:15	accept encoding value gzip
        2025-12-03T05:38:37.125Z	DEBUG	middleware/gzip_mw.go:17	supports gzip %!b(bool=true)
        2025-12-03T05:38:37.125Z	DEBUG	middleware/gzip_mw.go:19	try compress
        2025-12-03T05:38:37.125Z	INFO	service/base_metrics_service.go:53	Retrieved counter: PollCount = 474
        2025-12-03T05:38:37.125Z	INFO	handler/metrics_handler_json.go:190	return counter metric %s value %dPollCount474
        2025-12-03T05:38:37.125Z	DEBUG	middleware/sign_mw.go:47	sign ----------> hW+1wI0R/x66EOYRdIergjJLWdGUqPBrKnM6zz5Qr0g=
        2025/12/03 05:38:37 http: superfluous response.WriteHeader call from github.com/mrPTqp/metrics/internal/server/middleware.(*loggingResponseWriter).WriteHeader (logging_mw.go:30)
        2025-12-03T05:38:37.125Z	INFO	middleware/logging_mw.go:69	uri /value/ method POST duration 603.195µs status 200 size 70
        2025-12-03T05:38:37.226Z	DEBUG	middleware/gzip_mw.go:15	accept encoding value gzip
        2025-12-03T05:38:37.226Z	DEBUG	middleware/gzip_mw.go:17	supports gzip %!b(bool=true)
        2025-12-03T05:38:37.226Z	DEBUG	middleware/gzip_mw.go:19	try compress
        2025-12-03T05:38:37.227Z	INFO	service/base_metrics_service.go:44	Retrieved gauge: RandomValue = 0.490846
        2025-12-03T05:38:37.227Z	INFO	handler/metrics_handler_json.go:173	return gauge metric %s value %fRandomValue0.4908458140365596
        2025-12-03T05:38:37.227Z	DEBUG	middleware/sign_mw.go:47	sign ----------> aR+xitNsjQCwv9u4I5BbNK1KTKyP8OMZ+ghKcUnBzJY=
        2025/12/03 05:38:37 http: superfluous response.WriteHeader call from github.com/mrPTqp/metrics/internal/server/middleware.(*loggingResponseWriter).WriteHeader (logging_mw.go:30)
        2025-12-03T05:38:37.227Z	INFO	middleware/logging_mw.go:69	uri /value/ method POST duration 551.756µs status 200 size 82
        2025-12-03T05:38:37.327Z	DEBUG	middleware/gzip_mw.go:15	accept encoding value gzip
        2025-12-03T05:38:37.327Z	DEBUG	middleware/gzip_mw.go:17	supports gzip %!b(bool=true)
        2025-12-03T05:38:37.327Z	DEBUG	middleware/gzip_mw.go:19	try compress
        2025-12-03T05:38:37.328Z	INFO	service/base_metrics_service.go:44	Retrieved gauge: Alloc = 1341904.000000
        2025-12-03T05:38:37.328Z	INFO	handler/metrics_handler_json.go:173	return gauge metric %s value %fAlloc1.341904e+06
        2025-12-03T05:38:37.328Z	DEBUG	middleware/sign_mw.go:47	sign ----------> xTp24yQonkTNuRurmq+e9lqc43CO7Af5Xbz2lLHWgu8=
        2025/12/03 05:38:37 http: superfluous response.WriteHeader call from github.com/mrPTqp/metrics/internal/server/middleware.(*loggingResponseWriter).WriteHeader (logging_mw.go:30)
        2025-12-03T05:38:37.328Z	INFO	middleware/logging_mw.go:69	uri /value/ method POST duration 833.377µs status 200 size 70
        2025-12-03T05:38:37.429Z	DEBUG	middleware/gzip_mw.go:15	accept encoding value gzip
        2025-12-03T05:38:37.429Z	DEBUG	middleware/gzip_mw.go:17	supports gzip %!b(bool=true)
        2025-12-03T05:38:37.429Z	DEBUG	middleware/gzip_mw.go:19	try compress
        2025-12-03T05:38:37.429Z	INFO	service/base_metrics_service.go:44	Retrieved gauge: Frees = 70.000000
        2025-12-03T05:38:37.429Z	INFO	handler/metrics_handler_json.go:173	return gauge metric %s value %fFrees70
        2025-12-03T05:38:37.429Z	DEBUG	middleware/sign_mw.go:47	sign ----------> uJle0mAH8hU7VxS2Z0YjMgOQMs/8vSAdAgPkQGnpZS0=
        2025/12/03 05:38:37 http: superfluous response.WriteHeader call from github.com/mrPTqp/metrics/internal/server/middleware.(*loggingResponseWriter).WriteHeader (logging_mw.go:30)
        2025-12-03T05:38:37.429Z	INFO	middleware/logging_mw.go:69	uri /value/ method POST duration 372.437µs status 200 size 65
        2025-12-03T05:38:37.530Z	DEBUG	middleware/gzip_mw.go:15	accept encoding value gzip
        2025-12-03T05:38:37.530Z	DEBUG	middleware/gzip_mw.go:17	supports gzip %!b(bool=true)
        2025-12-03T05:38:37.530Z	DEBUG	middleware/gzip_mw.go:19	try compress
        2025-12-03T05:38:37.530Z	INFO	service/base_metrics_service.go:44	Retrieved gauge: HeapAlloc = 1341904.000000
        2025-12-03T05:38:37.530Z	INFO	handler/metrics_handler_json.go:173	return gauge metric %s value %fHeapAlloc1.341904e+06
        2025-12-03T05:38:37.530Z	DEBUG	middleware/sign_mw.go:47	sign ----------> wx/B5OVIzNdcl1PTB8RupD/YZjb4xHIQ+gYD/neHjA0=
        2025/12/03 05:38:37 http: superfluous response.WriteHeader call from github.com/mrPTqp/metrics/internal/server/middleware.(*loggingResponseWriter).WriteHeader (logging_mw.go:30)
        2025-12-03T05:38:37.530Z	INFO	middleware/logging_mw.go:69	uri /value/ method POST duration 469.09µs status 200 size 74
        2025-12-03T05:38:37.631Z	DEBUG	middleware/gzip_mw.go:15	accept encoding value gzip
        2025-12-03T05:38:37.631Z	DEBUG	middleware/gzip_mw.go:17	supports gzip %!b(bool=true)
        2025-12-03T05:38:37.631Z	DEBUG	middleware/gzip_mw.go:19	try compress
        2025-12-03T05:38:37.631Z	INFO	service/base_metrics_service.go:44	Retrieved gauge: HeapIdle = 1875968.000000
        2025-12-03T05:38:37.632Z	INFO	handler/metrics_handler_json.go:173	return gauge metric %s value %fHeapIdle1.875968e+06
        2025-12-03T05:38:37.632Z	DEBUG	middleware/sign_mw.go:47	sign ----------> Z1RzU7z2hAlwykMhV5Cv1AkgFn5T7UZ+inlrkFzF5nI=
        2025/12/03 05:38:37 http: superfluous response.WriteHeader call from github.com/mrPTqp/metrics/internal/server/middleware.(*loggingResponseWriter).WriteHeader (logging_mw.go:30)
        2025-12-03T05:38:37.632Z	INFO	middleware/logging_mw.go:69	uri /value/ method POST duration 837.747µs status 200 size 71
        2025-12-03T05:38:37.732Z	DEBUG	middleware/gzip_mw.go:15	accept encoding value gzip
        2025-12-03T05:38:37.732Z	DEBUG	middleware/gzip_mw.go:17	supports gzip %!b(bool=true)
        2025-12-03T05:38:37.732Z	DEBUG	middleware/gzip_mw.go:19	try compress
        2025-12-03T05:38:37.732Z	INFO	service/base_metrics_service.go:44	Retrieved gauge: HeapInuse = 1990656.000000
        2025-12-03T05:38:37.733Z	INFO	handler/metrics_handler_json.go:173	return gauge metric %s value %fHeapInuse1.990656e+06
        2025-12-03T05:38:37.733Z	DEBUG	middleware/sign_mw.go:47	sign ----------> cU8/wHTRLepbt4LH+LCZ5XkJmXUJpIUOGzh7rgA9d2Q=
        2025/12/03 05:38:37 http: superfluous response.WriteHeader call from github.com/mrPTqp/metrics/internal/server/middleware.(*loggingResponseWriter).WriteHeader (logging_mw.go:30)
        2025-12-03T05:38:37.733Z	INFO	middleware/logging_mw.go:69	uri /value/ method POST duration 402.286µs status 200 size 72
        2025-12-03T05:38:37.833Z	DEBUG	middleware/gzip_mw.go:15	accept encoding value gzip
        2025-12-03T05:38:37.833Z	DEBUG	middleware/gzip_mw.go:17	supports gzip %!b(bool=true)
        2025-12-03T05:38:37.833Z	DEBUG	middleware/gzip_mw.go:19	try compress
        2025-12-03T05:38:37.833Z	INFO	service/base_metrics_service.go:44	Retrieved gauge: HeapObjects = 1293.000000
        2025-12-03T05:38:37.834Z	INFO	handler/metrics_handler_json.go:173	return gauge metric %s value %fHeapObjects1293
        2025-12-03T05:38:37.834Z	DEBUG	middleware/sign_mw.go:47	sign ----------> 4EiAMOd5555wTbRPIGsdfPtkh2q/jiN2Xu1xy12v5lo=
        2025/12/03 05:38:37 http: superfluous response.WriteHeader call from github.com/mrPTqp/metrics/internal/server/middleware.(*loggingResponseWriter).WriteHeader (logging_mw.go:30)
        2025-12-03T05:38:37.834Z	INFO	middleware/logging_mw.go:69	uri /value/ method POST duration 405.637µs status 200 size 73
        2025-12-03T05:38:37.934Z	DEBUG	middleware/gzip_mw.go:15	accept encoding value gzip
        2025-12-03T05:38:37.934Z	DEBUG	middleware/gzip_mw.go:17	supports gzip %!b(bool=true)
        2025-12-03T05:38:37.934Z	DEBUG	middleware/gzip_mw.go:19	try compress
        2025-12-03T05:38:37.935Z	INFO	service/base_metrics_service.go:44	Retrieved gauge: Mallocs = 1363.000000
        2025-12-03T05:38:37.935Z	INFO	handler/metrics_handler_json.go:173	return gauge metric %s value %fMallocs1363
        2025-12-03T05:38:37.935Z	DEBUG	middleware/sign_mw.go:47	sign ----------> 3Lne+qLyIgpBLs4GXy1i+B6Sl24zNsQS8XvcuW9Tazg=
        2025/12/03 05:38:37 http: superfluous response.WriteHeader call from github.com/mrPTqp/metrics/internal/server/middleware.(*loggingResponseWriter).WriteHeader (logging_mw.go:30)
        2025-12-03T05:38:37.935Z	INFO	middleware/logging_mw.go:69	uri /value/ method POST duration 922.847µs status 200 size 69
        2025-12-03T05:38:38.036Z	DEBUG	middleware/gzip_mw.go:15	accept encoding value gzip
        2025-12-03T05:38:38.036Z	DEBUG	middleware/gzip_mw.go:17	supports gzip %!b(bool=true)
        2025-12-03T05:38:38.036Z	DEBUG	middleware/gzip_mw.go:19	try compress
        2025-12-03T05:38:38.036Z	INFO	service/base_metrics_service.go:44	Retrieved gauge: TotalAlloc = 1341904.000000
        2025-12-03T05:38:38.037Z	INFO	handler/metrics_handler_json.go:173	return gauge metric %s value %fTotalAlloc1.341904e+06
        2025-12-03T05:38:38.037Z	DEBUG	middleware/sign_mw.go:47	sign ----------> v+tB4NqhJyc/zpyPLLM5KoZjQ7QBs3Uz6XRrHwQlmdM=
        2025/12/03 05:38:38 http: superfluous response.WriteHeader call from github.com/mrPTqp/metrics/internal/server/middleware.(*loggingResponseWriter).WriteHeader (logging_mw.go:30)
        2025-12-03T05:38:38.037Z	INFO	middleware/logging_mw.go:69	uri /value/ method POST duration 585.813µs status 200 size 75
        2025-12-03T05:38:38.138Z	DEBUG	middleware/gzip_mw.go:15	accept encoding value gzip
        2025-12-03T05:38:38.138Z	DEBUG	middleware/gzip_mw.go:17	supports gzip %!b(bool=true)
        2025-12-03T05:38:38.138Z	DEBUG	middleware/gzip_mw.go:19	try compress
        2025-12-03T05:38:38.138Z	INFO	service/base_metrics_service.go:53	Retrieved counter: PollCount = 474
        2025-12-03T05:38:38.138Z	INFO	handler/metrics_handler_json.go:190	return counter metric %s value %dPollCount474
        2025-12-03T05:38:38.138Z	DEBUG	middleware/sign_mw.go:47	sign ----------> hW+1wI0R/x66EOYRdIergjJLWdGUqPBrKnM6zz5Qr0g=
        2025/12/03 05:38:38 http: superfluous response.WriteHeader call from github.com/mrPTqp/metrics/internal/server/middleware.(*loggingResponseWriter).WriteHeader (logging_mw.go:30)
        2025-12-03T05:38:38.138Z	INFO	middleware/logging_mw.go:69	uri /value/ method POST duration 670.497µs status 200 size 70
        2025-12-03T05:38:38.239Z	DEBUG	middleware/gzip_mw.go:15	accept encoding value gzip
        2025-12-03T05:38:38.239Z	DEBUG	middleware/gzip_mw.go:17	supports gzip %!b(bool=true)
        2025-12-03T05:38:38.239Z	DEBUG	middleware/gzip_mw.go:19	try compress
        2025-12-03T05:38:38.239Z	INFO	service/base_metrics_service.go:44	Retrieved gauge: RandomValue = 0.490846
        2025-12-03T05:38:38.240Z	INFO	handler/metrics_handler_json.go:173	return gauge metric %s value %fRandomValue0.4908458140365596
        2025-12-03T05:38:38.240Z	DEBUG	middleware/sign_mw.go:47	sign ----------> aR+xitNsjQCwv9u4I5BbNK1KTKyP8OMZ+ghKcUnBzJY=
        2025/12/03 05:38:38 http: superfluous response.WriteHeader call from github.com/mrPTqp/metrics/internal/server/middleware.(*loggingResponseWriter).WriteHeader (logging_mw.go:30)
        2025-12-03T05:38:38.240Z	INFO	middleware/logging_mw.go:69	uri /value/ method POST duration 1.035532ms status 200 size 82
        2025-12-03T05:38:38.341Z	DEBUG	middleware/gzip_mw.go:15	accept encoding value gzip
        2025-12-03T05:38:38.341Z	DEBUG	middleware/gzip_mw.go:17	supports gzip %!b(bool=true)
        2025-12-03T05:38:38.341Z	DEBUG	middleware/gzip_mw.go:19	try compress
        2025-12-03T05:38:38.341Z	INFO	service/base_metrics_service.go:44	Retrieved gauge: Alloc = 1341904.000000
        2025-12-03T05:38:38.341Z	INFO	handler/metrics_handler_json.go:173	return gauge metric %s value %fAlloc1.341904e+06
        2025-12-03T05:38:38.341Z	DEBUG	middleware/sign_mw.go:47	sign ----------> xTp24yQonkTNuRurmq+e9lqc43CO7Af5Xbz2lLHWgu8=
        2025/12/03 05:38:38 http: superfluous response.WriteHeader call from github.com/mrPTqp/metrics/internal/server/middleware.(*loggingResponseWriter).WriteHeader (logging_mw.go:30)
        2025-12-03T05:38:38.341Z	INFO	middleware/logging_mw.go:69	uri /value/ method POST duration 560.907µs status 200 size 70
        2025-12-03T05:38:38.442Z	DEBUG	middleware/gzip_mw.go:15	accept encoding value gzip
        2025-12-03T05:38:38.442Z	DEBUG	middleware/gzip_mw.go:17	supports gzip %!b(bool=true)
        2025-12-03T05:38:38.442Z	DEBUG	middleware/gzip_mw.go:19	try compress
        2025-12-03T05:38:38.442Z	INFO	service/base_metrics_service.go:44	Retrieved gauge: Frees = 70.000000
        2025-12-03T05:38:38.442Z	INFO	handler/metrics_handler_json.go:173	return gauge metric %s value %fFrees70
        2025-12-03T05:38:38.442Z	DEBUG	middleware/sign_mw.go:47	sign ----------> uJle0mAH8hU7VxS2Z0YjMgOQMs/8vSAdAgPkQGnpZS0=
        2025/12/03 05:38:38 http: superfluous response.WriteHeader call from github.com/mrPTqp/metrics/internal/server/middleware.(*loggingResponseWriter).WriteHeader (logging_mw.go:30)
        2025-12-03T05:38:38.442Z	INFO	middleware/logging_mw.go:69	uri /value/ method POST duration 413.281µs status 200 size 65
        2025-12-03T05:38:38.543Z	DEBUG	middleware/gzip_mw.go:15	accept encoding value gzip
        2025-12-03T05:38:38.543Z	DEBUG	middleware/gzip_mw.go:17	supports gzip %!b(bool=true)
        2025-12-03T05:38:38.543Z	DEBUG	middleware/gzip_mw.go:19	try compress
        2025-12-03T05:38:38.543Z	INFO	service/base_metrics_service.go:44	Retrieved gauge: HeapAlloc = 1341904.000000
        2025-12-03T05:38:38.544Z	INFO	handler/metrics_handler_json.go:173	return gauge metric %s value %fHeapAlloc1.341904e+06
        2025-12-03T05:38:38.544Z	DEBUG	middleware/sign_mw.go:47	sign ----------> wx/B5OVIzNdcl1PTB8RupD/YZjb4xHIQ+gYD/neHjA0=
        2025/12/03 05:38:38 http: superfluous response.WriteHeader call from github.com/mrPTqp/metrics/internal/server/middleware.(*loggingResponseWriter).WriteHeader (logging_mw.go:30)
        2025-12-03T05:38:38.544Z	INFO	middleware/logging_mw.go:69	uri /value/ method POST duration 793.688µs status 200 size 74
        2025-12-03T05:38:38.644Z	DEBUG	middleware/gzip_mw.go:15	accept encoding value gzip
        2025-12-03T05:38:38.644Z	DEBUG	middleware/gzip_mw.go:17	supports gzip %!b(bool=true)
        2025-12-03T05:38:38.644Z	DEBUG	middleware/gzip_mw.go:19	try compress
        2025-12-03T05:38:38.645Z	INFO	service/base_metrics_service.go:44	Retrieved gauge: HeapIdle = 1875968.000000
        2025-12-03T05:38:38.645Z	INFO	handler/metrics_handler_json.go:173	return gauge metric %s value %fHeapIdle1.875968e+06
        2025-12-03T05:38:38.645Z	DEBUG	middleware/sign_mw.go:47	sign ----------> Z1RzU7z2hAlwykMhV5Cv1AkgFn5T7UZ+inlrkFzF5nI=
        2025/12/03 05:38:38 http: superfluous response.WriteHeader call from github.com/mrPTqp/metrics/internal/server/middleware.(*loggingResponseWriter).WriteHeader (logging_mw.go:30)
        2025-12-03T05:38:38.645Z	INFO	middleware/logging_mw.go:69	uri /value/ method POST duration 561.567µs status 200 size 71
        2025-12-03T05:38:38.746Z	DEBUG	middleware/gzip_mw.go:15	accept encoding value gzip
        2025-12-03T05:38:38.746Z	DEBUG	middleware/gzip_mw.go:17	supports gzip %!b(bool=true)
        2025-12-03T05:38:38.746Z	DEBUG	middleware/gzip_mw.go:19	try compress
        2025-12-03T05:38:38.746Z	INFO	service/base_metrics_service.go:44	Retrieved gauge: HeapInuse = 1990656.000000
        2025-12-03T05:38:38.746Z	INFO	handler/metrics_handler_json.go:173	return gauge metric %s value %fHeapInuse1.990656e+06
        2025-12-03T05:38:38.746Z	DEBUG	middleware/sign_mw.go:47	sign ----------> cU8/wHTRLepbt4LH+LCZ5XkJmXUJpIUOGzh7rgA9d2Q=
        2025/12/03 05:38:38 http: superfluous response.WriteHeader call from github.com/mrPTqp/metrics/internal/server/middleware.(*loggingResponseWriter).WriteHeader (logging_mw.go:30)
        2025-12-03T05:38:38.746Z	INFO	middleware/logging_mw.go:69	uri /value/ method POST duration 595.229µs status 200 size 72
        2025-12-03T05:38:38.847Z	DEBUG	middleware/gzip_mw.go:15	accept encoding value gzip
        2025-12-03T05:38:38.847Z	DEBUG	middleware/gzip_mw.go:17	supports gzip %!b(bool=true)
        2025-12-03T05:38:38.847Z	DEBUG	middleware/gzip_mw.go:19	try compress
        2025-12-03T05:38:38.848Z	INFO	service/base_metrics_service.go:44	Retrieved gauge: HeapObjects = 1293.000000
        2025-12-03T05:38:38.848Z	INFO	handler/metrics_handler_json.go:173	return gauge metric %s value %fHeapObjects1293
        2025-12-03T05:38:38.848Z	DEBUG	middleware/sign_mw.go:47	sign ----------> 4EiAMOd5555wTbRPIGsdfPtkh2q/jiN2Xu1xy12v5lo=
        2025/12/03 05:38:38 http: superfluous response.WriteHeader call from github.com/mrPTqp/metrics/internal/server/middleware.(*loggingResponseWriter).WriteHeader (logging_mw.go:30)
        2025-12-03T05:38:38.848Z	INFO	middleware/logging_mw.go:69	uri /value/ method POST duration 927.164µs status 200 size 73
        2025-12-03T05:38:38.949Z	DEBUG	middleware/gzip_mw.go:15	accept encoding value gzip
        2025-12-03T05:38:38.949Z	DEBUG	middleware/gzip_mw.go:17	supports gzip %!b(bool=true)
        2025-12-03T05:38:38.949Z	DEBUG	middleware/gzip_mw.go:19	try compress
        2025-12-03T05:38:38.949Z	INFO	service/base_metrics_service.go:44	Retrieved gauge: Mallocs = 1363.000000
        2025-12-03T05:38:38.949Z	INFO	handler/metrics_handler_json.go:173	return gauge metric %s value %fMallocs1363
        2025-12-03T05:38:38.949Z	DEBUG	middleware/sign_mw.go:47	sign ----------> 3Lne+qLyIgpBLs4GXy1i+B6Sl24zNsQS8XvcuW9Tazg=
        2025/12/03 05:38:38 http: superfluous response.WriteHeader call from github.com/mrPTqp/metrics/internal/server/middleware.(*loggingResponseWriter).WriteHeader (logging_mw.go:30)
        2025-12-03T05:38:38.949Z	INFO	middleware/logging_mw.go:69	uri /value/ method POST duration 559.128µs status 200 size 69
        2025-12-03T05:38:39.050Z	DEBUG	middleware/gzip_mw.go:15	accept encoding value gzip
        2025-12-03T05:38:39.050Z	DEBUG	middleware/gzip_mw.go:17	supports gzip %!b(bool=true)
        2025-12-03T05:38:39.050Z	DEBUG	middleware/gzip_mw.go:19	try compress
        2025-12-03T05:38:39.050Z	INFO	service/base_metrics_service.go:44	Retrieved gauge: TotalAlloc = 1341904.000000
        2025-12-03T05:38:39.051Z	INFO	handler/metrics_handler_json.go:173	return gauge metric %s value %fTotalAlloc1.341904e+06
        2025-12-03T05:38:39.051Z	DEBUG	middleware/sign_mw.go:47	sign ----------> v+tB4NqhJyc/zpyPLLM5KoZjQ7QBs3Uz6XRrHwQlmdM=
        2025/12/03 05:38:39 http: superfluous response.WriteHeader call from github.com/mrPTqp/metrics/internal/server/middleware.(*loggingResponseWriter).WriteHeader (logging_mw.go:30)
        2025-12-03T05:38:39.051Z	INFO	middleware/logging_mw.go:69	uri /value/ method POST duration 536.341µs status 200 size 75
        2025-12-03T05:38:39.151Z	DEBUG	middleware/gzip_mw.go:15	accept encoding value gzip
        2025-12-03T05:38:39.151Z	DEBUG	middleware/gzip_mw.go:17	supports gzip %!b(bool=true)
        2025-12-03T05:38:39.151Z	DEBUG	middleware/gzip_mw.go:19	try compress
        2025-12-03T05:38:39.152Z	INFO	service/base_metrics_service.go:53	Retrieved counter: PollCount = 474
        2025-12-03T05:38:39.152Z	INFO	handler/metrics_handler_json.go:190	return counter metric %s value %dPollCount474
        2025-12-03T05:38:39.152Z	DEBUG	middleware/sign_mw.go:47	sign ----------> hW+1wI0R/x66EOYRdIergjJLWdGUqPBrKnM6zz5Qr0g=
        2025/12/03 05:38:39 http: superfluous response.WriteHeader call from github.com/mrPTqp/metrics/internal/server/middleware.(*loggingResponseWriter).WriteHeader (logging_mw.go:30)
        2025-12-03T05:38:39.152Z	INFO	middleware/logging_mw.go:69	uri /value/ method POST duration 952.549µs status 200 size 70
        2025-12-03T05:38:39.253Z	DEBUG	middleware/gzip_mw.go:15	accept encoding value gzip
        2025-12-03T05:38:39.253Z	DEBUG	middleware/gzip_mw.go:17	supports gzip %!b(bool=true)
        2025-12-03T05:38:39.253Z	DEBUG	middleware/gzip_mw.go:19	try compress
        2025-12-03T05:38:39.253Z	INFO	service/base_metrics_service.go:44	Retrieved gauge: RandomValue = 0.490846
        2025-12-03T05:38:39.253Z	INFO	handler/metrics_handler_json.go:173	return gauge metric %s value %fRandomValue0.4908458140365596
        2025-12-03T05:38:39.253Z	DEBUG	middleware/sign_mw.go:47	sign ----------> aR+xitNsjQCwv9u4I5BbNK1KTKyP8OMZ+ghKcUnBzJY=
        2025/12/03 05:38:39 http: superfluous response.WriteHeader call from github.com/mrPTqp/metrics/internal/server/middleware.(*loggingResponseWriter).WriteHeader (logging_mw.go:30)
        2025-12-03T05:38:39.253Z	INFO	middleware/logging_mw.go:69	uri /value/ method POST duration 509.179µs status 200 size 82
        2025-12-03T05:38:39.354Z	DEBUG	middleware/gzip_mw.go:15	accept encoding value gzip
        2025-12-03T05:38:39.354Z	DEBUG	middleware/gzip_mw.go:17	supports gzip %!b(bool=true)
        2025-12-03T05:38:39.354Z	DEBUG	middleware/gzip_mw.go:19	try compress
        2025-12-03T05:38:39.354Z	INFO	service/base_metrics_service.go:44	Retrieved gauge: Alloc = 1341904.000000
        2025-12-03T05:38:39.354Z	INFO	handler/metrics_handler_json.go:173	return gauge metric %s value %fAlloc1.341904e+06
        2025-12-03T05:38:39.354Z	DEBUG	middleware/sign_mw.go:47	sign ----------> xTp24yQonkTNuRurmq+e9lqc43CO7Af5Xbz2lLHWgu8=
        2025/12/03 05:38:39 http: superfluous response.WriteHeader call from github.com/mrPTqp/metrics/internal/server/middleware.(*loggingResponseWriter).WriteHeader (logging_mw.go:30)
        2025-12-03T05:38:39.354Z	INFO	middleware/logging_mw.go:69	uri /value/ method POST duration 373.92µs status 200 size 70
        2025-12-03T05:38:39.455Z	DEBUG	middleware/gzip_mw.go:15	accept encoding value gzip
        2025-12-03T05:38:39.455Z	DEBUG	middleware/gzip_mw.go:17	supports gzip %!b(bool=true)
        2025-12-03T05:38:39.455Z	DEBUG	middleware/gzip_mw.go:19	try compress
        2025-12-03T05:38:39.455Z	INFO	service/base_metrics_service.go:44	Retrieved gauge: Frees = 70.000000
        2025-12-03T05:38:39.456Z	INFO	handler/metrics_handler_json.go:173	return gauge metric %s value %fFrees70
        2025-12-03T05:38:39.456Z	DEBUG	middleware/sign_mw.go:47	sign ----------> uJle0mAH8hU7VxS2Z0YjMgOQMs/8vSAdAgPkQGnpZS0=
        2025/12/03 05:38:39 http: superfluous response.WriteHeader call from github.com/mrPTqp/metrics/internal/server/middleware.(*loggingResponseWriter).WriteHeader (logging_mw.go:30)
        2025-12-03T05:38:39.456Z	INFO	middleware/logging_mw.go:69	uri /value/ method POST duration 748.134µs status 200 size 65
        2025-12-03T05:38:39.556Z	DEBUG	middleware/gzip_mw.go:15	accept encoding value gzip
        2025-12-03T05:38:39.556Z	DEBUG	middleware/gzip_mw.go:17	supports gzip %!b(bool=true)
        2025-12-03T05:38:39.556Z	DEBUG	middleware/gzip_mw.go:19	try compress
        2025-12-03T05:38:39.557Z	INFO	service/base_metrics_service.go:44	Retrieved gauge: HeapAlloc = 1341904.000000
        2025-12-03T05:38:39.557Z	INFO	handler/metrics_handler_json.go:173	return gauge metric %s value %fHeapAlloc1.341904e+06
        2025-12-03T05:38:39.557Z	DEBUG	middleware/sign_mw.go:47	sign ----------> wx/B5OVIzNdcl1PTB8RupD/YZjb4xHIQ+gYD/neHjA0=
        2025/12/03 05:38:39 http: superfluous response.WriteHeader call from github.com/mrPTqp/metrics/internal/server/middleware.(*loggingResponseWriter).WriteHeader (logging_mw.go:30)
        2025-12-03T05:38:39.557Z	INFO	middleware/logging_mw.go:69	uri /value/ method POST duration 426.808µs status 200 size 74
        2025-12-03T05:38:39.657Z	DEBUG	middleware/gzip_mw.go:15	accept encoding value gzip
        2025-12-03T05:38:39.657Z	DEBUG	middleware/gzip_mw.go:17	supports gzip %!b(bool=true)
        2025-12-03T05:38:39.657Z	DEBUG	middleware/gzip_mw.go:19	try compress
        2025-12-03T05:38:39.657Z	INFO	service/base_metrics_service.go:44	Retrieved gauge: HeapIdle = 1875968.000000
        2025-12-03T05:38:39.658Z	INFO	handler/metrics_handler_json.go:173	return gauge metric %s value %fHeapIdle1.875968e+06
        2025-12-03T05:38:39.658Z	DEBUG	middleware/sign_mw.go:47	sign ----------> Z1RzU7z2hAlwykMhV5Cv1AkgFn5T7UZ+inlrkFzF5nI=
        2025/12/03 05:38:39 http: superfluous response.WriteHeader call from github.com/mrPTqp/metrics/internal/server/middleware.(*loggingResponseWriter).WriteHeader (logging_mw.go:30)
        2025-12-03T05:38:39.658Z	INFO	middleware/logging_mw.go:69	uri /value/ method POST duration 412.104µs status 200 size 71
        2025-12-03T05:38:39.758Z	DEBUG	middleware/gzip_mw.go:15	accept encoding value gzip
        2025-12-03T05:38:39.758Z	DEBUG	middleware/gzip_mw.go:17	supports gzip %!b(bool=true)
        2025-12-03T05:38:39.758Z	DEBUG	middleware/gzip_mw.go:19	try compress
        2025-12-03T05:38:39.758Z	INFO	service/base_metrics_service.go:44	Retrieved gauge: HeapInuse = 1990656.000000
        2025-12-03T05:38:39.759Z	INFO	handler/metrics_handler_json.go:173	return gauge metric %s value %fHeapInuse1.990656e+06
        2025-12-03T05:38:39.759Z	DEBUG	middleware/sign_mw.go:47	sign ----------> cU8/wHTRLepbt4LH+LCZ5XkJmXUJpIUOGzh7rgA9d2Q=
        2025/12/03 05:38:39 http: superfluous response.WriteHeader call from github.com/mrPTqp/metrics/internal/server/middleware.(*loggingResponseWriter).WriteHeader (logging_mw.go:30)
        2025-12-03T05:38:39.759Z	INFO	middleware/logging_mw.go:69	uri /value/ method POST duration 716.339µs status 200 size 72
        2025-12-03T05:38:39.860Z	DEBUG	middleware/gzip_mw.go:15	accept encoding value gzip
        2025-12-03T05:38:39.860Z	DEBUG	middleware/gzip_mw.go:17	supports gzip %!b(bool=true)
        2025-12-03T05:38:39.860Z	DEBUG	middleware/gzip_mw.go:19	try compress
        2025-12-03T05:38:39.860Z	INFO	service/base_metrics_service.go:44	Retrieved gauge: HeapObjects = 1293.000000
        2025-12-03T05:38:39.860Z	INFO	handler/metrics_handler_json.go:173	return gauge metric %s value %fHeapObjects1293
        2025-12-03T05:38:39.860Z	DEBUG	middleware/sign_mw.go:47	sign ----------> 4EiAMOd5555wTbRPIGsdfPtkh2q/jiN2Xu1xy12v5lo=
        2025/12/03 05:38:39 http: superfluous response.WriteHeader call from github.com/mrPTqp/metrics/internal/server/middleware.(*loggingResponseWriter).WriteHeader (logging_mw.go:30)
        2025-12-03T05:38:39.860Z	INFO	middleware/logging_mw.go:69	uri /value/ method POST duration 402.226µs status 200 size 73
        2025-12-03T05:38:39.961Z	DEBUG	middleware/gzip_mw.go:15	accept encoding value gzip
        2025-12-03T05:38:39.961Z	DEBUG	middleware/gzip_mw.go:17	supports gzip %!b(bool=true)
        2025-12-03T05:38:39.961Z	DEBUG	middleware/gzip_mw.go:19	try compress
        2025-12-03T05:38:39.961Z	INFO	service/base_metrics_service.go:44	Retrieved gauge: Mallocs = 1363.000000
        2025-12-03T05:38:39.961Z	INFO	handler/metrics_handler_json.go:173	return gauge metric %s value %fMallocs1363
        2025-12-03T05:38:39.961Z	DEBUG	middleware/sign_mw.go:47	sign ----------> 3Lne+qLyIgpBLs4GXy1i+B6Sl24zNsQS8XvcuW9Tazg=
        2025/12/03 05:38:39 http: superfluous response.WriteHeader call from github.com/mrPTqp/metrics/internal/server/middleware.(*loggingResponseWriter).WriteHeader (logging_mw.go:30)
        2025-12-03T05:38:39.961Z	INFO	middleware/logging_mw.go:69	uri /value/ method POST duration 360.523µs status 200 size 69
        2025-12-03T05:38:40.062Z	DEBUG	middleware/gzip_mw.go:15	accept encoding value gzip
        2025-12-03T05:38:40.062Z	DEBUG	middleware/gzip_mw.go:17	supports gzip %!b(bool=true)
        2025-12-03T05:38:40.062Z	DEBUG	middleware/gzip_mw.go:19	try compress
        2025-12-03T05:38:40.062Z	INFO	service/base_metrics_service.go:44	Retrieved gauge: TotalAlloc = 1341904.000000
        2025-12-03T05:38:40.062Z	INFO	handler/metrics_handler_json.go:173	return gauge metric %s value %fTotalAlloc1.341904e+06
        2025-12-03T05:38:40.062Z	DEBUG	middleware/sign_mw.go:47	sign ----------> v+tB4NqhJyc/zpyPLLM5KoZjQ7QBs3Uz6XRrHwQlmdM=
        2025/12/03 05:38:40 http: superfluous response.WriteHeader call from github.com/mrPTqp/metrics/internal/server/middleware.(*loggingResponseWriter).WriteHeader (logging_mw.go:30)
        2025-12-03T05:38:40.062Z	INFO	middleware/logging_mw.go:69	uri /value/ method POST duration 856.944µs status 200 size 75
        2025-12-03T05:38:40.163Z	DEBUG	middleware/gzip_mw.go:15	accept encoding value gzip
        2025-12-03T05:38:40.163Z	DEBUG	middleware/gzip_mw.go:17	supports gzip %!b(bool=true)
        2025-12-03T05:38:40.163Z	DEBUG	middleware/gzip_mw.go:19	try compress
        2025-12-03T05:38:40.163Z	INFO	service/base_metrics_service.go:53	Retrieved counter: PollCount = 474
        2025-12-03T05:38:40.164Z	INFO	handler/metrics_handler_json.go:190	return counter metric %s value %dPollCount474
        2025-12-03T05:38:40.164Z	DEBUG	middleware/sign_mw.go:47	sign ----------> hW+1wI0R/x66EOYRdIergjJLWdGUqPBrKnM6zz5Qr0g=
        2025/12/03 05:38:40 http: superfluous response.WriteHeader call from github.com/mrPTqp/metrics/internal/server/middleware.(*loggingResponseWriter).WriteHeader (logging_mw.go:30)
        2025-12-03T05:38:40.164Z	INFO	middleware/logging_mw.go:69	uri /value/ method POST duration 414.594µs status 200 size 70
        2025-12-03T05:38:40.264Z	DEBUG	middleware/gzip_mw.go:15	accept encoding value gzip
        2025-12-03T05:38:40.264Z	DEBUG	middleware/gzip_mw.go:17	supports gzip %!b(bool=true)
        2025-12-03T05:38:40.264Z	DEBUG	middleware/gzip_mw.go:19	try compress
        2025-12-03T05:38:40.264Z	INFO	service/base_metrics_service.go:44	Retrieved gauge: RandomValue = 0.490846
        2025-12-03T05:38:40.264Z	INFO	handler/metrics_handler_json.go:173	return gauge metric %s value %fRandomValue0.4908458140365596
        2025-12-03T05:38:40.264Z	DEBUG	middleware/sign_mw.go:47	sign ----------> aR+xitNsjQCwv9u4I5BbNK1KTKyP8OMZ+ghKcUnBzJY=
        2025/12/03 05:38:40 http: superfluous response.WriteHeader call from github.com/mrPTqp/metrics/internal/server/middleware.(*loggingResponseWriter).WriteHeader (logging_mw.go:30)
        2025-12-03T05:38:40.265Z	INFO	middleware/logging_mw.go:69	uri /value/ method POST duration 359.903µs status 200 size 82
        2025-12-03T05:38:40.365Z	DEBUG	middleware/gzip_mw.go:15	accept encoding value gzip
        2025-12-03T05:38:40.365Z	DEBUG	middleware/gzip_mw.go:17	supports gzip %!b(bool=true)
        2025-12-03T05:38:40.365Z	DEBUG	middleware/gzip_mw.go:19	try compress
        2025-12-03T05:38:40.365Z	INFO	service/base_metrics_service.go:44	Retrieved gauge: Alloc = 1341904.000000
        2025-12-03T05:38:40.366Z	INFO	handler/metrics_handler_json.go:173	return gauge metric %s value %fAlloc1.341904e+06
        2025-12-03T05:38:40.366Z	DEBUG	middleware/sign_mw.go:47	sign ----------> xTp24yQonkTNuRurmq+e9lqc43CO7Af5Xbz2lLHWgu8=
        2025/12/03 05:38:40 http: superfluous response.WriteHeader call from github.com/mrPTqp/metrics/internal/server/middleware.(*loggingResponseWriter).WriteHeader (logging_mw.go:30)
        2025-12-03T05:38:40.366Z	INFO	middleware/logging_mw.go:69	uri /value/ method POST duration 795.419µs status 200 size 70
        2025-12-03T05:38:40.466Z	DEBUG	middleware/gzip_mw.go:15	accept encoding value gzip
        2025-12-03T05:38:40.466Z	DEBUG	middleware/gzip_mw.go:17	supports gzip %!b(bool=true)
        2025-12-03T05:38:40.466Z	DEBUG	middleware/gzip_mw.go:19	try compress
        2025-12-03T05:38:40.467Z	INFO	service/base_metrics_service.go:44	Retrieved gauge: Frees = 70.000000
        2025-12-03T05:38:40.467Z	INFO	handler/metrics_handler_json.go:173	return gauge metric %s value %fFrees70
        2025-12-03T05:38:40.467Z	DEBUG	middleware/sign_mw.go:47	sign ----------> uJle0mAH8hU7VxS2Z0YjMgOQMs/8vSAdAgPkQGnpZS0=
        2025/12/03 05:38:40 http: superfluous response.WriteHeader call from github.com/mrPTqp/metrics/internal/server/middleware.(*loggingResponseWriter).WriteHeader (logging_mw.go:30)
        2025-12-03T05:38:40.467Z	INFO	middleware/logging_mw.go:69	uri /value/ method POST duration 402.57µs status 200 size 65
        2025-12-03T05:38:40.567Z	DEBUG	middleware/gzip_mw.go:15	accept encoding value gzip
        2025-12-03T05:38:40.567Z	DEBUG	middleware/gzip_mw.go:17	supports gzip %!b(bool=true)
        2025-12-03T05:38:40.567Z	DEBUG	middleware/gzip_mw.go:19	try compress
        2025-12-03T05:38:40.568Z	INFO	service/base_metrics_service.go:44	Retrieved gauge: HeapAlloc = 1341904.000000
        2025-12-03T05:38:40.568Z	INFO	handler/metrics_handler_json.go:173	return gauge metric %s value %fHeapAlloc1.341904e+06
        2025-12-03T05:38:40.568Z	DEBUG	middleware/sign_mw.go:47	sign ----------> wx/B5OVIzNdcl1PTB8RupD/YZjb4xHIQ+gYD/neHjA0=
        2025/12/03 05:38:40 http: superfluous response.WriteHeader call from github.com/mrPTqp/metrics/internal/server/middleware.(*loggingResponseWriter).WriteHeader (logging_mw.go:30)
        2025-12-03T05:38:40.568Z	INFO	middleware/logging_mw.go:69	uri /value/ method POST duration 738.995µs status 200 size 74
        2025-12-03T05:38:40.669Z	DEBUG	middleware/gzip_mw.go:15	accept encoding value gzip
        2025-12-03T05:38:40.669Z	DEBUG	middleware/gzip_mw.go:17	supports gzip %!b(bool=true)
        2025-12-03T05:38:40.669Z	DEBUG	middleware/gzip_mw.go:19	try compress
        2025-12-03T05:38:40.669Z	INFO	service/base_metrics_service.go:44	Retrieved gauge: HeapIdle = 1875968.000000
        2025-12-03T05:38:40.669Z	INFO	handler/metrics_handler_json.go:173	return gauge metric %s value %fHeapIdle1.875968e+06
        2025-12-03T05:38:40.669Z	DEBUG	middleware/sign_mw.go:47	sign ----------> Z1RzU7z2hAlwykMhV5Cv1AkgFn5T7UZ+inlrkFzF5nI=
        2025/12/03 05:38:40 http: superfluous response.WriteHeader call from github.com/mrPTqp/metrics/internal/server/middleware.(*loggingResponseWriter).WriteHeader (logging_mw.go:30)
        2025-12-03T05:38:40.669Z	INFO	middleware/logging_mw.go:69	uri /value/ method POST duration 808.452µs status 200 size 71
        2025-12-03T05:38:40.770Z	DEBUG	middleware/gzip_mw.go:15	accept encoding value gzip
        2025-12-03T05:38:40.770Z	DEBUG	middleware/gzip_mw.go:17	supports gzip %!b(bool=true)
        2025-12-03T05:38:40.770Z	DEBUG	middleware/gzip_mw.go:19	try compress
        2025-12-03T05:38:40.770Z	INFO	service/base_metrics_service.go:44	Retrieved gauge: HeapInuse = 1990656.000000
        2025-12-03T05:38:40.770Z	INFO	handler/metrics_handler_json.go:173	return gauge metric %s value %fHeapInuse1.990656e+06
        2025-12-03T05:38:40.770Z	DEBUG	middleware/sign_mw.go:47	sign ----------> cU8/wHTRLepbt4LH+LCZ5XkJmXUJpIUOGzh7rgA9d2Q=
        2025/12/03 05:38:40 http: superfluous response.WriteHeader call from github.com/mrPTqp/metrics/internal/server/middleware.(*loggingResponseWriter).WriteHeader (logging_mw.go:30)
        2025-12-03T05:38:40.770Z	INFO	middleware/logging_mw.go:69	uri /value/ method POST duration 399.293µs status 200 size 72
        2025-12-03T05:38:40.821Z	INFO	signer/signer.go:38	signature mismatch:
        expected: 2/a5S2e0MleUysT1AdnOap5ewZ/PkICtDJcZB+EZfLc=
        received: FdL0sXS2rf+WUY9pRBcQC3dWDNeuS+tKX85C2WFMMrw=
        2025-12-03T05:38:40.821Z	WARN	middleware/sign_mw.go:36	invalid signature in request
        main.main.func1.SignMiddleware.1
        	/__w/metrics/metrics/internal/server/middleware/sign_mw.go:36
        net/http.HandlerFunc.ServeHTTP
        	/usr/local/go/src/net/http/server.go:2294
        github.com/mrPTqp/metrics/internal/server/middleware.LoggingMiddleware.func1
        	/__w/metrics/metrics/internal/server/middleware/logging_mw.go:78
        net/http.HandlerFunc.ServeHTTP
        	/usr/local/go/src/net/http/server.go:2294
        github.com/go-chi/chi/v5.(*Mux).routeHTTP
        	/go/pkg/mod/github.com/go-chi/chi/v5@v5.2.3/mux.go:477
        net/http.HandlerFunc.ServeHTTP
        	/usr/local/go/src/net/http/server.go:2294
        github.com/go-chi/chi/v5.(*Mux).ServeHTTP
        	/go/pkg/mod/github.com/go-chi/chi/v5@v5.2.3/mux.go:73
        github.com/go-chi/chi/v5.(*Mux).Mount.func1
        	/go/pkg/mod/github.com/go-chi/chi/v5@v5.2.3/mux.go:321
        net/http.HandlerFunc.ServeHTTP
        	/usr/local/go/src/net/http/server.go:2294
        github.com/go-chi/chi/v5.(*Mux).routeHTTP
        	/go/pkg/mod/github.com/go-chi/chi/v5@v5.2.3/mux.go:477
        net/http.HandlerFunc.ServeHTTP
        	/usr/local/go/src/net/http/server.go:2294
        github.com/go-chi/chi/v5.(*Mux).ServeHTTP
        	/go/pkg/mod/github.com/go-chi/chi/v5@v5.2.3/mux.go:90
        net/http.serverHandler.ServeHTTP
        	/usr/local/go/src/net/http/server.go:3301
        net/http.(*conn).serve
        	/usr/local/go/src/net/http/server.go:2102
        2025-12-03T05:38:40.821Z	INFO	middleware/logging_mw.go:69	uri /updates method POST duration 109.144µs status 400 size 30
        2025-12-03T05:38:40.872Z	DEBUG	middleware/gzip_mw.go:15	accept encoding value gzip
        2025-12-03T05:38:40.872Z	DEBUG	middleware/gzip_mw.go:17	supports gzip %!b(bool=true)
        2025-12-03T05:38:40.872Z	DEBUG	middleware/gzip_mw.go:19	try compress
        2025-12-03T05:38:40.872Z	INFO	service/base_metrics_service.go:44	Retrieved gauge: HeapObjects = 1293.000000
        2025-12-03T05:38:40.872Z	INFO	handler/metrics_handler_json.go:173	return gauge metric %s value %fHeapObjects1293
        2025-12-03T05:38:40.872Z	DEBUG	middleware/sign_mw.go:47	sign ----------> 4EiAMOd5555wTbRPIGsdfPtkh2q/jiN2Xu1xy12v5lo=
        2025/12/03 05:38:40 http: superfluous response.WriteHeader call from github.com/mrPTqp/metrics/internal/server/middleware.(*loggingResponseWriter).WriteHeader (logging_mw.go:30)
        2025-12-03T05:38:40.872Z	INFO	middleware/logging_mw.go:69	uri /value/ method POST duration 510.337µs status 200 size 73
        2025-12-03T05:38:40.973Z	DEBUG	middleware/gzip_mw.go:15	accept encoding value gzip
        2025-12-03T05:38:40.973Z	DEBUG	middleware/gzip_mw.go:17	supports gzip %!b(bool=true)
        2025-12-03T05:38:40.973Z	DEBUG	middleware/gzip_mw.go:19	try compress
        2025-12-03T05:38:40.973Z	INFO	service/base_metrics_service.go:44	Retrieved gauge: Mallocs = 1363.000000
        2025-12-03T05:38:40.974Z	INFO	handler/metrics_handler_json.go:173	return gauge metric %s value %fMallocs1363
        2025-12-03T05:38:40.974Z	DEBUG	middleware/sign_mw.go:47	sign ----------> 3Lne+qLyIgpBLs4GXy1i+B6Sl24zNsQS8XvcuW9Tazg=
        2025/12/03 05:38:40 http: superfluous response.WriteHeader call from github.com/mrPTqp/metrics/internal/server/middleware.(*loggingResponseWriter).WriteHeader (logging_mw.go:30)
        2025-12-03T05:38:40.974Z	INFO	middleware/logging_mw.go:69	uri /value/ method POST duration 877.295µs status 200 size 69
        2025-12-03T05:38:41.075Z	DEBUG	middleware/gzip_mw.go:15	accept encoding value gzip
        2025-12-03T05:38:41.075Z	DEBUG	middleware/gzip_mw.go:17	supports gzip %!b(bool=true)
        2025-12-03T05:38:41.075Z	DEBUG	middleware/gzip_mw.go:19	try compress
        2025-12-03T05:38:41.075Z	INFO	service/base_metrics_service.go:44	Retrieved gauge: TotalAlloc = 1341904.000000
        2025-12-03T05:38:41.075Z	INFO	handler/metrics_handler_json.go:173	return gauge metric %s value %fTotalAlloc1.341904e+06
        2025-12-03T05:38:41.075Z	DEBUG	middleware/sign_mw.go:47	sign ----------> v+tB4NqhJyc/zpyPLLM5KoZjQ7QBs3Uz6XRrHwQlmdM=
        2025/12/03 05:38:41 http: superfluous response.WriteHeader call from github.com/mrPTqp/metrics/internal/server/middleware.(*loggingResponseWriter).WriteHeader (logging_mw.go:30)
        2025-12-03T05:38:41.075Z	INFO	middleware/logging_mw.go:69	uri /value/ method POST duration 537.236µs status 200 size 75
        2025-12-03T05:38:41.176Z	DEBUG	middleware/gzip_mw.go:15	accept encoding value gzip
        2025-12-03T05:38:41.176Z	DEBUG	middleware/gzip_mw.go:17	supports gzip %!b(bool=true)
        2025-12-03T05:38:41.176Z	DEBUG	middleware/gzip_mw.go:19	try compress
        2025-12-03T05:38:41.176Z	INFO	service/base_metrics_service.go:53	Retrieved counter: PollCount = 474
        2025-12-03T05:38:41.176Z	INFO	handler/metrics_handler_json.go:190	return counter metric %s value %dPollCount474
        2025-12-03T05:38:41.176Z	DEBUG	middleware/sign_mw.go:47	sign ----------> hW+1wI0R/x66EOYRdIergjJLWdGUqPBrKnM6zz5Qr0g=
        2025/12/03 05:38:41 http: superfluous response.WriteHeader call from github.com/mrPTqp/metrics/internal/server/middleware.(*loggingResponseWriter).WriteHeader (logging_mw.go:30)
        2025-12-03T05:38:41.177Z	INFO	middleware/logging_mw.go:69	uri /value/ method POST duration 567.693µs status 200 size 70
        2025-12-03T05:38:41.277Z	DEBUG	middleware/gzip_mw.go:15	accept encoding value gzip
        2025-12-03T05:38:41.277Z	DEBUG	middleware/gzip_mw.go:17	supports gzip %!b(bool=true)
        2025-12-03T05:38:41.277Z	DEBUG	middleware/gzip_mw.go:19	try compress
        2025-12-03T05:38:41.278Z	INFO	service/base_metrics_service.go:44	Retrieved gauge: RandomValue = 0.490846
        2025-12-03T05:38:41.278Z	INFO	handler/metrics_handler_json.go:173	return gauge metric %s value %fRandomValue0.4908458140365596
        2025-12-03T05:38:41.278Z	DEBUG	middleware/sign_mw.go:47	sign ----------> aR+xitNsjQCwv9u4I5BbNK1KTKyP8OMZ+ghKcUnBzJY=
        2025/12/03 05:38:41 http: superfluous response.WriteHeader call from github.com/mrPTqp/metrics/internal/server/middleware.(*loggingResponseWriter).WriteHeader (logging_mw.go:30)
        2025-12-03T05:38:41.278Z	INFO	middleware/logging_mw.go:69	uri /value/ method POST duration 968.693µs status 200 size 82
        2025-12-03T05:38:41.379Z	DEBUG	middleware/gzip_mw.go:15	accept encoding value gzip
        2025-12-03T05:38:41.379Z	DEBUG	middleware/gzip_mw.go:17	supports gzip %!b(bool=true)
        2025-12-03T05:38:41.379Z	DEBUG	middleware/gzip_mw.go:19	try compress
        2025-12-03T05:38:41.379Z	INFO	service/base_metrics_service.go:44	Retrieved gauge: Alloc = 1341904.000000
        2025-12-03T05:38:41.379Z	INFO	handler/metrics_handler_json.go:173	return gauge metric %s value %fAlloc1.341904e+06
        2025-12-03T05:38:41.379Z	DEBUG	middleware/sign_mw.go:47	sign ----------> xTp24yQonkTNuRurmq+e9lqc43CO7Af5Xbz2lLHWgu8=
        2025/12/03 05:38:41 http: superfluous response.WriteHeader call from github.com/mrPTqp/metrics/internal/server/middleware.(*loggingResponseWriter).WriteHeader (logging_mw.go:30)
        2025-12-03T05:38:41.379Z	INFO	middleware/logging_mw.go:69	uri /value/ method POST duration 472.096µs status 200 size 70
        2025-12-03T05:38:41.480Z	DEBUG	middleware/gzip_mw.go:15	accept encoding value gzip
        2025-12-03T05:38:41.480Z	DEBUG	middleware/gzip_mw.go:17	supports gzip %!b(bool=true)
        2025-12-03T05:38:41.480Z	DEBUG	middleware/gzip_mw.go:19	try compress
        2025-12-03T05:38:41.480Z	INFO	service/base_metrics_service.go:44	Retrieved gauge: Frees = 70.000000
        2025-12-03T05:38:41.480Z	INFO	handler/metrics_handler_json.go:173	return gauge metric %s value %fFrees70
        2025-12-03T05:38:41.480Z	DEBUG	middleware/sign_mw.go:47	sign ----------> uJle0mAH8hU7VxS2Z0YjMgOQMs/8vSAdAgPkQGnpZS0=
        2025/12/03 05:38:41 http: superfluous response.WriteHeader call from github.com/mrPTqp/metrics/internal/server/middleware.(*loggingResponseWriter).WriteHeader (logging_mw.go:30)
        2025-12-03T05:38:41.480Z	INFO	middleware/logging_mw.go:69	uri /value/ method POST duration 494.033µs status 200 size 65
        2025-12-03T05:38:41.581Z	DEBUG	middleware/gzip_mw.go:15	accept encoding value gzip
        2025-12-03T05:38:41.581Z	DEBUG	middleware/gzip_mw.go:17	supports gzip %!b(bool=true)
        2025-12-03T05:38:41.581Z	DEBUG	middleware/gzip_mw.go:19	try compress
        2025-12-03T05:38:41.582Z	INFO	service/base_metrics_service.go:44	Retrieved gauge: HeapAlloc = 1341904.000000
        2025-12-03T05:38:41.582Z	INFO	handler/metrics_handler_json.go:173	return gauge metric %s value %fHeapAlloc1.341904e+06
        2025-12-03T05:38:41.582Z	DEBUG	middleware/sign_mw.go:47	sign ----------> wx/B5OVIzNdcl1PTB8RupD/YZjb4xHIQ+gYD/neHjA0=
        2025/12/03 05:38:41 http: superfluous response.WriteHeader call from github.com/mrPTqp/metrics/internal/server/middleware.(*loggingResponseWriter).WriteHeader (logging_mw.go:30)
        2025-12-03T05:38:41.582Z	INFO	middleware/logging_mw.go:69	uri /value/ method POST duration 890.653µs status 200 size 74
        2025-12-03T05:38:41.683Z	DEBUG	middleware/gzip_mw.go:15	accept encoding value gzip
        2025-12-03T05:38:41.683Z	DEBUG	middleware/gzip_mw.go:17	supports gzip %!b(bool=true)
        2025-12-03T05:38:41.683Z	DEBUG	middleware/gzip_mw.go:19	try compress
        2025-12-03T05:38:41.683Z	INFO	service/base_metrics_service.go:44	Retrieved gauge: HeapIdle = 1875968.000000
        2025-12-03T05:38:41.683Z	INFO	handler/metrics_handler_json.go:173	return gauge metric %s value %fHeapIdle1.875968e+06
        2025-12-03T05:38:41.683Z	DEBUG	middleware/sign_mw.go:47	sign ----------> Z1RzU7z2hAlwykMhV5Cv1AkgFn5T7UZ+inlrkFzF5nI=
        2025/12/03 05:38:41 http: superfluous response.WriteHeader call from github.com/mrPTqp/metrics/internal/server/middleware.(*loggingResponseWriter).WriteHeader (logging_mw.go:30)
        2025-12-03T05:38:41.683Z	INFO	middleware/logging_mw.go:69	uri /value/ method POST duration 559.388µs status 200 size 71
        2025-12-03T05:38:41.784Z	DEBUG	middleware/gzip_mw.go:15	accept encoding value gzip
        2025-12-03T05:38:41.784Z	DEBUG	middleware/gzip_mw.go:17	supports gzip %!b(bool=true)
        2025-12-03T05:38:41.784Z	DEBUG	middleware/gzip_mw.go:19	try compress
        2025-12-03T05:38:41.785Z	INFO	service/base_metrics_service.go:44	Retrieved gauge: HeapInuse = 1990656.000000
        2025-12-03T05:38:41.785Z	INFO	handler/metrics_handler_json.go:173	return gauge metric %s value %fHeapInuse1.990656e+06
        2025-12-03T05:38:41.785Z	DEBUG	middleware/sign_mw.go:47	sign ----------> cU8/wHTRLepbt4LH+LCZ5XkJmXUJpIUOGzh7rgA9d2Q=
        2025/12/03 05:38:41 http: superfluous response.WriteHeader call from github.com/mrPTqp/metrics/internal/server/middleware.(*loggingResponseWriter).WriteHeader (logging_mw.go:30)
        2025-12-03T05:38:41.785Z	INFO	middleware/logging_mw.go:69	uri /value/ method POST duration 521.869µs status 200 size 72
        2025-12-03T05:38:41.885Z	DEBUG	middleware/gzip_mw.go:15	accept encoding value gzip
        2025-12-03T05:38:41.886Z	DEBUG	middleware/gzip_mw.go:17	supports gzip %!b(bool=true)
        2025-12-03T05:38:41.886Z	DEBUG	middleware/gzip_mw.go:19	try compress
        2025-12-03T05:38:41.886Z	INFO	service/base_metrics_service.go:44	Retrieved gauge: HeapObjects = 1293.000000
        2025-12-03T05:38:41.886Z	INFO	handler/metrics_handler_json.go:173	return gauge metric %s value %fHeapObjects1293
        2025-12-03T05:38:41.886Z	DEBUG	middleware/sign_mw.go:47	sign ----------> 4EiAMOd5555wTbRPIGsdfPtkh2q/jiN2Xu1xy12v5lo=
        2025/12/03 05:38:41 http: superfluous response.WriteHeader call from github.com/mrPTqp/metrics/internal/server/middleware.(*loggingResponseWriter).WriteHeader (logging_mw.go:30)
        2025-12-03T05:38:41.886Z	INFO	middleware/logging_mw.go:69	uri /value/ method POST duration 994.835µs status 200 size 73
        2025-12-03T05:38:41.987Z	DEBUG	middleware/gzip_mw.go:15	accept encoding value gzip
        2025-12-03T05:38:41.987Z	DEBUG	middleware/gzip_mw.go:17	supports gzip %!b(bool=true)
        2025-12-03T05:38:41.987Z	DEBUG	middleware/gzip_mw.go:19	try compress
        2025-12-03T05:38:41.988Z	INFO	service/base_metrics_service.go:44	Retrieved gauge: Mallocs = 1363.000000
        2025-12-03T05:38:41.988Z	INFO	handler/metrics_handler_json.go:173	return gauge metric %s value %fMallocs1363
        2025-12-03T05:38:41.988Z	DEBUG	middleware/sign_mw.go:47	sign ----------> 3Lne+qLyIgpBLs4GXy1i+B6Sl24zNsQS8XvcuW9Tazg=
        2025/12/03 05:38:41 http: superfluous response.WriteHeader call from github.com/mrPTqp/metrics/internal/server/middleware.(*loggingResponseWriter).WriteHeader (logging_mw.go:30)
        2025-12-03T05:38:41.988Z	INFO	middleware/logging_mw.go:69	uri /value/ method POST duration 546.217µs status 200 size 69
        2025-12-03T05:38:42.088Z	DEBUG	middleware/gzip_mw.go:15	accept encoding value gzip
        2025-12-03T05:38:42.089Z	DEBUG	middleware/gzip_mw.go:17	supports gzip %!b(bool=true)
        2025-12-03T05:38:42.089Z	DEBUG	middleware/gzip_mw.go:19	try compress
        2025-12-03T05:38:42.089Z	INFO	service/base_metrics_service.go:44	Retrieved gauge: TotalAlloc = 1341904.000000
        2025-12-03T05:38:42.089Z	INFO	handler/metrics_handler_json.go:173	return gauge metric %s value %fTotalAlloc1.341904e+06
        2025-12-03T05:38:42.089Z	DEBUG	middleware/sign_mw.go:47	sign ----------> v+tB4NqhJyc/zpyPLLM5KoZjQ7QBs3Uz6XRrHwQlmdM=
        2025/12/03 05:38:42 http: superfluous response.WriteHeader call from github.com/mrPTqp/metrics/internal/server/middleware.(*loggingResponseWriter).WriteHeader (logging_mw.go:30)
        2025-12-03T05:38:42.089Z	INFO	middleware/logging_mw.go:69	uri /value/ method POST duration 526.781µs status 200 size 75
        2025-12-03T05:38:42.190Z	DEBUG	middleware/gzip_mw.go:15	accept encoding value gzip
        2025-12-03T05:38:42.190Z	DEBUG	middleware/gzip_mw.go:17	supports gzip %!b(bool=true)
        2025-12-03T05:38:42.190Z	DEBUG	middleware/gzip_mw.go:19	try compress
        2025-12-03T05:38:42.190Z	INFO	service/base_metrics_service.go:53	Retrieved counter: PollCount = 474
        2025-12-03T05:38:42.191Z	INFO	handler/metrics_handler_json.go:190	return counter metric %s value %dPollCount474
        2025-12-03T05:38:42.191Z	DEBUG	middleware/sign_mw.go:47	sign ----------> hW+1wI0R/x66EOYRdIergjJLWdGUqPBrKnM6zz5Qr0g=
        2025/12/03 05:38:42 http: superfluous response.WriteHeader call from github.com/mrPTqp/metrics/internal/server/middleware.(*loggingResponseWriter).WriteHeader (logging_mw.go:30)
        2025-12-03T05:38:42.191Z	INFO	middleware/logging_mw.go:69	uri /value/ method POST duration 954.434µs status 200 size 70
        2025-12-03T05:38:42.291Z	DEBUG	middleware/gzip_mw.go:15	accept encoding value gzip
        2025-12-03T05:38:42.291Z	DEBUG	middleware/gzip_mw.go:17	supports gzip %!b(bool=true)
        2025-12-03T05:38:42.291Z	DEBUG	middleware/gzip_mw.go:19	try compress
        2025-12-03T05:38:42.292Z	INFO	service/base_metrics_service.go:44	Retrieved gauge: RandomValue = 0.490846
        2025-12-03T05:38:42.292Z	INFO	handler/metrics_handler_json.go:173	return gauge metric %s value %fRandomValue0.4908458140365596
        2025-12-03T05:38:42.292Z	DEBUG	middleware/sign_mw.go:47	sign ----------> aR+xitNsjQCwv9u4I5BbNK1KTKyP8OMZ+ghKcUnBzJY=
        2025/12/03 05:38:42 http: superfluous response.WriteHeader call from github.com/mrPTqp/metrics/internal/server/middleware.(*loggingResponseWriter).WriteHeader (logging_mw.go:30)
        2025-12-03T05:38:42.292Z	INFO	middleware/logging_mw.go:69	uri /value/ method POST duration 481.3µs status 200 size 82
        2025-12-03T05:38:42.392Z	DEBUG	middleware/gzip_mw.go:15	accept encoding value gzip
        2025-12-03T05:38:42.392Z	DEBUG	middleware/gzip_mw.go:17	supports gzip %!b(bool=true)
        2025-12-03T05:38:42.392Z	DEBUG	middleware/gzip_mw.go:19	try compress
        2025-12-03T05:38:42.393Z	INFO	service/base_metrics_service.go:44	Retrieved gauge: Alloc = 1341904.000000
        2025-12-03T05:38:42.393Z	INFO	handler/metrics_handler_json.go:173	return gauge metric %s value %fAlloc1.341904e+06
        2025-12-03T05:38:42.393Z	DEBUG	middleware/sign_mw.go:47	sign ----------> xTp24yQonkTNuRurmq+e9lqc43CO7Af5Xbz2lLHWgu8=
        2025/12/03 05:38:42 http: superfluous response.WriteHeader call from github.com/mrPTqp/metrics/internal/server/middleware.(*loggingResponseWriter).WriteHeader (logging_mw.go:30)
        2025-12-03T05:38:42.393Z	INFO	middleware/logging_mw.go:69	uri /value/ method POST duration 354.584µs status 200 size 70
        2025-12-03T05:38:42.493Z	DEBUG	middleware/gzip_mw.go:15	accept encoding value gzip
        2025-12-03T05:38:42.493Z	DEBUG	middleware/gzip_mw.go:17	supports gzip %!b(bool=true)
        2025-12-03T05:38:42.493Z	DEBUG	middleware/gzip_mw.go:19	try compress
        2025-12-03T05:38:42.494Z	INFO	service/base_metrics_service.go:44	Retrieved gauge: Frees = 70.000000
        2025-12-03T05:38:42.494Z	INFO	handler/metrics_handler_json.go:173	return gauge metric %s value %fFrees70
        2025-12-03T05:38:42.494Z	DEBUG	middleware/sign_mw.go:47	sign ----------> uJle0mAH8hU7VxS2Z0YjMgOQMs/8vSAdAgPkQGnpZS0=
        2025/12/03 05:38:42 http: superfluous response.WriteHeader call from github.com/mrPTqp/metrics/internal/server/middleware.(*loggingResponseWriter).WriteHeader (logging_mw.go:30)
        2025-12-03T05:38:42.494Z	INFO	middleware/logging_mw.go:69	uri /value/ method POST duration 836.298µs status 200 size 65
        2025-12-03T05:38:42.595Z	DEBUG	middleware/gzip_mw.go:15	accept encoding value gzip
        2025-12-03T05:38:42.595Z	DEBUG	middleware/gzip_mw.go:17	supports gzip %!b(bool=true)
        2025-12-03T05:38:42.595Z	DEBUG	middleware/gzip_mw.go:19	try compress
        2025-12-03T05:38:42.595Z	INFO	service/base_metrics_service.go:44	Retrieved gauge: HeapAlloc = 1341904.000000
        2025-12-03T05:38:42.595Z	INFO	handler/metrics_handler_json.go:173	return gauge metric %s value %fHeapAlloc1.341904e+06
        2025-12-03T05:38:42.595Z	DEBUG	middleware/sign_mw.go:47	sign ----------> wx/B5OVIzNdcl1PTB8RupD/YZjb4xHIQ+gYD/neHjA0=
        2025/12/03 05:38:42 http: superfluous response.WriteHeader call from github.com/mrPTqp/metrics/internal/server/middleware.(*loggingResponseWriter).WriteHeader (logging_mw.go:30)
        2025-12-03T05:38:42.595Z	INFO	middleware/logging_mw.go:69	uri /value/ method POST duration 492.506µs status 200 size 74
        2025-12-03T05:38:42.696Z	DEBUG	middleware/gzip_mw.go:15	accept encoding value gzip
        2025-12-03T05:38:42.696Z	DEBUG	middleware/gzip_mw.go:17	supports gzip %!b(bool=true)
        2025-12-03T05:38:42.696Z	DEBUG	middleware/gzip_mw.go:19	try compress
        2025-12-03T05:38:42.696Z	INFO	service/base_metrics_service.go:44	Retrieved gauge: HeapIdle = 1875968.000000
        2025-12-03T05:38:42.696Z	INFO	handler/metrics_handler_json.go:173	return gauge metric %s value %fHeapIdle1.875968e+06
        2025-12-03T05:38:42.696Z	DEBUG	middleware/sign_mw.go:47	sign ----------> Z1RzU7z2hAlwykMhV5Cv1AkgFn5T7UZ+inlrkFzF5nI=
        2025/12/03 05:38:42 http: superfluous response.WriteHeader call from github.com/mrPTqp/metrics/internal/server/middleware.(*loggingResponseWriter).WriteHeader (logging_mw.go:30)
        2025-12-03T05:38:42.696Z	INFO	middleware/logging_mw.go:69	uri /value/ method POST duration 417.966µs status 200 size 71
        2025-12-03T05:38:42.797Z	DEBUG	middleware/gzip_mw.go:15	accept encoding value gzip
        2025-12-03T05:38:42.797Z	DEBUG	middleware/gzip_mw.go:17	supports gzip %!b(bool=true)
        2025-12-03T05:38:42.797Z	DEBUG	middleware/gzip_mw.go:19	try compress
        2025-12-03T05:38:42.797Z	INFO	service/base_metrics_service.go:44	Retrieved gauge: HeapInuse = 1990656.000000
        2025-12-03T05:38:42.798Z	INFO	handler/metrics_handler_json.go:173	return gauge metric %s value %fHeapInuse1.990656e+06
        2025-12-03T05:38:42.798Z	DEBUG	middleware/sign_mw.go:47	sign ----------> cU8/wHTRLepbt4LH+LCZ5XkJmXUJpIUOGzh7rgA9d2Q=
        2025/12/03 05:38:42 http: superfluous response.WriteHeader call from github.com/mrPTqp/metrics/internal/server/middleware.(*loggingResponseWriter).WriteHeader (logging_mw.go:30)
        2025-12-03T05:38:42.798Z	INFO	middleware/logging_mw.go:69	uri /value/ method POST duration 928.043µs status 200 size 72
        2025-12-03T05:38:42.899Z	DEBUG	middleware/gzip_mw.go:15	accept encoding value gzip
        2025-12-03T05:38:42.899Z	DEBUG	middleware/gzip_mw.go:17	supports gzip %!b(bool=true)
        2025-12-03T05:38:42.899Z	DEBUG	middleware/gzip_mw.go:19	try compress
        2025-12-03T05:38:42.899Z	INFO	service/base_metrics_service.go:44	Retrieved gauge: HeapObjects = 1293.000000
        2025-12-03T05:38:42.899Z	INFO	handler/metrics_handler_json.go:173	return gauge metric %s value %fHeapObjects1293
        2025-12-03T05:38:42.899Z	DEBUG	middleware/sign_mw.go:47	sign ----------> 4EiAMOd5555wTbRPIGsdfPtkh2q/jiN2Xu1xy12v5lo=
        2025/12/03 05:38:42 http: superfluous response.WriteHeader call from github.com/mrPTqp/metrics/internal/server/middleware.(*loggingResponseWriter).WriteHeader (logging_mw.go:30)
        2025-12-03T05:38:42.899Z	INFO	middleware/logging_mw.go:69	uri /value/ method POST duration 546.589µs status 200 size 73
        2025-12-03T05:38:43.000Z	DEBUG	middleware/gzip_mw.go:15	accept encoding value gzip
        2025-12-03T05:38:43.000Z	DEBUG	middleware/gzip_mw.go:17	supports gzip %!b(bool=true)
        2025-12-03T05:38:43.000Z	DEBUG	middleware/gzip_mw.go:19	try compress
        2025-12-03T05:38:43.000Z	INFO	service/base_metrics_service.go:44	Retrieved gauge: Mallocs = 1363.000000
        2025-12-03T05:38:43.000Z	INFO	handler/metrics_handler_json.go:173	return gauge metric %s value %fMallocs1363
        2025-12-03T05:38:43.000Z	DEBUG	middleware/sign_mw.go:47	sign ----------> 3Lne+qLyIgpBLs4GXy1i+B6Sl24zNsQS8XvcuW9Tazg=
        2025/12/03 05:38:43 http: superfluous response.WriteHeader call from github.com/mrPTqp/metrics/internal/server/middleware.(*loggingResponseWriter).WriteHeader (logging_mw.go:30)
        2025-12-03T05:38:43.000Z	INFO	middleware/logging_mw.go:69	uri /value/ method POST duration 461.153µs status 200 size 69
        2025-12-03T05:38:43.101Z	DEBUG	middleware/gzip_mw.go:15	accept encoding value gzip
        2025-12-03T05:38:43.101Z	DEBUG	middleware/gzip_mw.go:17	supports gzip %!b(bool=true)
        2025-12-03T05:38:43.101Z	DEBUG	middleware/gzip_mw.go:19	try compress
        2025-12-03T05:38:43.101Z	INFO	service/base_metrics_service.go:44	Retrieved gauge: TotalAlloc = 1341904.000000
        2025-12-03T05:38:43.102Z	INFO	handler/metrics_handler_json.go:173	return gauge metric %s value %fTotalAlloc1.341904e+06
        2025-12-03T05:38:43.102Z	DEBUG	middleware/sign_mw.go:47	sign ----------> v+tB4NqhJyc/zpyPLLM5KoZjQ7QBs3Uz6XRrHwQlmdM=
        2025/12/03 05:38:43 http: superfluous response.WriteHeader call from github.com/mrPTqp/metrics/internal/server/middleware.(*loggingResponseWriter).WriteHeader (logging_mw.go:30)
        2025-12-03T05:38:43.102Z	INFO	middleware/logging_mw.go:69	uri /value/ method POST duration 862.575µs status 200 size 75
        2025-12-03T05:38:43.203Z	DEBUG	middleware/gzip_mw.go:15	accept encoding value gzip
        2025-12-03T05:38:43.203Z	DEBUG	middleware/gzip_mw.go:17	supports gzip %!b(bool=true)
        2025-12-03T05:38:43.203Z	DEBUG	middleware/gzip_mw.go:19	try compress
        2025-12-03T05:38:43.203Z	INFO	service/base_metrics_service.go:53	Retrieved counter: PollCount = 474
        2025-12-03T05:38:43.203Z	INFO	handler/metrics_handler_json.go:190	return counter metric %s value %dPollCount474
        2025-12-03T05:38:43.203Z	DEBUG	middleware/sign_mw.go:47	sign ----------> hW+1wI0R/x66EOYRdIergjJLWdGUqPBrKnM6zz5Qr0g=
        2025/12/03 05:38:43 http: superfluous response.WriteHeader call from github.com/mrPTqp/metrics/internal/server/middleware.(*loggingResponseWriter).WriteHeader (logging_mw.go:30)
        2025-12-03T05:38:43.203Z	INFO	middleware/logging_mw.go:69	uri /value/ method POST duration 488.348µs status 200 size 70
        2025-12-03T05:38:43.304Z	DEBUG	middleware/gzip_mw.go:15	accept encoding value gzip
        2025-12-03T05:38:43.304Z	DEBUG	middleware/gzip_mw.go:17	supports gzip %!b(bool=true)
        2025-12-03T05:38:43.304Z	DEBUG	middleware/gzip_mw.go:19	try compress
        2025-12-03T05:38:43.304Z	INFO	service/base_metrics_service.go:44	Retrieved gauge: RandomValue = 0.490846
        2025-12-03T05:38:43.304Z	INFO	handler/metrics_handler_json.go:173	return gauge metric %s value %fRandomValue0.4908458140365596
        2025-12-03T05:38:43.304Z	DEBUG	middleware/sign_mw.go:47	sign ----------> aR+xitNsjQCwv9u4I5BbNK1KTKyP8OMZ+ghKcUnBzJY=
        2025/12/03 05:38:43 http: superfluous response.WriteHeader call from github.com/mrPTqp/metrics/internal/server/middleware.(*loggingResponseWriter).WriteHeader (logging_mw.go:30)
        2025-12-03T05:38:43.304Z	INFO	middleware/logging_mw.go:69	uri /value/ method POST duration 404.704µs status 200 size 82
        2025-12-03T05:38:43.405Z	DEBUG	middleware/gzip_mw.go:15	accept encoding value gzip
        2025-12-03T05:38:43.405Z	DEBUG	middleware/gzip_mw.go:17	supports gzip %!b(bool=true)
        2025-12-03T05:38:43.405Z	DEBUG	middleware/gzip_mw.go:19	try compress
        2025-12-03T05:38:43.405Z	INFO	service/base_metrics_service.go:44	Retrieved gauge: Alloc = 1341904.000000
        2025-12-03T05:38:43.405Z	INFO	handler/metrics_handler_json.go:173	return gauge metric %s value %fAlloc1.341904e+06
        2025-12-03T05:38:43.405Z	DEBUG	middleware/sign_mw.go:47	sign ----------> xTp24yQonkTNuRurmq+e9lqc43CO7Af5Xbz2lLHWgu8=
        2025/12/03 05:38:43 http: superfluous response.WriteHeader call from github.com/mrPTqp/metrics/internal/server/middleware.(*loggingResponseWriter).WriteHeader (logging_mw.go:30)
        2025-12-03T05:38:43.405Z	INFO	middleware/logging_mw.go:69	uri /value/ method POST duration 698.475µs status 200 size 70
        2025-12-03T05:38:43.506Z	DEBUG	middleware/gzip_mw.go:15	accept encoding value gzip
        2025-12-03T05:38:43.506Z	DEBUG	middleware/gzip_mw.go:17	supports gzip %!b(bool=true)
        2025-12-03T05:38:43.506Z	DEBUG	middleware/gzip_mw.go:19	try compress
        2025-12-03T05:38:43.506Z	INFO	service/base_metrics_service.go:44	Retrieved gauge: Frees = 70.000000
        2025-12-03T05:38:43.506Z	INFO	handler/metrics_handler_json.go:173	return gauge metric %s value %fFrees70
        2025-12-03T05:38:43.506Z	DEBUG	middleware/sign_mw.go:47	sign ----------> uJle0mAH8hU7VxS2Z0YjMgOQMs/8vSAdAgPkQGnpZS0=
        2025/12/03 05:38:43 http: superfluous response.WriteHeader call from github.com/mrPTqp/metrics/internal/server/middleware.(*loggingResponseWriter).WriteHeader (logging_mw.go:30)
        2025-12-03T05:38:43.506Z	INFO	middleware/logging_mw.go:69	uri /value/ method POST duration 387.297µs status 200 size 65
        2025-12-03T05:38:43.607Z	DEBUG	middleware/gzip_mw.go:15	accept encoding value gzip
        2025-12-03T05:38:43.607Z	DEBUG	middleware/gzip_mw.go:17	supports gzip %!b(bool=true)
        2025-12-03T05:38:43.607Z	DEBUG	middleware/gzip_mw.go:19	try compress
        2025-12-03T05:38:43.607Z	INFO	service/base_metrics_service.go:44	Retrieved gauge: HeapAlloc = 1341904.000000
        2025-12-03T05:38:43.607Z	INFO	handler/metrics_handler_json.go:173	return gauge metric %s value %fHeapAlloc1.341904e+06
        2025-12-03T05:38:43.607Z	DEBUG	middleware/sign_mw.go:47	sign ----------> wx/B5OVIzNdcl1PTB8RupD/YZjb4xHIQ+gYD/neHjA0=
        2025/12/03 05:38:43 http: superfluous response.WriteHeader call from github.com/mrPTqp/metrics/internal/server/middleware.(*loggingResponseWriter).WriteHeader (logging_mw.go:30)
        2025-12-03T05:38:43.607Z	INFO	middleware/logging_mw.go:69	uri /value/ method POST duration 384.675µs status 200 size 74
        2025-12-03T05:38:43.708Z	DEBUG	middleware/gzip_mw.go:15	accept encoding value gzip
        2025-12-03T05:38:43.708Z	DEBUG	middleware/gzip_mw.go:17	supports gzip %!b(bool=true)
        2025-12-03T05:38:43.708Z	DEBUG	middleware/gzip_mw.go:19	try compress
        2025-12-03T05:38:43.708Z	INFO	service/base_metrics_service.go:44	Retrieved gauge: HeapIdle = 1875968.000000
        2025-12-03T05:38:43.709Z	INFO	handler/metrics_handler_json.go:173	return gauge metric %s value %fHeapIdle1.875968e+06
        2025-12-03T05:38:43.709Z	DEBUG	middleware/sign_mw.go:47	sign ----------> Z1RzU7z2hAlwykMhV5Cv1AkgFn5T7UZ+inlrkFzF5nI=
        2025/12/03 05:38:43 http: superfluous response.WriteHeader call from github.com/mrPTqp/metrics/internal/server/middleware.(*loggingResponseWriter).WriteHeader (logging_mw.go:30)
        2025-12-03T05:38:43.709Z	INFO	middleware/logging_mw.go:69	uri /value/ method POST duration 1.141669ms status 200 size 71
        2025-12-03T05:38:43.810Z	DEBUG	middleware/gzip_mw.go:15	accept encoding value gzip
        2025-12-03T05:38:43.810Z	DEBUG	middleware/gzip_mw.go:17	supports gzip %!b(bool=true)
        2025-12-03T05:38:43.810Z	DEBUG	middleware/gzip_mw.go:19	try compress
        2025-12-03T05:38:43.810Z	INFO	service/base_metrics_service.go:44	Retrieved gauge: HeapInuse = 1990656.000000
        2025-12-03T05:38:43.810Z	INFO	handler/metrics_handler_json.go:173	return gauge metric %s value %fHeapInuse1.990656e+06
        2025-12-03T05:38:43.810Z	DEBUG	middleware/sign_mw.go:47	sign ----------> cU8/wHTRLepbt4LH+LCZ5XkJmXUJpIUOGzh7rgA9d2Q=
        2025/12/03 05:38:43 http: superfluous response.WriteHeader call from github.com/mrPTqp/metrics/internal/server/middleware.(*loggingResponseWriter).WriteHeader (logging_mw.go:30)
        2025-12-03T05:38:43.810Z	INFO	middleware/logging_mw.go:69	uri /value/ method POST duration 411.579µs status 200 size 72
        2025-12-03T05:38:43.911Z	DEBUG	middleware/gzip_mw.go:15	accept encoding value gzip
        2025-12-03T05:38:43.911Z	DEBUG	middleware/gzip_mw.go:17	supports gzip %!b(bool=true)
        2025-12-03T05:38:43.911Z	DEBUG	middleware/gzip_mw.go:19	try compress
        2025-12-03T05:38:43.911Z	INFO	service/base_metrics_service.go:44	Retrieved gauge: HeapObjects = 1293.000000
        2025-12-03T05:38:43.911Z	INFO	handler/metrics_handler_json.go:173	return gauge metric %s value %fHeapObjects1293
        2025-12-03T05:38:43.911Z	DEBUG	middleware/sign_mw.go:47	sign ----------> 4EiAMOd5555wTbRPIGsdfPtkh2q/jiN2Xu1xy12v5lo=
        2025/12/03 05:38:43 http: superfluous response.WriteHeader call from github.com/mrPTqp/metrics/internal/server/middleware.(*loggingResponseWriter).WriteHeader (logging_mw.go:30)
        2025-12-03T05:38:43.911Z	INFO	middleware/logging_mw.go:69	uri /value/ method POST duration 651.782µs status 200 size 73
        2025-12-03T05:38:44.012Z	DEBUG	middleware/gzip_mw.go:15	accept encoding value gzip
        2025-12-03T05:38:44.012Z	DEBUG	middleware/gzip_mw.go:17	supports gzip %!b(bool=true)
        2025-12-03T05:38:44.012Z	DEBUG	middleware/gzip_mw.go:19	try compress
        2025-12-03T05:38:44.012Z	INFO	service/base_metrics_service.go:44	Retrieved gauge: Mallocs = 1363.000000
        2025-12-03T05:38:44.012Z	INFO	handler/metrics_handler_json.go:173	return gauge metric %s value %fMallocs1363
        2025-12-03T05:38:44.012Z	DEBUG	middleware/sign_mw.go:47	sign ----------> 3Lne+qLyIgpBLs4GXy1i+B6Sl24zNsQS8XvcuW9Tazg=
        2025/12/03 05:38:44 http: superfluous response.WriteHeader call from github.com/mrPTqp/metrics/internal/server/middleware.(*loggingResponseWriter).WriteHeader (logging_mw.go:30)
        2025-12-03T05:38:44.012Z	INFO	middleware/logging_mw.go:69	uri /value/ method POST duration 472.775µs status 200 size 69
        2025-12-03T05:38:44.113Z	DEBUG	middleware/gzip_mw.go:15	accept encoding value gzip
        2025-12-03T05:38:44.113Z	DEBUG	middleware/gzip_mw.go:17	supports gzip %!b(bool=true)
        2025-12-03T05:38:44.113Z	DEBUG	middleware/gzip_mw.go:19	try compress
        2025-12-03T05:38:44.114Z	INFO	service/base_metrics_service.go:44	Retrieved gauge: TotalAlloc = 1341904.000000
        2025-12-03T05:38:44.114Z	INFO	handler/metrics_handler_json.go:173	return gauge metric %s value %fTotalAlloc1.341904e+06
        2025-12-03T05:38:44.114Z	DEBUG	middleware/sign_mw.go:47	sign ----------> v+tB4NqhJyc/zpyPLLM5KoZjQ7QBs3Uz6XRrHwQlmdM=
        2025/12/03 05:38:44 http: superfluous response.WriteHeader call from github.com/mrPTqp/metrics/internal/server/middleware.(*loggingResponseWriter).WriteHeader (logging_mw.go:30)
        2025-12-03T05:38:44.114Z	INFO	middleware/logging_mw.go:69	uri /value/ method POST duration 582.218µs status 200 size 75
        2025-12-03T05:38:44.215Z	DEBUG	middleware/gzip_mw.go:15	accept encoding value gzip
        2025-12-03T05:38:44.215Z	DEBUG	middleware/gzip_mw.go:17	supports gzip %!b(bool=true)
        2025-12-03T05:38:44.215Z	DEBUG	middleware/gzip_mw.go:19	try compress
        2025-12-03T05:38:44.215Z	INFO	service/base_metrics_service.go:53	Retrieved counter: PollCount = 474
        2025-12-03T05:38:44.215Z	INFO	handler/metrics_handler_json.go:190	return counter metric %s value %dPollCount474
        2025-12-03T05:38:44.216Z	DEBUG	middleware/sign_mw.go:47	sign ----------> hW+1wI0R/x66EOYRdIergjJLWdGUqPBrKnM6zz5Qr0g=
        2025/12/03 05:38:44 http: superfluous response.WriteHeader call from github.com/mrPTqp/metrics/internal/server/middleware.(*loggingResponseWriter).WriteHeader (logging_mw.go:30)
        2025-12-03T05:38:44.216Z	INFO	middleware/logging_mw.go:69	uri /value/ method POST duration 1.179408ms status 200 size 70
        2025-12-03T05:38:44.316Z	DEBUG	middleware/gzip_mw.go:15	accept encoding value gzip
        2025-12-03T05:38:44.316Z	DEBUG	middleware/gzip_mw.go:17	supports gzip %!b(bool=true)
        2025-12-03T05:38:44.316Z	DEBUG	middleware/gzip_mw.go:19	try compress
        2025-12-03T05:38:44.317Z	INFO	service/base_metrics_service.go:44	Retrieved gauge: RandomValue = 0.490846
        2025-12-03T05:38:44.317Z	INFO	handler/metrics_handler_json.go:173	return gauge metric %s value %fRandomValue0.4908458140365596
        2025-12-03T05:38:44.317Z	DEBUG	middleware/sign_mw.go:47	sign ----------> aR+xitNsjQCwv9u4I5BbNK1KTKyP8OMZ+ghKcUnBzJY=
        2025/12/03 05:38:44 http: superfluous response.WriteHeader call from github.com/mrPTqp/metrics/internal/server/middleware.(*loggingResponseWriter).WriteHeader (logging_mw.go:30)
        2025-12-03T05:38:44.317Z	INFO	middleware/logging_mw.go:69	uri /value/ method POST duration 577.559µs status 200 size 82
        2025-12-03T05:38:44.418Z	DEBUG	middleware/gzip_mw.go:15	accept encoding value gzip
        2025-12-03T05:38:44.418Z	DEBUG	middleware/gzip_mw.go:17	supports gzip %!b(bool=true)
        2025-12-03T05:38:44.418Z	DEBUG	middleware/gzip_mw.go:19	try compress
        2025-12-03T05:38:44.418Z	INFO	service/base_metrics_service.go:44	Retrieved gauge: Alloc = 1341904.000000
        2025-12-03T05:38:44.418Z	INFO	handler/metrics_handler_json.go:173	return gauge metric %s value %fAlloc1.341904e+06
        2025-12-03T05:38:44.418Z	DEBUG	middleware/sign_mw.go:47	sign ----------> xTp24yQonkTNuRurmq+e9lqc43CO7Af5Xbz2lLHWgu8=
        2025/12/03 05:38:44 http: superfluous response.WriteHeader call from github.com/mrPTqp/metrics/internal/server/middleware.(*loggingResponseWriter).WriteHeader (logging_mw.go:30)
        2025-12-03T05:38:44.418Z	INFO	middleware/logging_mw.go:69	uri /value/ method POST duration 524.896µs status 200 size 70
        2025-12-03T05:38:44.519Z	DEBUG	middleware/gzip_mw.go:15	accept encoding value gzip
        2025-12-03T05:38:44.519Z	DEBUG	middleware/gzip_mw.go:17	supports gzip %!b(bool=true)
        2025-12-03T05:38:44.519Z	DEBUG	middleware/gzip_mw.go:19	try compress
        2025-12-03T05:38:44.519Z	INFO	service/base_metrics_service.go:44	Retrieved gauge: Frees = 70.000000
        2025-12-03T05:38:44.520Z	INFO	handler/metrics_handler_json.go:173	return gauge metric %s value %fFrees70
        2025-12-03T05:38:44.520Z	DEBUG	middleware/sign_mw.go:47	sign ----------> uJle0mAH8hU7VxS2Z0YjMgOQMs/8vSAdAgPkQGnpZS0=
        2025/12/03 05:38:44 http: superfluous response.WriteHeader call from github.com/mrPTqp/metrics/internal/server/middleware.(*loggingResponseWriter).WriteHeader (logging_mw.go:30)
        2025-12-03T05:38:44.520Z	INFO	middleware/logging_mw.go:69	uri /value/ method POST duration 1.255753ms status 200 size 65
        2025-12-03T05:38:44.621Z	DEBUG	middleware/gzip_mw.go:15	accept encoding value gzip
        2025-12-03T05:38:44.621Z	DEBUG	middleware/gzip_mw.go:17	supports gzip %!b(bool=true)
        2025-12-03T05:38:44.621Z	DEBUG	middleware/gzip_mw.go:19	try compress
        2025-12-03T05:38:44.621Z	INFO	service/base_metrics_service.go:44	Retrieved gauge: HeapAlloc = 1341904.000000
        2025-12-03T05:38:44.621Z	INFO	handler/metrics_handler_json.go:173	return gauge metric %s value %fHeapAlloc1.341904e+06
        2025-12-03T05:38:44.621Z	DEBUG	middleware/sign_mw.go:47	sign ----------> wx/B5OVIzNdcl1PTB8RupD/YZjb4xHIQ+gYD/neHjA0=
        2025/12/03 05:38:44 http: superfluous response.WriteHeader call from github.com/mrPTqp/metrics/internal/server/middleware.(*loggingResponseWriter).WriteHeader (logging_mw.go:30)
        2025-12-03T05:38:44.621Z	INFO	middleware/logging_mw.go:69	uri /value/ method POST duration 537.223µs status 200 size 74
        2025-12-03T05:38:44.722Z	DEBUG	middleware/gzip_mw.go:15	accept encoding value gzip
        2025-12-03T05:38:44.722Z	DEBUG	middleware/gzip_mw.go:17	supports gzip %!b(bool=true)
        2025-12-03T05:38:44.722Z	DEBUG	middleware/gzip_mw.go:19	try compress
        2025-12-03T05:38:44.722Z	INFO	service/base_metrics_service.go:44	Retrieved gauge: HeapIdle = 1875968.000000
        2025-12-03T05:38:44.723Z	INFO	handler/metrics_handler_json.go:173	return gauge metric %s value %fHeapIdle1.875968e+06
        2025-12-03T05:38:44.723Z	DEBUG	middleware/sign_mw.go:47	sign ----------> Z1RzU7z2hAlwykMhV5Cv1AkgFn5T7UZ+inlrkFzF5nI=
        2025/12/03 05:38:44 http: superfluous response.WriteHeader call from github.com/mrPTqp/metrics/internal/server/middleware.(*loggingResponseWriter).WriteHeader (logging_mw.go:30)
        2025-12-03T05:38:44.723Z	INFO	middleware/logging_mw.go:69	uri /value/ method POST duration 573.751µs status 200 size 71
        2025-12-03T05:38:44.823Z	DEBUG	middleware/gzip_mw.go:15	accept encoding value gzip
        2025-12-03T05:38:44.823Z	DEBUG	middleware/gzip_mw.go:17	supports gzip %!b(bool=true)
        2025-12-03T05:38:44.823Z	DEBUG	middleware/gzip_mw.go:19	try compress
        2025-12-03T05:38:44.824Z	INFO	service/base_metrics_service.go:44	Retrieved gauge: HeapInuse = 1990656.000000
        2025-12-03T05:38:44.824Z	INFO	handler/metrics_handler_json.go:173	return gauge metric %s value %fHeapInuse1.990656e+06
        2025-12-03T05:38:44.824Z	DEBUG	middleware/sign_mw.go:47	sign ----------> cU8/wHTRLepbt4LH+LCZ5XkJmXUJpIUOGzh7rgA9d2Q=
        2025/12/03 05:38:44 http: superfluous response.WriteHeader call from github.com/mrPTqp/metrics/internal/server/middleware.(*loggingResponseWriter).WriteHeader (logging_mw.go:30)
        2025-12-03T05:38:44.824Z	INFO	middleware/logging_mw.go:69	uri /value/ method POST duration 918.277µs status 200 size 72
        2025-12-03T05:38:44.925Z	DEBUG	middleware/gzip_mw.go:15	accept encoding value gzip
        2025-12-03T05:38:44.925Z	DEBUG	middleware/gzip_mw.go:17	supports gzip %!b(bool=true)
        2025-12-03T05:38:44.925Z	DEBUG	middleware/gzip_mw.go:19	try compress
        2025-12-03T05:38:44.925Z	INFO	service/base_metrics_service.go:44	Retrieved gauge: HeapObjects = 1293.000000
        2025-12-03T05:38:44.926Z	INFO	handler/metrics_handler_json.go:173	return gauge metric %s value %fHeapObjects1293
        2025-12-03T05:38:44.926Z	DEBUG	middleware/sign_mw.go:47	sign ----------> 4EiAMOd5555wTbRPIGsdfPtkh2q/jiN2Xu1xy12v5lo=
        2025/12/03 05:38:44 http: superfluous response.WriteHeader call from github.com/mrPTqp/metrics/internal/server/middleware.(*loggingResponseWriter).WriteHeader (logging_mw.go:30)
        2025-12-03T05:38:44.926Z	INFO	middleware/logging_mw.go:69	uri /value/ method POST duration 615.004µs status 200 size 73
        2025-12-03T05:38:45.026Z	DEBUG	middleware/gzip_mw.go:15	accept encoding value gzip
        2025-12-03T05:38:45.026Z	DEBUG	middleware/gzip_mw.go:17	supports gzip %!b(bool=true)
        2025-12-03T05:38:45.026Z	DEBUG	middleware/gzip_mw.go:19	try compress
        2025-12-03T05:38:45.027Z	INFO	service/base_metrics_service.go:44	Retrieved gauge: Mallocs = 1363.000000
        2025-12-03T05:38:45.027Z	INFO	handler/metrics_handler_json.go:173	return gauge metric %s value %fMallocs1363
        2025-12-03T05:38:45.027Z	DEBUG	middleware/sign_mw.go:47	sign ----------> 3Lne+qLyIgpBLs4GXy1i+B6Sl24zNsQS8XvcuW9Tazg=
        2025/12/03 05:38:45 http: superfluous response.WriteHeader call from github.com/mrPTqp/metrics/internal/server/middleware.(*loggingResponseWriter).WriteHeader (logging_mw.go:30)
        2025-12-03T05:38:45.027Z	INFO	middleware/logging_mw.go:69	uri /value/ method POST duration 537.092µs status 200 size 69
        2025-12-03T05:38:45.128Z	DEBUG	middleware/gzip_mw.go:15	accept encoding value gzip
        2025-12-03T05:38:45.128Z	DEBUG	middleware/gzip_mw.go:17	supports gzip %!b(bool=true)
        2025-12-03T05:38:45.128Z	DEBUG	middleware/gzip_mw.go:19	try compress
        2025-12-03T05:38:45.128Z	INFO	service/base_metrics_service.go:44	Retrieved gauge: TotalAlloc = 1341904.000000
        2025-12-03T05:38:45.128Z	INFO	handler/metrics_handler_json.go:173	return gauge metric %s value %fTotalAlloc1.341904e+06
        2025-12-03T05:38:45.128Z	DEBUG	middleware/sign_mw.go:47	sign ----------> v+tB4NqhJyc/zpyPLLM5KoZjQ7QBs3Uz6XRrHwQlmdM=
        2025/12/03 05:38:45 http: superfluous response.WriteHeader call from github.com/mrPTqp/metrics/internal/server/middleware.(*loggingResponseWriter).WriteHeader (logging_mw.go:30)
        2025-12-03T05:38:45.128Z	INFO	middleware/logging_mw.go:69	uri /value/ method POST duration 815.113µs status 200 size 75
        2025-12-03T05:38:45.229Z	DEBUG	middleware/gzip_mw.go:15	accept encoding value gzip
        2025-12-03T05:38:45.229Z	DEBUG	middleware/gzip_mw.go:17	supports gzip %!b(bool=true)
        2025-12-03T05:38:45.229Z	DEBUG	middleware/gzip_mw.go:19	try compress
        2025-12-03T05:38:45.229Z	INFO	service/base_metrics_service.go:53	Retrieved counter: PollCount = 474
        2025-12-03T05:38:45.229Z	INFO	handler/metrics_handler_json.go:190	return counter metric %s value %dPollCount474
        2025-12-03T05:38:45.229Z	DEBUG	middleware/sign_mw.go:47	sign ----------> hW+1wI0R/x66EOYRdIergjJLWdGUqPBrKnM6zz5Qr0g=
        2025/12/03 05:38:45 http: superfluous response.WriteHeader call from github.com/mrPTqp/metrics/internal/server/middleware.(*loggingResponseWriter).WriteHeader (logging_mw.go:30)
        2025-12-03T05:38:45.229Z	INFO	middleware/logging_mw.go:69	uri /value/ method POST duration 456.988µs status 200 size 70
        2025-12-03T05:38:45.330Z	DEBUG	middleware/gzip_mw.go:15	accept encoding value gzip
        2025-12-03T05:38:45.330Z	DEBUG	middleware/gzip_mw.go:17	supports gzip %!b(bool=true)
        2025-12-03T05:38:45.330Z	DEBUG	middleware/gzip_mw.go:19	try compress
        2025-12-03T05:38:45.330Z	INFO	service/base_metrics_service.go:44	Retrieved gauge: RandomValue = 0.490846
        2025-12-03T05:38:45.331Z	INFO	handler/metrics_handler_json.go:173	return gauge metric %s value %fRandomValue0.4908458140365596
        2025-12-03T05:38:45.331Z	DEBUG	middleware/sign_mw.go:47	sign ----------> aR+xitNsjQCwv9u4I5BbNK1KTKyP8OMZ+ghKcUnBzJY=
        2025/12/03 05:38:45 http: superfluous response.WriteHeader call from github.com/mrPTqp/metrics/internal/server/middleware.(*loggingResponseWriter).WriteHeader (logging_mw.go:30)
        2025-12-03T05:38:45.331Z	INFO	middleware/logging_mw.go:69	uri /value/ method POST duration 494.5µs status 200 size 82
        2025-12-03T05:38:45.431Z	DEBUG	middleware/gzip_mw.go:15	accept encoding value gzip
        2025-12-03T05:38:45.431Z	DEBUG	middleware/gzip_mw.go:17	supports gzip %!b(bool=true)
        2025-12-03T05:38:45.431Z	DEBUG	middleware/gzip_mw.go:19	try compress
        2025-12-03T05:38:45.432Z	INFO	service/base_metrics_service.go:44	Retrieved gauge: Alloc = 1341904.000000
        2025-12-03T05:38:45.432Z	INFO	handler/metrics_handler_json.go:173	return gauge metric %s value %fAlloc1.341904e+06
        2025-12-03T05:38:45.432Z	DEBUG	middleware/sign_mw.go:47	sign ----------> xTp24yQonkTNuRurmq+e9lqc43CO7Af5Xbz2lLHWgu8=
        2025/12/03 05:38:45 http: superfluous response.WriteHeader call from github.com/mrPTqp/metrics/internal/server/middleware.(*loggingResponseWriter).WriteHeader (logging_mw.go:30)
        2025-12-03T05:38:45.432Z	INFO	middleware/logging_mw.go:69	uri /value/ method POST duration 913.039µs status 200 size 70
        2025-12-03T05:38:45.533Z	DEBUG	middleware/gzip_mw.go:15	accept encoding value gzip
        2025-12-03T05:38:45.533Z	DEBUG	middleware/gzip_mw.go:17	supports gzip %!b(bool=true)
        2025-12-03T05:38:45.533Z	DEBUG	middleware/gzip_mw.go:19	try compress
        2025-12-03T05:38:45.533Z	INFO	service/base_metrics_service.go:44	Retrieved gauge: Frees = 70.000000
        2025-12-03T05:38:45.534Z	INFO	handler/metrics_handler_json.go:173	return gauge metric %s value %fFrees70
        2025-12-03T05:38:45.534Z	DEBUG	middleware/sign_mw.go:47	sign ----------> uJle0mAH8hU7VxS2Z0YjMgOQMs/8vSAdAgPkQGnpZS0=
        2025/12/03 05:38:45 http: superfluous response.WriteHeader call from github.com/mrPTqp/metrics/internal/server/middleware.(*loggingResponseWriter).WriteHeader (logging_mw.go:30)
        2025-12-03T05:38:45.534Z	INFO	middleware/logging_mw.go:69	uri /value/ method POST duration 566.144µs status 200 size 65
        2025-12-03T05:38:45.634Z	DEBUG	middleware/gzip_mw.go:15	accept encoding value gzip
        2025-12-03T05:38:45.634Z	DEBUG	middleware/gzip_mw.go:17	supports gzip %!b(bool=true)
        2025-12-03T05:38:45.634Z	DEBUG	middleware/gzip_mw.go:19	try compress
        2025-12-03T05:38:45.635Z	INFO	service/base_metrics_service.go:44	Retrieved gauge: HeapAlloc = 1341904.000000
        2025-12-03T05:38:45.635Z	INFO	handler/metrics_handler_json.go:173	return gauge metric %s value %fHeapAlloc1.341904e+06
        2025-12-03T05:38:45.635Z	DEBUG	middleware/sign_mw.go:47	sign ----------> wx/B5OVIzNdcl1PTB8RupD/YZjb4xHIQ+gYD/neHjA0=
        2025/12/03 05:38:45 http: superfluous response.WriteHeader call from github.com/mrPTqp/metrics/internal/server/middleware.(*loggingResponseWriter).WriteHeader (logging_mw.go:30)
        2025-12-03T05:38:45.635Z	INFO	middleware/logging_mw.go:69	uri /value/ method POST duration 545.635µs status 200 size 74
        2025-12-03T05:38:45.736Z	DEBUG	middleware/gzip_mw.go:15	accept encoding value gzip
        2025-12-03T05:38:45.736Z	DEBUG	middleware/gzip_mw.go:17	supports gzip %!b(bool=true)
        2025-12-03T05:38:45.736Z	DEBUG	middleware/gzip_mw.go:19	try compress
        2025-12-03T05:38:45.736Z	INFO	service/base_metrics_service.go:44	Retrieved gauge: HeapIdle = 1875968.000000
        2025-12-03T05:38:45.736Z	INFO	handler/metrics_handler_json.go:173	return gauge metric %s value %fHeapIdle1.875968e+06
        2025-12-03T05:38:45.736Z	DEBUG	middleware/sign_mw.go:47	sign ----------> Z1RzU7z2hAlwykMhV5Cv1AkgFn5T7UZ+inlrkFzF5nI=
        2025/12/03 05:38:45 http: superfluous response.WriteHeader call from github.com/mrPTqp/metrics/internal/server/middleware.(*loggingResponseWriter).WriteHeader (logging_mw.go:30)
        2025-12-03T05:38:45.736Z	INFO	middleware/logging_mw.go:69	uri /value/ method POST duration 843.84µs status 200 size 71
        2025-12-03T05:38:45.837Z	DEBUG	middleware/gzip_mw.go:15	accept encoding value gzip
        2025-12-03T05:38:45.837Z	DEBUG	middleware/gzip_mw.go:17	supports gzip %!b(bool=true)
        2025-12-03T05:38:45.837Z	DEBUG	middleware/gzip_mw.go:19	try compress
        2025-12-03T05:38:45.838Z	INFO	service/base_metrics_service.go:44	Retrieved gauge: HeapInuse = 1990656.000000
        2025-12-03T05:38:45.838Z	INFO	handler/metrics_handler_json.go:173	return gauge metric %s value %fHeapInuse1.990656e+06
        2025-12-03T05:38:45.838Z	DEBUG	middleware/sign_mw.go:47	sign ----------> cU8/wHTRLepbt4LH+LCZ5XkJmXUJpIUOGzh7rgA9d2Q=
        2025/12/03 05:38:45 http: superfluous response.WriteHeader call from github.com/mrPTqp/metrics/internal/server/middleware.(*loggingResponseWriter).WriteHeader (logging_mw.go:30)
        2025-12-03T05:38:45.838Z	INFO	middleware/logging_mw.go:69	uri /value/ method POST duration 515.723µs status 200 size 72
        2025-12-03T05:38:45.938Z	DEBUG	middleware/gzip_mw.go:15	accept encoding value gzip
        2025-12-03T05:38:45.938Z	DEBUG	middleware/gzip_mw.go:17	supports gzip %!b(bool=true)
        2025-12-03T05:38:45.938Z	DEBUG	middleware/gzip_mw.go:19	try compress
        2025-12-03T05:38:45.939Z	INFO	service/base_metrics_service.go:44	Retrieved gauge: HeapObjects = 1293.000000
        2025-12-03T05:38:45.939Z	INFO	handler/metrics_handler_json.go:173	return gauge metric %s value %fHeapObjects1293
        2025-12-03T05:38:45.939Z	DEBUG	middleware/sign_mw.go:47	sign ----------> 4EiAMOd5555wTbRPIGsdfPtkh2q/jiN2Xu1xy12v5lo=
        2025/12/03 05:38:45 http: superfluous response.WriteHeader call from github.com/mrPTqp/metrics/internal/server/middleware.(*loggingResponseWriter).WriteHeader (logging_mw.go:30)
        2025-12-03T05:38:45.939Z	INFO	middleware/logging_mw.go:69	uri /value/ method POST duration 485.313µs status 200 size 73
        2025-12-03T05:38:46.040Z	DEBUG	middleware/gzip_mw.go:15	accept encoding value gzip
        2025-12-03T05:38:46.040Z	DEBUG	middleware/gzip_mw.go:17	supports gzip %!b(bool=true)
        2025-12-03T05:38:46.040Z	DEBUG	middleware/gzip_mw.go:19	try compress
        2025-12-03T05:38:46.040Z	INFO	service/base_metrics_service.go:44	Retrieved gauge: Mallocs = 1363.000000
        2025-12-03T05:38:46.040Z	INFO	handler/metrics_handler_json.go:173	return gauge metric %s value %fMallocs1363
        2025-12-03T05:38:46.040Z	DEBUG	middleware/sign_mw.go:47	sign ----------> 3Lne+qLyIgpBLs4GXy1i+B6Sl24zNsQS8XvcuW9Tazg=
        2025/12/03 05:38:46 http: superfluous response.WriteHeader call from github.com/mrPTqp/metrics/internal/server/middleware.(*loggingResponseWriter).WriteHeader (logging_mw.go:30)
        2025-12-03T05:38:46.040Z	INFO	middleware/logging_mw.go:69	uri /value/ method POST duration 863.701µs status 200 size 69
        2025-12-03T05:38:46.141Z	DEBUG	middleware/gzip_mw.go:15	accept encoding value gzip
        2025-12-03T05:38:46.141Z	DEBUG	middleware/gzip_mw.go:17	supports gzip %!b(bool=true)
        2025-12-03T05:38:46.141Z	DEBUG	middleware/gzip_mw.go:19	try compress
        2025-12-03T05:38:46.142Z	INFO	service/base_metrics_service.go:44	Retrieved gauge: TotalAlloc = 1341904.000000
        2025-12-03T05:38:46.142Z	INFO	handler/metrics_handler_json.go:173	return gauge metric %s value %fTotalAlloc1.341904e+06
        2025-12-03T05:38:46.142Z	DEBUG	middleware/sign_mw.go:47	sign ----------> v+tB4NqhJyc/zpyPLLM5KoZjQ7QBs3Uz6XRrHwQlmdM=
        2025/12/03 05:38:46 http: superfluous response.WriteHeader call from github.com/mrPTqp/metrics/internal/server/middleware.(*loggingResponseWriter).WriteHeader (logging_mw.go:30)
        2025-12-03T05:38:46.142Z	INFO	middleware/logging_mw.go:69	uri /value/ method POST duration 506.946µs status 200 size 75
        2025-12-03T05:38:46.242Z	DEBUG	middleware/gzip_mw.go:15	accept encoding value gzip
        2025-12-03T05:38:46.242Z	DEBUG	middleware/gzip_mw.go:17	supports gzip %!b(bool=true)
        2025-12-03T05:38:46.242Z	DEBUG	middleware/gzip_mw.go:19	try compress
        2025-12-03T05:38:46.243Z	INFO	service/base_metrics_service.go:53	Retrieved counter: PollCount = 474
        2025-12-03T05:38:46.243Z	INFO	handler/metrics_handler_json.go:190	return counter metric %s value %dPollCount474
        2025-12-03T05:38:46.243Z	DEBUG	middleware/sign_mw.go:47	sign ----------> hW+1wI0R/x66EOYRdIergjJLWdGUqPBrKnM6zz5Qr0g=
        2025/12/03 05:38:46 http: superfluous response.WriteHeader call from github.com/mrPTqp/metrics/internal/server/middleware.(*loggingResponseWriter).WriteHeader (logging_mw.go:30)
        2025-12-03T05:38:46.243Z	INFO	middleware/logging_mw.go:69	uri /value/ method POST duration 435.929µs status 200 size 70
        2025-12-03T05:38:46.343Z	DEBUG	middleware/gzip_mw.go:15	accept encoding value gzip
        2025-12-03T05:38:46.343Z	DEBUG	middleware/gzip_mw.go:17	supports gzip %!b(bool=true)
        2025-12-03T05:38:46.343Z	DEBUG	middleware/gzip_mw.go:19	try compress
        2025-12-03T05:38:46.344Z	INFO	service/base_metrics_service.go:44	Retrieved gauge: RandomValue = 0.490846
        2025-12-03T05:38:46.344Z	INFO	handler/metrics_handler_json.go:173	return gauge metric %s value %fRandomValue0.4908458140365596
        2025-12-03T05:38:46.344Z	DEBUG	middleware/sign_mw.go:47	sign ----------> aR+xitNsjQCwv9u4I5BbNK1KTKyP8OMZ+ghKcUnBzJY=
        2025/12/03 05:38:46 http: superfluous response.WriteHeader call from github.com/mrPTqp/metrics/internal/server/middleware.(*loggingResponseWriter).WriteHeader (logging_mw.go:30)
        2025-12-03T05:38:46.344Z	INFO	middleware/logging_mw.go:69	uri /value/ method POST duration 783.611µs status 200 size 82
        2025-12-03T05:38:46.445Z	DEBUG	middleware/gzip_mw.go:15	accept encoding value gzip
        2025-12-03T05:38:46.445Z	DEBUG	middleware/gzip_mw.go:17	supports gzip %!b(bool=true)
        2025-12-03T05:38:46.445Z	DEBUG	middleware/gzip_mw.go:19	try compress
        2025-12-03T05:38:46.445Z	INFO	service/base_metrics_service.go:44	Retrieved gauge: Alloc = 1341904.000000
        2025-12-03T05:38:46.445Z	INFO	handler/metrics_handler_json.go:173	return gauge metric %s value %fAlloc1.341904e+06
        2025-12-03T05:38:46.445Z	DEBUG	middleware/sign_mw.go:47	sign ----------> xTp24yQonkTNuRurmq+e9lqc43CO7Af5Xbz2lLHWgu8=
        2025/12/03 05:38:46 http: superfluous response.WriteHeader call from github.com/mrPTqp/metrics/internal/server/middleware.(*loggingResponseWriter).WriteHeader (logging_mw.go:30)
        2025-12-03T05:38:46.445Z	INFO	middleware/logging_mw.go:69	uri /value/ method POST duration 329.607µs status 200 size 70
        2025-12-03T05:38:46.546Z	DEBUG	middleware/gzip_mw.go:15	accept encoding value gzip
        2025-12-03T05:38:46.546Z	DEBUG	middleware/gzip_mw.go:17	supports gzip %!b(bool=true)
        2025-12-03T05:38:46.546Z	DEBUG	middleware/gzip_mw.go:19	try compress
        2025-12-03T05:38:46.546Z	INFO	service/base_metrics_service.go:44	Retrieved gauge: Frees = 70.000000
        2025-12-03T05:38:46.546Z	INFO	handler/metrics_handler_json.go:173	return gauge metric %s value %fFrees70
        2025-12-03T05:38:46.546Z	DEBUG	middleware/sign_mw.go:47	sign ----------> uJle0mAH8hU7VxS2Z0YjMgOQMs/8vSAdAgPkQGnpZS0=
        2025/12/03 05:38:46 http: superfluous response.WriteHeader call from github.com/mrPTqp/metrics/internal/server/middleware.(*loggingResponseWriter).WriteHeader (logging_mw.go:30)
        2025-12-03T05:38:46.546Z	INFO	middleware/logging_mw.go:69	uri /value/ method POST duration 341.515µs status 200 size 65
        2025-12-03T05:38:46.647Z	DEBUG	middleware/gzip_mw.go:15	accept encoding value gzip
        2025-12-03T05:38:46.647Z	DEBUG	middleware/gzip_mw.go:17	supports gzip %!b(bool=true)
        2025-12-03T05:38:46.647Z	DEBUG	middleware/gzip_mw.go:19	try compress
        2025-12-03T05:38:46.647Z	INFO	service/base_metrics_service.go:44	Retrieved gauge: HeapAlloc = 1341904.000000
        2025-12-03T05:38:46.647Z	INFO	handler/metrics_handler_json.go:173	return gauge metric %s value %fHeapAlloc1.341904e+06
        2025-12-03T05:38:46.647Z	DEBUG	middleware/sign_mw.go:47	sign ----------> wx/B5OVIzNdcl1PTB8RupD/YZjb4xHIQ+gYD/neHjA0=
        2025/12/03 05:38:46 http: superfluous response.WriteHeader call from github.com/mrPTqp/metrics/internal/server/middleware.(*loggingResponseWriter).WriteHeader (logging_mw.go:30)
        2025-12-03T05:38:46.647Z	INFO	middleware/logging_mw.go:69	uri /value/ method POST duration 855.146µs status 200 size 74
        2025-12-03T05:38:46.748Z	DEBUG	middleware/gzip_mw.go:15	accept encoding value gzip
        2025-12-03T05:38:46.748Z	DEBUG	middleware/gzip_mw.go:17	supports gzip %!b(bool=true)
        2025-12-03T05:38:46.748Z	DEBUG	middleware/gzip_mw.go:19	try compress
        2025-12-03T05:38:46.749Z	INFO	service/base_metrics_service.go:44	Retrieved gauge: HeapIdle = 1875968.000000
        2025-12-03T05:38:46.749Z	INFO	handler/metrics_handler_json.go:173	return gauge metric %s value %fHeapIdle1.875968e+06
        2025-12-03T05:38:46.749Z	DEBUG	middleware/sign_mw.go:47	sign ----------> Z1RzU7z2hAlwykMhV5Cv1AkgFn5T7UZ+inlrkFzF5nI=
        2025/12/03 05:38:46 http: superfluous response.WriteHeader call from github.com/mrPTqp/metrics/internal/server/middleware.(*loggingResponseWriter).WriteHeader (logging_mw.go:30)
        2025-12-03T05:38:46.749Z	INFO	middleware/logging_mw.go:69	uri /value/ method POST duration 539.133µs status 200 size 71
        2025-12-03T05:38:46.849Z	DEBUG	middleware/gzip_mw.go:15	accept encoding value gzip
        2025-12-03T05:38:46.850Z	DEBUG	middleware/gzip_mw.go:17	supports gzip %!b(bool=true)
        2025-12-03T05:38:46.850Z	DEBUG	middleware/gzip_mw.go:19	try compress
        2025-12-03T05:38:46.850Z	INFO	service/base_metrics_service.go:44	Retrieved gauge: HeapInuse = 1990656.000000
        2025-12-03T05:38:46.850Z	INFO	handler/metrics_handler_json.go:173	return gauge metric %s value %fHeapInuse1.990656e+06
        2025-12-03T05:38:46.850Z	DEBUG	middleware/sign_mw.go:47	sign ----------> cU8/wHTRLepbt4LH+LCZ5XkJmXUJpIUOGzh7rgA9d2Q=
        2025/12/03 05:38:46 http: superfluous response.WriteHeader call from github.com/mrPTqp/metrics/internal/server/middleware.(*loggingResponseWriter).WriteHeader (logging_mw.go:30)
        2025-12-03T05:38:46.850Z	INFO	middleware/logging_mw.go:69	uri /value/ method POST duration 506.514µs status 200 size 72
        2025-12-03T05:38:46.951Z	DEBUG	middleware/gzip_mw.go:15	accept encoding value gzip
        2025-12-03T05:38:46.951Z	DEBUG	middleware/gzip_mw.go:17	supports gzip %!b(bool=true)
        2025-12-03T05:38:46.951Z	DEBUG	middleware/gzip_mw.go:19	try compress
        2025-12-03T05:38:46.951Z	INFO	service/base_metrics_service.go:44	Retrieved gauge: HeapObjects = 1293.000000
        2025-12-03T05:38:46.952Z	INFO	handler/metrics_handler_json.go:173	return gauge metric %s value %fHeapObjects1293
        2025-12-03T05:38:46.952Z	DEBUG	middleware/sign_mw.go:47	sign ----------> 4EiAMOd5555wTbRPIGsdfPtkh2q/jiN2Xu1xy12v5lo=
        2025/12/03 05:38:46 http: superfluous response.WriteHeader call from github.com/mrPTqp/metrics/internal/server/middleware.(*loggingResponseWriter).WriteHeader (logging_mw.go:30)
        2025-12-03T05:38:46.952Z	INFO	middleware/logging_mw.go:69	uri /value/ method POST duration 857.386µs status 200 size 73
        2025-12-03T05:38:47.052Z	DEBUG	middleware/gzip_mw.go:15	accept encoding value gzip
        2025-12-03T05:38:47.052Z	DEBUG	middleware/gzip_mw.go:17	supports gzip %!b(bool=true)
        2025-12-03T05:38:47.052Z	DEBUG	middleware/gzip_mw.go:19	try compress
        2025-12-03T05:38:47.053Z	INFO	service/base_metrics_service.go:44	Retrieved gauge: Mallocs = 1363.000000
        2025-12-03T05:38:47.053Z	INFO	handler/metrics_handler_json.go:173	return gauge metric %s value %fMallocs1363
        2025-12-03T05:38:47.053Z	DEBUG	middleware/sign_mw.go:47	sign ----------> 3Lne+qLyIgpBLs4GXy1i+B6Sl24zNsQS8XvcuW9Tazg=
        2025/12/03 05:38:47 http: superfluous response.WriteHeader call from github.com/mrPTqp/metrics/internal/server/middleware.(*loggingResponseWriter).WriteHeader (logging_mw.go:30)
        2025-12-03T05:38:47.053Z	INFO	middleware/logging_mw.go:69	uri /value/ method POST duration 490.688µs status 200 size 69
        2025-12-03T05:38:47.154Z	DEBUG	middleware/gzip_mw.go:15	accept encoding value gzip
        2025-12-03T05:38:47.154Z	DEBUG	middleware/gzip_mw.go:17	supports gzip %!b(bool=true)
        2025-12-03T05:38:47.154Z	DEBUG	middleware/gzip_mw.go:19	try compress
        2025-12-03T05:38:47.154Z	INFO	service/base_metrics_service.go:44	Retrieved gauge: TotalAlloc = 1341904.000000
        2025-12-03T05:38:47.154Z	INFO	handler/metrics_handler_json.go:173	return gauge metric %s value %fTotalAlloc1.341904e+06
        2025-12-03T05:38:47.154Z	DEBUG	middleware/sign_mw.go:47	sign ----------> v+tB4NqhJyc/zpyPLLM5KoZjQ7QBs3Uz6XRrHwQlmdM=
        2025/12/03 05:38:47 http: superfluous response.WriteHeader call from github.com/mrPTqp/metrics/internal/server/middleware.(*loggingResponseWriter).WriteHeader (logging_mw.go:30)
        2025-12-03T05:38:47.154Z	INFO	middleware/logging_mw.go:69	uri /value/ method POST duration 515.465µs status 200 size 75
        2025-12-03T05:38:47.255Z	DEBUG	middleware/gzip_mw.go:15	accept encoding value gzip
        2025-12-03T05:38:47.255Z	DEBUG	middleware/gzip_mw.go:17	supports gzip %!b(bool=true)
        2025-12-03T05:38:47.255Z	DEBUG	middleware/gzip_mw.go:19	try compress
        2025-12-03T05:38:47.255Z	INFO	service/base_metrics_service.go:53	Retrieved counter: PollCount = 474
        2025-12-03T05:38:47.256Z	INFO	handler/metrics_handler_json.go:190	return counter metric %s value %dPollCount474
        2025-12-03T05:38:47.256Z	DEBUG	middleware/sign_mw.go:47	sign ----------> hW+1wI0R/x66EOYRdIergjJLWdGUqPBrKnM6zz5Qr0g=
        2025/12/03 05:38:47 http: superfluous response.WriteHeader call from github.com/mrPTqp/metrics/internal/server/middleware.(*loggingResponseWriter).WriteHeader (logging_mw.go:30)
        2025-12-03T05:38:47.256Z	INFO	middleware/logging_mw.go:69	uri /value/ method POST duration 1.227036ms status 200 size 70
        2025-12-03T05:38:47.357Z	DEBUG	middleware/gzip_mw.go:15	accept encoding value gzip
        2025-12-03T05:38:47.357Z	DEBUG	middleware/gzip_mw.go:17	supports gzip %!b(bool=true)
        2025-12-03T05:38:47.357Z	DEBUG	middleware/gzip_mw.go:19	try compress
        2025-12-03T05:38:47.357Z	INFO	service/base_metrics_service.go:44	Retrieved gauge: RandomValue = 0.490846
        2025-12-03T05:38:47.357Z	INFO	handler/metrics_handler_json.go:173	return gauge metric %s value %fRandomValue0.4908458140365596
        2025-12-03T05:38:47.357Z	DEBUG	middleware/sign_mw.go:47	sign ----------> aR+xitNsjQCwv9u4I5BbNK1KTKyP8OMZ+ghKcUnBzJY=
        2025/12/03 05:38:47 http: superfluous response.WriteHeader call from github.com/mrPTqp/metrics/internal/server/middleware.(*loggingResponseWriter).WriteHeader (logging_mw.go:30)
        2025-12-03T05:38:47.357Z	INFO	middleware/logging_mw.go:69	uri /value/ method POST duration 546.937µs status 200 size 82
        2025-12-03T05:38:47.458Z	DEBUG	middleware/gzip_mw.go:15	accept encoding value gzip
        2025-12-03T05:38:47.458Z	DEBUG	middleware/gzip_mw.go:17	supports gzip %!b(bool=true)
        2025-12-03T05:38:47.458Z	DEBUG	middleware/gzip_mw.go:19	try compress
        2025-12-03T05:38:47.458Z	INFO	service/base_metrics_service.go:44	Retrieved gauge: Alloc = 1341904.000000
        2025-12-03T05:38:47.459Z	INFO	handler/metrics_handler_json.go:173	return gauge metric %s value %fAlloc1.341904e+06
        2025-12-03T05:38:47.459Z	DEBUG	middleware/sign_mw.go:47	sign ----------> xTp24yQonkTNuRurmq+e9lqc43CO7Af5Xbz2lLHWgu8=
        2025/12/03 05:38:47 http: superfluous response.WriteHeader call from github.com/mrPTqp/metrics/internal/server/middleware.(*loggingResponseWriter).WriteHeader (logging_mw.go:30)
        2025-12-03T05:38:47.459Z	INFO	middleware/logging_mw.go:69	uri /value/ method POST duration 651.594µs status 200 size 70
        2025-12-03T05:38:47.560Z	DEBUG	middleware/gzip_mw.go:15	accept encoding value gzip
        2025-12-03T05:38:47.560Z	DEBUG	middleware/gzip_mw.go:17	supports gzip %!b(bool=true)
        2025-12-03T05:38:47.560Z	DEBUG	middleware/gzip_mw.go:19	try compress
        2025-12-03T05:38:47.560Z	INFO	service/base_metrics_service.go:44	Retrieved gauge: Frees = 70.000000
        2025-12-03T05:38:47.560Z	INFO	handler/metrics_handler_json.go:173	return gauge metric %s value %fFrees70
        2025-12-03T05:38:47.560Z	DEBUG	middleware/sign_mw.go:47	sign ----------> uJle0mAH8hU7VxS2Z0YjMgOQMs/8vSAdAgPkQGnpZS0=
        2025/12/03 05:38:47 http: superfluous response.WriteHeader call from github.com/mrPTqp/metrics/internal/server/middleware.(*loggingResponseWriter).WriteHeader (logging_mw.go:30)
        2025-12-03T05:38:47.560Z	INFO	middleware/logging_mw.go:69	uri /value/ method POST duration 580.322µs status 200 size 65
        2025-12-03T05:38:47.661Z	DEBUG	middleware/gzip_mw.go:15	accept encoding value gzip
        2025-12-03T05:38:47.661Z	DEBUG	middleware/gzip_mw.go:17	supports gzip %!b(bool=true)
        2025-12-03T05:38:47.661Z	DEBUG	middleware/gzip_mw.go:19	try compress
        2025-12-03T05:38:47.661Z	INFO	service/base_metrics_service.go:44	Retrieved gauge: HeapAlloc = 1341904.000000
        2025-12-03T05:38:47.661Z	INFO	handler/metrics_handler_json.go:173	return gauge metric %s value %fHeapAlloc1.341904e+06
        2025-12-03T05:38:47.662Z	DEBUG	middleware/sign_mw.go:47	sign ----------> wx/B5OVIzNdcl1PTB8RupD/YZjb4xHIQ+gYD/neHjA0=
        2025/12/03 05:38:47 http: superfluous response.WriteHeader call from github.com/mrPTqp/metrics/internal/server/middleware.(*loggingResponseWriter).WriteHeader (logging_mw.go:30)
        2025-12-03T05:38:47.662Z	INFO	middleware/logging_mw.go:69	uri /value/ method POST duration 812.882µs status 200 size 74
        2025-12-03T05:38:47.763Z	DEBUG	middleware/gzip_mw.go:15	accept encoding value gzip
        2025-12-03T05:38:47.763Z	DEBUG	middleware/gzip_mw.go:17	supports gzip %!b(bool=true)
        2025-12-03T05:38:47.763Z	DEBUG	middleware/gzip_mw.go:19	try compress
        2025-12-03T05:38:47.763Z	INFO	service/base_metrics_service.go:44	Retrieved gauge: HeapIdle = 1875968.000000
        2025-12-03T05:38:47.763Z	INFO	handler/metrics_handler_json.go:173	return gauge metric %s value %fHeapIdle1.875968e+06
        2025-12-03T05:38:47.763Z	DEBUG	middleware/sign_mw.go:47	sign ----------> Z1RzU7z2hAlwykMhV5Cv1AkgFn5T7UZ+inlrkFzF5nI=
        2025/12/03 05:38:47 http: superfluous response.WriteHeader call from github.com/mrPTqp/metrics/internal/server/middleware.(*loggingResponseWriter).WriteHeader (logging_mw.go:30)
        2025-12-03T05:38:47.763Z	INFO	middleware/logging_mw.go:69	uri /value/ method POST duration 553.311µs status 200 size 71
        2025-12-03T05:38:47.864Z	DEBUG	middleware/gzip_mw.go:15	accept encoding value gzip
        2025-12-03T05:38:47.864Z	DEBUG	middleware/gzip_mw.go:17	supports gzip %!b(bool=true)
        2025-12-03T05:38:47.864Z	DEBUG	middleware/gzip_mw.go:19	try compress
        2025-12-03T05:38:47.864Z	INFO	service/base_metrics_service.go:44	Retrieved gauge: HeapInuse = 1990656.000000
        2025-12-03T05:38:47.864Z	INFO	handler/metrics_handler_json.go:173	return gauge metric %s value %fHeapInuse1.990656e+06
        2025-12-03T05:38:47.865Z	DEBUG	middleware/sign_mw.go:47	sign ----------> cU8/wHTRLepbt4LH+LCZ5XkJmXUJpIUOGzh7rgA9d2Q=
        2025/12/03 05:38:47 http: superfluous response.WriteHeader call from github.com/mrPTqp/metrics/internal/server/middleware.(*loggingResponseWriter).WriteHeader (logging_mw.go:30)
        2025-12-03T05:38:47.865Z	INFO	middleware/logging_mw.go:69	uri /value/ method POST duration 943.406µs status 200 size 72
        2025-12-03T05:38:47.966Z	DEBUG	middleware/gzip_mw.go:15	accept encoding value gzip
        2025-12-03T05:38:47.966Z	DEBUG	middleware/gzip_mw.go:17	supports gzip %!b(bool=true)
        2025-12-03T05:38:47.966Z	DEBUG	middleware/gzip_mw.go:19	try compress
        2025-12-03T05:38:47.966Z	INFO	service/base_metrics_service.go:44	Retrieved gauge: HeapObjects = 1293.000000
        2025-12-03T05:38:47.966Z	INFO	handler/metrics_handler_json.go:173	return gauge metric %s value %fHeapObjects1293
        2025-12-03T05:38:47.966Z	DEBUG	middleware/sign_mw.go:47	sign ----------> 4EiAMOd5555wTbRPIGsdfPtkh2q/jiN2Xu1xy12v5lo=
        2025/12/03 05:38:47 http: superfluous response.WriteHeader call from github.com/mrPTqp/metrics/internal/server/middleware.(*loggingResponseWriter).WriteHeader (logging_mw.go:30)
        2025-12-03T05:38:47.966Z	INFO	middleware/logging_mw.go:69	uri /value/ method POST duration 599.447µs status 200 size 73
        2025-12-03T05:38:48.067Z	DEBUG	middleware/gzip_mw.go:15	accept encoding value gzip
        2025-12-03T05:38:48.067Z	DEBUG	middleware/gzip_mw.go:17	supports gzip %!b(bool=true)
        2025-12-03T05:38:48.067Z	DEBUG	middleware/gzip_mw.go:19	try compress
        2025-12-03T05:38:48.067Z	INFO	service/base_metrics_service.go:44	Retrieved gauge: Mallocs = 1363.000000
        2025-12-03T05:38:48.067Z	INFO	handler/metrics_handler_json.go:173	return gauge metric %s value %fMallocs1363
        2025-12-03T05:38:48.067Z	DEBUG	middleware/sign_mw.go:47	sign ----------> 3Lne+qLyIgpBLs4GXy1i+B6Sl24zNsQS8XvcuW9Tazg=
        2025/12/03 05:38:48 http: superfluous response.WriteHeader call from github.com/mrPTqp/metrics/internal/server/middleware.(*loggingResponseWriter).WriteHeader (logging_mw.go:30)
        2025-12-03T05:38:48.067Z	INFO	middleware/logging_mw.go:69	uri /value/ method POST duration 653.565µs status 200 size 69
        2025-12-03T05:38:48.168Z	DEBUG	middleware/gzip_mw.go:15	accept encoding value gzip
        2025-12-03T05:38:48.168Z	DEBUG	middleware/gzip_mw.go:17	supports gzip %!b(bool=true)
        2025-12-03T05:38:48.168Z	DEBUG	middleware/gzip_mw.go:19	try compress
        2025-12-03T05:38:48.168Z	INFO	service/base_metrics_service.go:44	Retrieved gauge: TotalAlloc = 1341904.000000
        2025-12-03T05:38:48.168Z	INFO	handler/metrics_handler_json.go:173	return gauge metric %s value %fTotalAlloc1.341904e+06
        2025-12-03T05:38:48.169Z	DEBUG	middleware/sign_mw.go:47	sign ----------> v+tB4NqhJyc/zpyPLLM5KoZjQ7QBs3Uz6XRrHwQlmdM=
        2025/12/03 05:38:48 http: superfluous response.WriteHeader call from github.com/mrPTqp/metrics/internal/server/middleware.(*loggingResponseWriter).WriteHeader (logging_mw.go:30)
        2025-12-03T05:38:48.169Z	INFO	middleware/logging_mw.go:69	uri /value/ method POST duration 411.126µs status 200 size 75
        2025-12-03T05:38:48.269Z	DEBUG	middleware/gzip_mw.go:15	accept encoding value gzip
        2025-12-03T05:38:48.269Z	DEBUG	middleware/gzip_mw.go:17	supports gzip %!b(bool=true)
        2025-12-03T05:38:48.269Z	DEBUG	middleware/gzip_mw.go:19	try compress
        2025-12-03T05:38:48.269Z	INFO	service/base_metrics_service.go:53	Retrieved counter: PollCount = 474
        2025-12-03T05:38:48.270Z	INFO	handler/metrics_handler_json.go:190	return counter metric %s value %dPollCount474
        2025-12-03T05:38:48.270Z	DEBUG	middleware/sign_mw.go:47	sign ----------> hW+1wI0R/x66EOYRdIergjJLWdGUqPBrKnM6zz5Qr0g=
        2025/12/03 05:38:48 http: superfluous response.WriteHeader call from github.com/mrPTqp/metrics/internal/server/middleware.(*loggingResponseWriter).WriteHeader (logging_mw.go:30)
        2025-12-03T05:38:48.270Z	INFO	middleware/logging_mw.go:69	uri /value/ method POST duration 533.658µs status 200 size 70
        2025-12-03T05:38:48.370Z	DEBUG	middleware/gzip_mw.go:15	accept encoding value gzip
        2025-12-03T05:38:48.370Z	DEBUG	middleware/gzip_mw.go:17	supports gzip %!b(bool=true)
        2025-12-03T05:38:48.370Z	DEBUG	middleware/gzip_mw.go:19	try compress
        2025-12-03T05:38:48.371Z	INFO	service/base_metrics_service.go:44	Retrieved gauge: RandomValue = 0.490846
        2025-12-03T05:38:48.371Z	INFO	handler/metrics_handler_json.go:173	return gauge metric %s value %fRandomValue0.4908458140365596
        2025-12-03T05:38:48.371Z	DEBUG	middleware/sign_mw.go:47	sign ----------> aR+xitNsjQCwv9u4I5BbNK1KTKyP8OMZ+ghKcUnBzJY=
        2025/12/03 05:38:48 http: superfluous response.WriteHeader call from github.com/mrPTqp/metrics/internal/server/middleware.(*loggingResponseWriter).WriteHeader (logging_mw.go:30)
        2025-12-03T05:38:48.371Z	INFO	middleware/logging_mw.go:69	uri /value/ method POST duration 390.792µs status 200 size 82
        2025-12-03T05:38:48.471Z	DEBUG	middleware/gzip_mw.go:15	accept encoding value gzip
        2025-12-03T05:38:48.471Z	DEBUG	middleware/gzip_mw.go:17	supports gzip %!b(bool=true)
        2025-12-03T05:38:48.471Z	DEBUG	middleware/gzip_mw.go:19	try compress
        2025-12-03T05:38:48.472Z	INFO	service/base_metrics_service.go:44	Retrieved gauge: Alloc = 1341904.000000
        2025-12-03T05:38:48.472Z	INFO	handler/metrics_handler_json.go:173	return gauge metric %s value %fAlloc1.341904e+06
        2025-12-03T05:38:48.472Z	DEBUG	middleware/sign_mw.go:47	sign ----------> xTp24yQonkTNuRurmq+e9lqc43CO7Af5Xbz2lLHWgu8=
        2025/12/03 05:38:48 http: superfluous response.WriteHeader call from github.com/mrPTqp/metrics/internal/server/middleware.(*loggingResponseWriter).WriteHeader (logging_mw.go:30)
        2025-12-03T05:38:48.472Z	INFO	middleware/logging_mw.go:69	uri /value/ method POST duration 399.462µs status 200 size 70
        2025-12-03T05:38:48.572Z	DEBUG	middleware/gzip_mw.go:15	accept encoding value gzip
        2025-12-03T05:38:48.572Z	DEBUG	middleware/gzip_mw.go:17	supports gzip %!b(bool=true)
        2025-12-03T05:38:48.572Z	DEBUG	middleware/gzip_mw.go:19	try compress
        2025-12-03T05:38:48.573Z	INFO	service/base_metrics_service.go:44	Retrieved gauge: Frees = 70.000000
        2025-12-03T05:38:48.573Z	INFO	handler/metrics_handler_json.go:173	return gauge metric %s value %fFrees70
        2025-12-03T05:38:48.573Z	DEBUG	middleware/sign_mw.go:47	sign ----------> uJle0mAH8hU7VxS2Z0YjMgOQMs/8vSAdAgPkQGnpZS0=
        2025/12/03 05:38:48 http: superfluous response.WriteHeader call from github.com/mrPTqp/metrics/internal/server/middleware.(*loggingResponseWriter).WriteHeader (logging_mw.go:30)
        2025-12-03T05:38:48.573Z	INFO	middleware/logging_mw.go:69	uri /value/ method POST duration 973.066µs status 200 size 65
        2025-12-03T05:38:48.674Z	DEBUG	middleware/gzip_mw.go:15	accept encoding value gzip
        2025-12-03T05:38:48.674Z	DEBUG	middleware/gzip_mw.go:17	supports gzip %!b(bool=true)
        2025-12-03T05:38:48.674Z	DEBUG	middleware/gzip_mw.go:19	try compress
        2025-12-03T05:38:48.674Z	INFO	service/base_metrics_service.go:44	Retrieved gauge: HeapAlloc = 1341904.000000
        2025-12-03T05:38:48.674Z	INFO	handler/metrics_handler_json.go:173	return gauge metric %s value %fHeapAlloc1.341904e+06
        2025-12-03T05:38:48.674Z	DEBUG	middleware/sign_mw.go:47	sign ----------> wx/B5OVIzNdcl1PTB8RupD/YZjb4xHIQ+gYD/neHjA0=
        2025/12/03 05:38:48 http: superfluous response.WriteHeader call from github.com/mrPTqp/metrics/internal/server/middleware.(*loggingResponseWriter).WriteHeader (logging_mw.go:30)
        2025-12-03T05:38:48.674Z	INFO	middleware/logging_mw.go:69	uri /value/ method POST duration 383.701µs status 200 size 74
        2025-12-03T05:38:48.775Z	DEBUG	middleware/gzip_mw.go:15	accept encoding value gzip
        2025-12-03T05:38:48.775Z	DEBUG	middleware/gzip_mw.go:17	supports gzip %!b(bool=true)
        2025-12-03T05:38:48.775Z	DEBUG	middleware/gzip_mw.go:19	try compress
        2025-12-03T05:38:48.775Z	INFO	service/base_metrics_service.go:44	Retrieved gauge: HeapIdle = 1875968.000000
        2025-12-03T05:38:48.775Z	INFO	handler/metrics_handler_json.go:173	return gauge metric %s value %fHeapIdle1.875968e+06
        2025-12-03T05:38:48.775Z	DEBUG	middleware/sign_mw.go:47	sign ----------> Z1RzU7z2hAlwykMhV5Cv1AkgFn5T7UZ+inlrkFzF5nI=
        2025/12/03 05:38:48 http: superfluous response.WriteHeader call from github.com/mrPTqp/metrics/internal/server/middleware.(*loggingResponseWriter).WriteHeader (logging_mw.go:30)
        2025-12-03T05:38:48.775Z	INFO	middleware/logging_mw.go:69	uri /value/ method POST duration 359.816µs status 200 size 71
        2025-12-03T05:38:48.876Z	DEBUG	middleware/gzip_mw.go:15	accept encoding value gzip
        2025-12-03T05:38:48.876Z	DEBUG	middleware/gzip_mw.go:17	supports gzip %!b(bool=true)
        2025-12-03T05:38:48.876Z	DEBUG	middleware/gzip_mw.go:19	try compress
        2025-12-03T05:38:48.876Z	INFO	service/base_metrics_service.go:44	Retrieved gauge: HeapInuse = 1990656.000000
        2025-12-03T05:38:48.876Z	INFO	handler/metrics_handler_json.go:173	return gauge metric %s value %fHeapInuse1.990656e+06
        2025-12-03T05:38:48.876Z	DEBUG	middleware/sign_mw.go:47	sign ----------> cU8/wHTRLepbt4LH+LCZ5XkJmXUJpIUOGzh7rgA9d2Q=
        2025/12/03 05:38:48 http: superfluous response.WriteHeader call from github.com/mrPTqp/metrics/internal/server/middleware.(*loggingResponseWriter).WriteHeader (logging_mw.go:30)
        2025-12-03T05:38:48.876Z	INFO	middleware/logging_mw.go:69	uri /value/ method POST duration 680.626µs status 200 size 72
        2025-12-03T05:38:48.977Z	DEBUG	middleware/gzip_mw.go:15	accept encoding value gzip
        2025-12-03T05:38:48.977Z	DEBUG	middleware/gzip_mw.go:17	supports gzip %!b(bool=true)
        2025-12-03T05:38:48.977Z	DEBUG	middleware/gzip_mw.go:19	try compress
        2025-12-03T05:38:48.977Z	INFO	service/base_metrics_service.go:44	Retrieved gauge: HeapObjects = 1293.000000
        2025-12-03T05:38:48.977Z	INFO	handler/metrics_handler_json.go:173	return gauge metric %s value %fHeapObjects1293
        2025-12-03T05:38:48.977Z	DEBUG	middleware/sign_mw.go:47	sign ----------> 4EiAMOd5555wTbRPIGsdfPtkh2q/jiN2Xu1xy12v5lo=
        2025/12/03 05:38:48 http: superfluous response.WriteHeader call from github.com/mrPTqp/metrics/internal/server/middleware.(*loggingResponseWriter).WriteHeader (logging_mw.go:30)
        2025-12-03T05:38:48.977Z	INFO	middleware/logging_mw.go:69	uri /value/ method POST duration 357.84µs status 200 size 73
        2025-12-03T05:38:49.078Z	DEBUG	middleware/gzip_mw.go:15	accept encoding value gzip
        2025-12-03T05:38:49.078Z	DEBUG	middleware/gzip_mw.go:17	supports gzip %!b(bool=true)
        2025-12-03T05:38:49.078Z	DEBUG	middleware/gzip_mw.go:19	try compress
        2025-12-03T05:38:49.078Z	INFO	service/base_metrics_service.go:44	Retrieved gauge: Mallocs = 1363.000000
        2025-12-03T05:38:49.078Z	INFO	handler/metrics_handler_json.go:173	return gauge metric %s value %fMallocs1363
        2025-12-03T05:38:49.078Z	DEBUG	middleware/sign_mw.go:47	sign ----------> 3Lne+qLyIgpBLs4GXy1i+B6Sl24zNsQS8XvcuW9Tazg=
        2025/12/03 05:38:49 http: superfluous response.WriteHeader call from github.com/mrPTqp/metrics/internal/server/middleware.(*loggingResponseWriter).WriteHeader (logging_mw.go:30)
        2025-12-03T05:38:49.078Z	INFO	middleware/logging_mw.go:69	uri /value/ method POST duration 497.839µs status 200 size 69
        2025-12-03T05:38:49.179Z	DEBUG	middleware/gzip_mw.go:15	accept encoding value gzip
        2025-12-03T05:38:49.179Z	DEBUG	middleware/gzip_mw.go:17	supports gzip %!b(bool=true)
        2025-12-03T05:38:49.179Z	DEBUG	middleware/gzip_mw.go:19	try compress
        2025-12-03T05:38:49.179Z	INFO	service/base_metrics_service.go:44	Retrieved gauge: TotalAlloc = 1341904.000000
        2025-12-03T05:38:49.180Z	INFO	handler/metrics_handler_json.go:173	return gauge metric %s value %fTotalAlloc1.341904e+06
        2025-12-03T05:38:49.180Z	DEBUG	middleware/sign_mw.go:47	sign ----------> v+tB4NqhJyc/zpyPLLM5KoZjQ7QBs3Uz6XRrHwQlmdM=
        2025/12/03 05:38:49 http: superfluous response.WriteHeader call from github.com/mrPTqp/metrics/internal/server/middleware.(*loggingResponseWriter).WriteHeader (logging_mw.go:30)
        2025-12-03T05:38:49.180Z	INFO	middleware/logging_mw.go:69	uri /value/ method POST duration 767.99µs status 200 size 75
        2025-12-03T05:38:49.280Z	DEBUG	middleware/gzip_mw.go:15	accept encoding value gzip
        2025-12-03T05:38:49.280Z	DEBUG	middleware/gzip_mw.go:17	supports gzip %!b(bool=true)
        2025-12-03T05:38:49.280Z	DEBUG	middleware/gzip_mw.go:19	try compress
        2025-12-03T05:38:49.281Z	INFO	service/base_metrics_service.go:53	Retrieved counter: PollCount = 474
        2025-12-03T05:38:49.281Z	INFO	handler/metrics_handler_json.go:190	return counter metric %s value %dPollCount474
        2025-12-03T05:38:49.281Z	DEBUG	middleware/sign_mw.go:47	sign ----------> hW+1wI0R/x66EOYRdIergjJLWdGUqPBrKnM6zz5Qr0g=
        2025/12/03 05:38:49 http: superfluous response.WriteHeader call from github.com/mrPTqp/metrics/internal/server/middleware.(*loggingResponseWriter).WriteHeader (logging_mw.go:30)
        2025-12-03T05:38:49.281Z	INFO	middleware/logging_mw.go:69	uri /value/ method POST duration 444.544µs status 200 size 70
        2025-12-03T05:38:49.381Z	DEBUG	middleware/gzip_mw.go:15	accept encoding value gzip
        2025-12-03T05:38:49.381Z	DEBUG	middleware/gzip_mw.go:17	supports gzip %!b(bool=true)
        2025-12-03T05:38:49.381Z	DEBUG	middleware/gzip_mw.go:19	try compress
        2025-12-03T05:38:49.381Z	INFO	service/base_metrics_service.go:44	Retrieved gauge: RandomValue = 0.490846
        2025-12-03T05:38:49.382Z	INFO	handler/metrics_handler_json.go:173	return gauge metric %s value %fRandomValue0.4908458140365596
        2025-12-03T05:38:49.382Z	DEBUG	middleware/sign_mw.go:47	sign ----------> aR+xitNsjQCwv9u4I5BbNK1KTKyP8OMZ+ghKcUnBzJY=
        2025/12/03 05:38:49 http: superfluous response.WriteHeader call from github.com/mrPTqp/metrics/internal/server/middleware.(*loggingResponseWriter).WriteHeader (logging_mw.go:30)
        2025-12-03T05:38:49.382Z	INFO	middleware/logging_mw.go:69	uri /value/ method POST duration 359.749µs status 200 size 82
        2025-12-03T05:38:49.482Z	DEBUG	middleware/gzip_mw.go:15	accept encoding value gzip
        2025-12-03T05:38:49.482Z	DEBUG	middleware/gzip_mw.go:17	supports gzip %!b(bool=true)
        2025-12-03T05:38:49.482Z	DEBUG	middleware/gzip_mw.go:19	try compress
        2025-12-03T05:38:49.482Z	INFO	service/base_metrics_service.go:44	Retrieved gauge: Alloc = 1341904.000000
        2025-12-03T05:38:49.483Z	INFO	handler/metrics_handler_json.go:173	return gauge metric %s value %fAlloc1.341904e+06
        2025-12-03T05:38:49.483Z	DEBUG	middleware/sign_mw.go:47	sign ----------> xTp24yQonkTNuRurmq+e9lqc43CO7Af5Xbz2lLHWgu8=
        2025/12/03 05:38:49 http: superfluous response.WriteHeader call from github.com/mrPTqp/metrics/internal/server/middleware.(*loggingResponseWriter).WriteHeader (logging_mw.go:30)
        2025-12-03T05:38:49.483Z	INFO	middleware/logging_mw.go:69	uri /value/ method POST duration 626.13µs status 200 size 70
        2025-12-03T05:38:49.583Z	DEBUG	middleware/gzip_mw.go:15	accept encoding value gzip
        2025-12-03T05:38:49.583Z	DEBUG	middleware/gzip_mw.go:17	supports gzip %!b(bool=true)
        2025-12-03T05:38:49.583Z	DEBUG	middleware/gzip_mw.go:19	try compress
        2025-12-03T05:38:49.584Z	INFO	service/base_metrics_service.go:44	Retrieved gauge: Frees = 70.000000
        2025-12-03T05:38:49.584Z	INFO	handler/metrics_handler_json.go:173	return gauge metric %s value %fFrees70
        2025-12-03T05:38:49.584Z	DEBUG	middleware/sign_mw.go:47	sign ----------> uJle0mAH8hU7VxS2Z0YjMgOQMs/8vSAdAgPkQGnpZS0=
        2025/12/03 05:38:49 http: superfluous response.WriteHeader call from github.com/mrPTqp/metrics/internal/server/middleware.(*loggingResponseWriter).WriteHeader (logging_mw.go:30)
        2025-12-03T05:38:49.584Z	INFO	middleware/logging_mw.go:69	uri /value/ method POST duration 340.873µs status 200 size 65
        2025-12-03T05:38:49.684Z	DEBUG	middleware/gzip_mw.go:15	accept encoding value gzip
        2025-12-03T05:38:49.684Z	DEBUG	middleware/gzip_mw.go:17	supports gzip %!b(bool=true)
        2025-12-03T05:38:49.684Z	DEBUG	middleware/gzip_mw.go:19	try compress
        2025-12-03T05:38:49.684Z	INFO	service/base_metrics_service.go:44	Retrieved gauge: HeapAlloc = 1341904.000000
        2025-12-03T05:38:49.684Z	INFO	handler/metrics_handler_json.go:173	return gauge metric %s value %fHeapAlloc1.341904e+06
        2025-12-03T05:38:49.685Z	DEBUG	middleware/sign_mw.go:47	sign ----------> wx/B5OVIzNdcl1PTB8RupD/YZjb4xHIQ+gYD/neHjA0=
        2025/12/03 05:38:49 http: superfluous response.WriteHeader call from github.com/mrPTqp/metrics/internal/server/middleware.(*loggingResponseWriter).WriteHeader (logging_mw.go:30)
        2025-12-03T05:38:49.685Z	INFO	middleware/logging_mw.go:69	uri /value/ method POST duration 348.079µs status 200 size 74
        2025-12-03T05:38:49.785Z	DEBUG	middleware/gzip_mw.go:15	accept encoding value gzip
        2025-12-03T05:38:49.785Z	DEBUG	middleware/gzip_mw.go:17	supports gzip %!b(bool=true)
        2025-12-03T05:38:49.785Z	DEBUG	middleware/gzip_mw.go:19	try compress
        2025-12-03T05:38:49.785Z	INFO	service/base_metrics_service.go:44	Retrieved gauge: HeapIdle = 1875968.000000
        2025-12-03T05:38:49.786Z	INFO	handler/metrics_handler_json.go:173	return gauge metric %s value %fHeapIdle1.875968e+06
        2025-12-03T05:38:49.786Z	DEBUG	middleware/sign_mw.go:47	sign ----------> Z1RzU7z2hAlwykMhV5Cv1AkgFn5T7UZ+inlrkFzF5nI=
        2025/12/03 05:38:49 http: superfluous response.WriteHeader call from github.com/mrPTqp/metrics/internal/server/middleware.(*loggingResponseWriter).WriteHeader (logging_mw.go:30)
        2025-12-03T05:38:49.786Z	INFO	middleware/logging_mw.go:69	uri /value/ method POST duration 791.909µs status 200 size 71
        2025-12-03T05:38:49.887Z	DEBUG	middleware/gzip_mw.go:15	accept encoding value gzip
        2025-12-03T05:38:49.887Z	DEBUG	middleware/gzip_mw.go:17	supports gzip %!b(bool=true)
        2025-12-03T05:38:49.887Z	DEBUG	middleware/gzip_mw.go:19	try compress
        2025-12-03T05:38:49.887Z	INFO	service/base_metrics_service.go:44	Retrieved gauge: HeapInuse = 1990656.000000
        2025-12-03T05:38:49.887Z	INFO	handler/metrics_handler_json.go:173	return gauge metric %s value %fHeapInuse1.990656e+06
        2025-12-03T05:38:49.887Z	DEBUG	middleware/sign_mw.go:47	sign ----------> cU8/wHTRLepbt4LH+LCZ5XkJmXUJpIUOGzh7rgA9d2Q=
        2025/12/03 05:38:49 http: superfluous response.WriteHeader call from github.com/mrPTqp/metrics/internal/server/middleware.(*loggingResponseWriter).WriteHeader (logging_mw.go:30)
        2025-12-03T05:38:49.887Z	INFO	middleware/logging_mw.go:69	uri /value/ method POST duration 621.883µs status 200 size 72
        2025-12-03T05:38:49.988Z	DEBUG	middleware/gzip_mw.go:15	accept encoding value gzip
        2025-12-03T05:38:49.988Z	DEBUG	middleware/gzip_mw.go:17	supports gzip %!b(bool=true)
        2025-12-03T05:38:49.988Z	DEBUG	middleware/gzip_mw.go:19	try compress
        2025-12-03T05:38:49.988Z	INFO	service/base_metrics_service.go:44	Retrieved gauge: HeapObjects = 1293.000000
        2025-12-03T05:38:49.988Z	INFO	handler/metrics_handler_json.go:173	return gauge metric %s value %fHeapObjects1293
        2025-12-03T05:38:49.988Z	DEBUG	middleware/sign_mw.go:47	sign ----------> 4EiAMOd5555wTbRPIGsdfPtkh2q/jiN2Xu1xy12v5lo=
        2025/12/03 05:38:49 http: superfluous response.WriteHeader call from github.com/mrPTqp/metrics/internal/server/middleware.(*loggingResponseWriter).WriteHeader (logging_mw.go:30)
        2025-12-03T05:38:49.988Z	INFO	middleware/logging_mw.go:69	uri /value/ method POST duration 490.44µs status 200 size 73
        2025-12-03T05:38:50.089Z	DEBUG	middleware/gzip_mw.go:15	accept encoding value gzip
        2025-12-03T05:38:50.089Z	DEBUG	middleware/gzip_mw.go:17	supports gzip %!b(bool=true)
        2025-12-03T05:38:50.089Z	DEBUG	middleware/gzip_mw.go:19	try compress
        2025-12-03T05:38:50.089Z	INFO	service/base_metrics_service.go:44	Retrieved gauge: Mallocs = 1363.000000
        2025-12-03T05:38:50.090Z	INFO	handler/metrics_handler_json.go:173	return gauge metric %s value %fMallocs1363
        2025-12-03T05:38:50.090Z	DEBUG	middleware/sign_mw.go:47	sign ----------> 3Lne+qLyIgpBLs4GXy1i+B6Sl24zNsQS8XvcuW9Tazg=
        2025/12/03 05:38:50 http: superfluous response.WriteHeader call from github.com/mrPTqp/metrics/internal/server/middleware.(*loggingResponseWriter).WriteHeader (logging_mw.go:30)
        2025-12-03T05:38:50.090Z	INFO	middleware/logging_mw.go:69	uri /value/ method POST duration 840.436µs status 200 size 69
        2025-12-03T05:38:50.191Z	DEBUG	middleware/gzip_mw.go:15	accept encoding value gzip
        2025-12-03T05:38:50.191Z	DEBUG	middleware/gzip_mw.go:17	supports gzip %!b(bool=true)
        2025-12-03T05:38:50.191Z	DEBUG	middleware/gzip_mw.go:19	try compress
        2025-12-03T05:38:50.191Z	INFO	service/base_metrics_service.go:44	Retrieved gauge: TotalAlloc = 1341904.000000
        2025-12-03T05:38:50.191Z	INFO	handler/metrics_handler_json.go:173	return gauge metric %s value %fTotalAlloc1.341904e+06
        2025-12-03T05:38:50.191Z	DEBUG	middleware/sign_mw.go:47	sign ----------> v+tB4NqhJyc/zpyPLLM5KoZjQ7QBs3Uz6XRrHwQlmdM=
        2025/12/03 05:38:50 http: superfluous response.WriteHeader call from github.com/mrPTqp/metrics/internal/server/middleware.(*loggingResponseWriter).WriteHeader (logging_mw.go:30)
        2025-12-03T05:38:50.191Z	INFO	middleware/logging_mw.go:69	uri /value/ method POST duration 580.14µs status 200 size 75
        2025-12-03T05:38:50.292Z	DEBUG	middleware/gzip_mw.go:15	accept encoding value gzip
        2025-12-03T05:38:50.292Z	DEBUG	middleware/gzip_mw.go:17	supports gzip %!b(bool=true)
        2025-12-03T05:38:50.292Z	DEBUG	middleware/gzip_mw.go:19	try compress
        2025-12-03T05:38:50.292Z	INFO	service/base_metrics_service.go:53	Retrieved counter: PollCount = 474
        2025-12-03T05:38:50.292Z	INFO	handler/metrics_handler_json.go:190	return counter metric %s value %dPollCount474
        2025-12-03T05:38:50.293Z	DEBUG	middleware/sign_mw.go:47	sign ----------> hW+1wI0R/x66EOYRdIergjJLWdGUqPBrKnM6zz5Qr0g=
        2025/12/03 05:38:50 http: superfluous response.WriteHeader call from github.com/mrPTqp/metrics/internal/server/middleware.(*loggingResponseWriter).WriteHeader (logging_mw.go:30)
        2025-12-03T05:38:50.293Z	INFO	middleware/logging_mw.go:69	uri /value/ method POST duration 835.339µs status 200 size 70
        2025-12-03T05:38:50.394Z	DEBUG	middleware/gzip_mw.go:15	accept encoding value gzip
        2025-12-03T05:38:50.394Z	DEBUG	middleware/gzip_mw.go:17	supports gzip %!b(bool=true)
        2025-12-03T05:38:50.394Z	DEBUG	middleware/gzip_mw.go:19	try compress
        2025-12-03T05:38:50.394Z	INFO	service/base_metrics_service.go:44	Retrieved gauge: RandomValue = 0.490846
        2025-12-03T05:38:50.394Z	INFO	handler/metrics_handler_json.go:173	return gauge metric %s value %fRandomValue0.4908458140365596
        2025-12-03T05:38:50.394Z	DEBUG	middleware/sign_mw.go:47	sign ----------> aR+xitNsjQCwv9u4I5BbNK1KTKyP8OMZ+ghKcUnBzJY=
        2025/12/03 05:38:50 http: superfluous response.WriteHeader call from github.com/mrPTqp/metrics/internal/server/middleware.(*loggingResponseWriter).WriteHeader (logging_mw.go:30)
        2025-12-03T05:38:50.394Z	INFO	middleware/logging_mw.go:69	uri /value/ method POST duration 375.203µs status 200 size 82
        2025-12-03T05:38:50.494Z	DEBUG	middleware/gzip_mw.go:15	accept encoding value gzip
        2025-12-03T05:38:50.494Z	DEBUG	middleware/gzip_mw.go:17	supports gzip %!b(bool=true)
        2025-12-03T05:38:50.494Z	DEBUG	middleware/gzip_mw.go:19	try compress
        2025-12-03T05:38:50.495Z	INFO	service/base_metrics_service.go:44	Retrieved gauge: Alloc = 1341904.000000
        2025-12-03T05:38:50.495Z	INFO	handler/metrics_handler_json.go:173	return gauge metric %s value %fAlloc1.341904e+06
        2025-12-03T05:38:50.495Z	DEBUG	middleware/sign_mw.go:47	sign ----------> xTp24yQonkTNuRurmq+e9lqc43CO7Af5Xbz2lLHWgu8=
        2025/12/03 05:38:50 http: superfluous response.WriteHeader call from github.com/mrPTqp/metrics/internal/server/middleware.(*loggingResponseWriter).WriteHeader (logging_mw.go:30)
        2025-12-03T05:38:50.495Z	INFO	middleware/logging_mw.go:69	uri /value/ method POST duration 792.744µs status 200 size 70
        2025-12-03T05:38:50.596Z	DEBUG	middleware/gzip_mw.go:15	accept encoding value gzip
        2025-12-03T05:38:50.596Z	DEBUG	middleware/gzip_mw.go:17	supports gzip %!b(bool=true)
        2025-12-03T05:38:50.596Z	DEBUG	middleware/gzip_mw.go:19	try compress
        2025-12-03T05:38:50.596Z	INFO	service/base_metrics_service.go:44	Retrieved gauge: Frees = 70.000000
        2025-12-03T05:38:50.596Z	INFO	handler/metrics_handler_json.go:173	return gauge metric %s value %fFrees70
        2025-12-03T05:38:50.596Z	DEBUG	middleware/sign_mw.go:47	sign ----------> uJle0mAH8hU7VxS2Z0YjMgOQMs/8vSAdAgPkQGnpZS0=
        2025/12/03 05:38:50 http: superfluous response.WriteHeader call from github.com/mrPTqp/metrics/internal/server/middleware.(*loggingResponseWriter).WriteHeader (logging_mw.go:30)
        2025-12-03T05:38:50.596Z	INFO	middleware/logging_mw.go:69	uri /value/ method POST duration 549.285µs status 200 size 65
        2025-12-03T05:38:50.697Z	DEBUG	middleware/gzip_mw.go:15	accept encoding value gzip
        2025-12-03T05:38:50.697Z	DEBUG	middleware/gzip_mw.go:17	supports gzip %!b(bool=true)
        2025-12-03T05:38:50.697Z	DEBUG	middleware/gzip_mw.go:19	try compress
        2025-12-03T05:38:50.698Z	INFO	service/base_metrics_service.go:44	Retrieved gauge: HeapAlloc = 1341904.000000
        2025-12-03T05:38:50.698Z	INFO	handler/metrics_handler_json.go:173	return gauge metric %s value %fHeapAlloc1.341904e+06
        2025-12-03T05:38:50.698Z	DEBUG	middleware/sign_mw.go:47	sign ----------> wx/B5OVIzNdcl1PTB8RupD/YZjb4xHIQ+gYD/neHjA0=
        2025/12/03 05:38:50 http: superfluous response.WriteHeader call from github.com/mrPTqp/metrics/internal/server/middleware.(*loggingResponseWriter).WriteHeader (logging_mw.go:30)
        2025-12-03T05:38:50.698Z	INFO	middleware/logging_mw.go:69	uri /value/ method POST duration 765.174µs status 200 size 74
        2025-12-03T05:38:50.799Z	DEBUG	middleware/gzip_mw.go:15	accept encoding value gzip
        2025-12-03T05:38:50.799Z	DEBUG	middleware/gzip_mw.go:17	supports gzip %!b(bool=true)
        2025-12-03T05:38:50.799Z	DEBUG	middleware/gzip_mw.go:19	try compress
        2025-12-03T05:38:50.799Z	INFO	service/base_metrics_service.go:44	Retrieved gauge: HeapIdle = 1875968.000000
        2025-12-03T05:38:50.799Z	INFO	handler/metrics_handler_json.go:173	return gauge metric %s value %fHeapIdle1.875968e+06
        2025-12-03T05:38:50.799Z	DEBUG	middleware/sign_mw.go:47	sign ----------> Z1RzU7z2hAlwykMhV5Cv1AkgFn5T7UZ+inlrkFzF5nI=
        2025/12/03 05:38:50 http: superfluous response.WriteHeader call from github.com/mrPTqp/metrics/internal/server/middleware.(*loggingResponseWriter).WriteHeader (logging_mw.go:30)
        2025-12-03T05:38:50.799Z	INFO	middleware/logging_mw.go:69	uri /value/ method POST duration 556.474µs status 200 size 71
        2025-12-03T05:38:50.827Z	INFO	signer/signer.go:38	signature mismatch:
        expected: m3yvSYKlVYy+dhjMwvp7FzSrijRMZ8Lavo/E5cnhqys=
        received: YsAWHMZvuUg0e2V80Q9HYElBC8ZI6uvyngnwc6xdKwI=
        2025-12-03T05:38:50.827Z	WARN	middleware/sign_mw.go:36	invalid signature in request
        main.main.func1.SignMiddleware.1
        	/__w/metrics/metrics/internal/server/middleware/sign_mw.go:36
        net/http.HandlerFunc.ServeHTTP
        	/usr/local/go/src/net/http/server.go:2294
        github.com/mrPTqp/metrics/internal/server/middleware.LoggingMiddleware.func1
        	/__w/metrics/metrics/internal/server/middleware/logging_mw.go:78
        net/http.HandlerFunc.ServeHTTP
        	/usr/local/go/src/net/http/server.go:2294
        github.com/go-chi/chi/v5.(*Mux).routeHTTP
        	/go/pkg/mod/github.com/go-chi/chi/v5@v5.2.3/mux.go:477
        net/http.HandlerFunc.ServeHTTP
        	/usr/local/go/src/net/http/server.go:2294
        github.com/go-chi/chi/v5.(*Mux).ServeHTTP
        	/go/pkg/mod/github.com/go-chi/chi/v5@v5.2.3/mux.go:73
        github.com/go-chi/chi/v5.(*Mux).Mount.func1
        	/go/pkg/mod/github.com/go-chi/chi/v5@v5.2.3/mux.go:321
        net/http.HandlerFunc.ServeHTTP
        	/usr/local/go/src/net/http/server.go:2294
        github.com/go-chi/chi/v5.(*Mux).routeHTTP
        	/go/pkg/mod/github.com/go-chi/chi/v5@v5.2.3/mux.go:477
        net/http.HandlerFunc.ServeHTTP
        	/usr/local/go/src/net/http/server.go:2294
        github.com/go-chi/chi/v5.(*Mux).ServeHTTP
        	/go/pkg/mod/github.com/go-chi/chi/v5@v5.2.3/mux.go:90
        net/http.serverHandler.ServeHTTP
        	/usr/local/go/src/net/http/server.go:3301
        net/http.(*conn).serve
        	/usr/local/go/src/net/http/server.go:2102
        2025-12-03T05:38:50.827Z	INFO	middleware/logging_mw.go:69	uri /updates method POST duration 127.128µs status 400 size 30
        2025-12-03T05:38:50.901Z	DEBUG	middleware/gzip_mw.go:15	accept encoding value gzip
        2025-12-03T05:38:50.901Z	DEBUG	middleware/gzip_mw.go:17	supports gzip %!b(bool=true)
        2025-12-03T05:38:50.901Z	DEBUG	middleware/gzip_mw.go:19	try compress
        2025-12-03T05:38:50.901Z	INFO	service/base_metrics_service.go:44	Retrieved gauge: HeapInuse = 1990656.000000
        2025-12-03T05:38:50.902Z	INFO	handler/metrics_handler_json.go:173	return gauge metric %s value %fHeapInuse1.990656e+06
        2025-12-03T05:38:50.902Z	DEBUG	middleware/sign_mw.go:47	sign ----------> cU8/wHTRLepbt4LH+LCZ5XkJmXUJpIUOGzh7rgA9d2Q=
        2025/12/03 05:38:50 http: superfluous response.WriteHeader call from github.com/mrPTqp/metrics/internal/server/middleware.(*loggingResponseWriter).WriteHeader (logging_mw.go:30)
        2025-12-03T05:38:50.902Z	INFO	middleware/logging_mw.go:69	uri /value/ method POST duration 953.167µs status 200 size 72
        2025-12-03T05:38:51.003Z	DEBUG	middleware/gzip_mw.go:15	accept encoding value gzip
        2025-12-03T05:38:51.003Z	DEBUG	middleware/gzip_mw.go:17	supports gzip %!b(bool=true)
        2025-12-03T05:38:51.003Z	DEBUG	middleware/gzip_mw.go:19	try compress
        2025-12-03T05:38:51.003Z	INFO	service/base_metrics_service.go:44	Retrieved gauge: HeapObjects = 1293.000000
        2025-12-03T05:38:51.003Z	INFO	handler/metrics_handler_json.go:173	return gauge metric %s value %fHeapObjects1293
        2025-12-03T05:38:51.003Z	DEBUG	middleware/sign_mw.go:47	sign ----------> 4EiAMOd5555wTbRPIGsdfPtkh2q/jiN2Xu1xy12v5lo=
        2025/12/03 05:38:51 http: superfluous response.WriteHeader call from github.com/mrPTqp/metrics/internal/server/middleware.(*loggingResponseWriter).WriteHeader (logging_mw.go:30)
        2025-12-03T05:38:51.003Z	INFO	middleware/logging_mw.go:69	uri /value/ method POST duration 572.177µs status 200 size 73
        2025-12-03T05:38:51.104Z	DEBUG	middleware/gzip_mw.go:15	accept encoding value gzip
        2025-12-03T05:38:51.104Z	DEBUG	middleware/gzip_mw.go:17	supports gzip %!b(bool=true)
        2025-12-03T05:38:51.104Z	DEBUG	middleware/gzip_mw.go:19	try compress
        2025-12-03T05:38:51.104Z	INFO	service/base_metrics_service.go:44	Retrieved gauge: Mallocs = 1363.000000
        2025-12-03T05:38:51.104Z	INFO	handler/metrics_handler_json.go:173	return gauge metric %s value %fMallocs1363
        2025-12-03T05:38:51.104Z	DEBUG	middleware/sign_mw.go:47	sign ----------> 3Lne+qLyIgpBLs4GXy1i+B6Sl24zNsQS8XvcuW9Tazg=
        2025/12/03 05:38:51 http: superfluous response.WriteHeader call from github.com/mrPTqp/metrics/internal/server/middleware.(*loggingResponseWriter).WriteHeader (logging_mw.go:30)
        2025-12-03T05:38:51.104Z	INFO	middleware/logging_mw.go:69	uri /value/ method POST duration 792.926µs status 200 size 69
        2025-12-03T05:38:51.205Z	DEBUG	middleware/gzip_mw.go:15	accept encoding value gzip
        2025-12-03T05:38:51.205Z	DEBUG	middleware/gzip_mw.go:17	supports gzip %!b(bool=true)
        2025-12-03T05:38:51.205Z	DEBUG	middleware/gzip_mw.go:19	try compress
        2025-12-03T05:38:51.205Z	INFO	service/base_metrics_service.go:44	Retrieved gauge: TotalAlloc = 1341904.000000
        2025-12-03T05:38:51.205Z	INFO	handler/metrics_handler_json.go:173	return gauge metric %s value %fTotalAlloc1.341904e+06
        2025-12-03T05:38:51.205Z	DEBUG	middleware/sign_mw.go:47	sign ----------> v+tB4NqhJyc/zpyPLLM5KoZjQ7QBs3Uz6XRrHwQlmdM=
        2025/12/03 05:38:51 http: superfluous response.WriteHeader call from github.com/mrPTqp/metrics/internal/server/middleware.(*loggingResponseWriter).WriteHeader (logging_mw.go:30)
        2025-12-03T05:38:51.206Z	INFO	middleware/logging_mw.go:69	uri /value/ method POST duration 431.829µs status 200 size 75
        2025-12-03T05:38:51.306Z	DEBUG	middleware/gzip_mw.go:15	accept encoding value gzip
        2025-12-03T05:38:51.306Z	DEBUG	middleware/gzip_mw.go:17	supports gzip %!b(bool=true)
        2025-12-03T05:38:51.306Z	DEBUG	middleware/gzip_mw.go:19	try compress
        2025-12-03T05:38:51.306Z	INFO	service/base_metrics_service.go:53	Retrieved counter: PollCount = 474
        2025-12-03T05:38:51.306Z	INFO	handler/metrics_handler_json.go:190	return counter metric %s value %dPollCount474
        2025-12-03T05:38:51.307Z	DEBUG	middleware/sign_mw.go:47	sign ----------> hW+1wI0R/x66EOYRdIergjJLWdGUqPBrKnM6zz5Qr0g=
        2025/12/03 05:38:51 http: superfluous response.WriteHeader call from github.com/mrPTqp/metrics/internal/server/middleware.(*loggingResponseWriter).WriteHeader (logging_mw.go:30)
        2025-12-03T05:38:51.307Z	INFO	middleware/logging_mw.go:69	uri /value/ method POST duration 450.887µs status 200 size 70
        2025-12-03T05:38:51.407Z	DEBUG	middleware/gzip_mw.go:15	accept encoding value gzip
        2025-12-03T05:38:51.407Z	DEBUG	middleware/gzip_mw.go:17	supports gzip %!b(bool=true)
        2025-12-03T05:38:51.407Z	DEBUG	middleware/gzip_mw.go:19	try compress
        2025-12-03T05:38:51.407Z	INFO	service/base_metrics_service.go:44	Retrieved gauge: RandomValue = 0.490846
        2025-12-03T05:38:51.408Z	INFO	handler/metrics_handler_json.go:173	return gauge metric %s value %fRandomValue0.4908458140365596
        2025-12-03T05:38:51.408Z	DEBUG	middleware/sign_mw.go:47	sign ----------> aR+xitNsjQCwv9u4I5BbNK1KTKyP8OMZ+ghKcUnBzJY=
        2025/12/03 05:38:51 http: superfluous response.WriteHeader call from github.com/mrPTqp/metrics/internal/server/middleware.(*loggingResponseWriter).WriteHeader (logging_mw.go:30)
        2025-12-03T05:38:51.408Z	INFO	middleware/logging_mw.go:69	uri /value/ method POST duration 374.298µs status 200 size 82
        2025-12-03T05:38:51.508Z	DEBUG	middleware/gzip_mw.go:15	accept encoding value gzip
        2025-12-03T05:38:51.508Z	DEBUG	middleware/gzip_mw.go:17	supports gzip %!b(bool=true)
        2025-12-03T05:38:51.508Z	DEBUG	middleware/gzip_mw.go:19	try compress
        2025-12-03T05:38:51.508Z	INFO	service/base_metrics_service.go:44	Retrieved gauge: Alloc = 1341904.000000
        2025-12-03T05:38:51.508Z	INFO	handler/metrics_handler_json.go:173	return gauge metric %s value %fAlloc1.341904e+06
        2025-12-03T05:38:51.508Z	DEBUG	middleware/sign_mw.go:47	sign ----------> xTp24yQonkTNuRurmq+e9lqc43CO7Af5Xbz2lLHWgu8=
        2025/12/03 05:38:51 http: superfluous response.WriteHeader call from github.com/mrPTqp/metrics/internal/server/middleware.(*loggingResponseWriter).WriteHeader (logging_mw.go:30)
        2025-12-03T05:38:51.508Z	INFO	middleware/logging_mw.go:69	uri /value/ method POST duration 353.704µs status 200 size 70
        2025-12-03T05:38:51.609Z	DEBUG	middleware/gzip_mw.go:15	accept encoding value gzip
        2025-12-03T05:38:51.609Z	DEBUG	middleware/gzip_mw.go:17	supports gzip %!b(bool=true)
        2025-12-03T05:38:51.609Z	DEBUG	middleware/gzip_mw.go:19	try compress
        2025-12-03T05:38:51.609Z	INFO	service/base_metrics_service.go:44	Retrieved gauge: Frees = 70.000000
        2025-12-03T05:38:51.609Z	INFO	handler/metrics_handler_json.go:173	return gauge metric %s value %fFrees70
        2025-12-03T05:38:51.609Z	DEBUG	middleware/sign_mw.go:47	sign ----------> uJle0mAH8hU7VxS2Z0YjMgOQMs/8vSAdAgPkQGnpZS0=
        2025/12/03 05:38:51 http: superfluous response.WriteHeader call from github.com/mrPTqp/metrics/internal/server/middleware.(*loggingResponseWriter).WriteHeader (logging_mw.go:30)
        2025-12-03T05:38:51.609Z	INFO	middleware/logging_mw.go:69	uri /value/ method POST duration 363.723µs status 200 size 65
        2025-12-03T05:38:51.710Z	DEBUG	middleware/gzip_mw.go:15	accept encoding value gzip
        2025-12-03T05:38:51.710Z	DEBUG	middleware/gzip_mw.go:17	supports gzip %!b(bool=true)
        2025-12-03T05:38:51.710Z	DEBUG	middleware/gzip_mw.go:19	try compress
        2025-12-03T05:38:51.710Z	INFO	service/base_metrics_service.go:44	Retrieved gauge: HeapAlloc = 1341904.000000
        2025-12-03T05:38:51.711Z	INFO	handler/metrics_handler_json.go:173	return gauge metric %s value %fHeapAlloc1.341904e+06
        2025-12-03T05:38:51.711Z	DEBUG	middleware/sign_mw.go:47	sign ----------> wx/B5OVIzNdcl1PTB8RupD/YZjb4xHIQ+gYD/neHjA0=
        2025/12/03 05:38:51 http: superfluous response.WriteHeader call from github.com/mrPTqp/metrics/internal/server/middleware.(*loggingResponseWriter).WriteHeader (logging_mw.go:30)
        2025-12-03T05:38:51.711Z	INFO	middleware/logging_mw.go:69	uri /value/ method POST duration 1.012034ms status 200 size 74
        2025-12-03T05:38:51.811Z	DEBUG	middleware/gzip_mw.go:15	accept encoding value gzip
        2025-12-03T05:38:51.811Z	DEBUG	middleware/gzip_mw.go:17	supports gzip %!b(bool=true)
        2025-12-03T05:38:51.811Z	DEBUG	middleware/gzip_mw.go:19	try compress
        2025-12-03T05:38:51.812Z	INFO	service/base_metrics_service.go:44	Retrieved gauge: HeapIdle = 1875968.000000
        2025-12-03T05:38:51.812Z	INFO	handler/metrics_handler_json.go:173	return gauge metric %s value %fHeapIdle1.875968e+06
        2025-12-03T05:38:51.812Z	DEBUG	middleware/sign_mw.go:47	sign ----------> Z1RzU7z2hAlwykMhV5Cv1AkgFn5T7UZ+inlrkFzF5nI=
        2025/12/03 05:38:51 http: superfluous response.WriteHeader call from github.com/mrPTqp/metrics/internal/server/middleware.(*loggingResponseWriter).WriteHeader (logging_mw.go:30)
        2025-12-03T05:38:51.812Z	INFO	middleware/logging_mw.go:69	uri /value/ method POST duration 349.256µs status 200 size 71
        2025-12-03T05:38:51.912Z	DEBUG	middleware/gzip_mw.go:15	accept encoding value gzip
        2025-12-03T05:38:51.912Z	DEBUG	middleware/gzip_mw.go:17	supports gzip %!b(bool=true)
        2025-12-03T05:38:51.912Z	DEBUG	middleware/gzip_mw.go:19	try compress
        2025-12-03T05:38:51.913Z	INFO	service/base_metrics_service.go:44	Retrieved gauge: HeapInuse = 1990656.000000
        2025-12-03T05:38:51.913Z	INFO	handler/metrics_handler_json.go:173	return gauge metric %s value %fHeapInuse1.990656e+06
        2025-12-03T05:38:51.913Z	DEBUG	middleware/sign_mw.go:47	sign ----------> cU8/wHTRLepbt4LH+LCZ5XkJmXUJpIUOGzh7rgA9d2Q=
        2025/12/03 05:38:51 http: superfluous response.WriteHeader call from github.com/mrPTqp/metrics/internal/server/middleware.(*loggingResponseWriter).WriteHeader (logging_mw.go:30)
        2025-12-03T05:38:51.913Z	INFO	middleware/logging_mw.go:69	uri /value/ method POST duration 327.673µs status 200 size 72
        2025-12-03T05:38:52.013Z	DEBUG	middleware/gzip_mw.go:15	accept encoding value gzip
        2025-12-03T05:38:52.013Z	DEBUG	middleware/gzip_mw.go:17	supports gzip %!b(bool=true)
        2025-12-03T05:38:52.013Z	DEBUG	middleware/gzip_mw.go:19	try compress
        2025-12-03T05:38:52.013Z	INFO	service/base_metrics_service.go:44	Retrieved gauge: HeapObjects = 1293.000000
        2025-12-03T05:38:52.014Z	INFO	handler/metrics_handler_json.go:173	return gauge metric %s value %fHeapObjects1293
        2025-12-03T05:38:52.014Z	DEBUG	middleware/sign_mw.go:47	sign ----------> 4EiAMOd5555wTbRPIGsdfPtkh2q/jiN2Xu1xy12v5lo=
        2025/12/03 05:38:52 http: superfluous response.WriteHeader call from github.com/mrPTqp/metrics/internal/server/middleware.(*loggingResponseWriter).WriteHeader (logging_mw.go:30)
        2025-12-03T05:38:52.014Z	INFO	middleware/logging_mw.go:69	uri /value/ method POST duration 695.417µs status 200 size 73
        2025-12-03T05:38:52.115Z	DEBUG	middleware/gzip_mw.go:15	accept encoding value gzip
        2025-12-03T05:38:52.115Z	DEBUG	middleware/gzip_mw.go:17	supports gzip %!b(bool=true)
        2025-12-03T05:38:52.115Z	DEBUG	middleware/gzip_mw.go:19	try compress
        2025-12-03T05:38:52.115Z	INFO	service/base_metrics_service.go:44	Retrieved gauge: Mallocs = 1363.000000
        2025-12-03T05:38:52.115Z	INFO	handler/metrics_handler_json.go:173	return gauge metric %s value %fMallocs1363
        2025-12-03T05:38:52.115Z	DEBUG	middleware/sign_mw.go:47	sign ----------> 3Lne+qLyIgpBLs4GXy1i+B6Sl24zNsQS8XvcuW9Tazg=
        2025/12/03 05:38:52 http: superfluous response.WriteHeader call from github.com/mrPTqp/metrics/internal/server/middleware.(*loggingResponseWriter).WriteHeader (logging_mw.go:30)
        2025-12-03T05:38:52.115Z	INFO	middleware/logging_mw.go:69	uri /value/ method POST duration 490.555µs status 200 size 69
        2025-12-03T05:38:52.216Z	DEBUG	middleware/gzip_mw.go:15	accept encoding value gzip
        2025-12-03T05:38:52.216Z	DEBUG	middleware/gzip_mw.go:17	supports gzip %!b(bool=true)
        2025-12-03T05:38:52.216Z	DEBUG	middleware/gzip_mw.go:19	try compress
        2025-12-03T05:38:52.216Z	INFO	service/base_metrics_service.go:44	Retrieved gauge: TotalAlloc = 1341904.000000
        2025-12-03T05:38:52.216Z	INFO	handler/metrics_handler_json.go:173	return gauge metric %s value %fTotalAlloc1.341904e+06
        2025-12-03T05:38:52.216Z	DEBUG	middleware/sign_mw.go:47	sign ----------> v+tB4NqhJyc/zpyPLLM5KoZjQ7QBs3Uz6XRrHwQlmdM=
        2025/12/03 05:38:52 http: superfluous response.WriteHeader call from github.com/mrPTqp/metrics/internal/server/middleware.(*loggingResponseWriter).WriteHeader (logging_mw.go:30)
        2025-12-03T05:38:52.216Z	INFO	middleware/logging_mw.go:69	uri /value/ method POST duration 417.119µs status 200 size 75
        2025-12-03T05:38:52.317Z	DEBUG	middleware/gzip_mw.go:15	accept encoding value gzip
        2025-12-03T05:38:52.317Z	DEBUG	middleware/gzip_mw.go:17	supports gzip %!b(bool=true)
        2025-12-03T05:38:52.317Z	DEBUG	middleware/gzip_mw.go:19	try compress
        2025-12-03T05:38:52.317Z	INFO	service/base_metrics_service.go:53	Retrieved counter: PollCount = 474
        2025-12-03T05:38:52.317Z	INFO	handler/metrics_handler_json.go:190	return counter metric %s value %dPollCount474
        2025-12-03T05:38:52.317Z	DEBUG	middleware/sign_mw.go:47	sign ----------> hW+1wI0R/x66EOYRdIergjJLWdGUqPBrKnM6zz5Qr0g=
        2025/12/03 05:38:52 http: superfluous response.WriteHeader call from github.com/mrPTqp/metrics/internal/server/middleware.(*loggingResponseWriter).WriteHeader (logging_mw.go:30)
        2025-12-03T05:38:52.318Z	INFO	middleware/logging_mw.go:69	uri /value/ method POST duration 762.367µs status 200 size 70
        2025-12-03T05:38:52.418Z	DEBUG	middleware/gzip_mw.go:15	accept encoding value gzip
        2025-12-03T05:38:52.418Z	DEBUG	middleware/gzip_mw.go:17	supports gzip %!b(bool=true)
        2025-12-03T05:38:52.418Z	DEBUG	middleware/gzip_mw.go:19	try compress
        2025-12-03T05:38:52.418Z	INFO	service/base_metrics_service.go:44	Retrieved gauge: RandomValue = 0.490846
        2025-12-03T05:38:52.418Z	INFO	handler/metrics_handler_json.go:173	return gauge metric %s value %fRandomValue0.4908458140365596
        2025-12-03T05:38:52.418Z	DEBUG	middleware/sign_mw.go:47	sign ----------> aR+xitNsjQCwv9u4I5BbNK1KTKyP8OMZ+ghKcUnBzJY=
        2025/12/03 05:38:52 http: superfluous response.WriteHeader call from github.com/mrPTqp/metrics/internal/server/middleware.(*loggingResponseWriter).WriteHeader (logging_mw.go:30)
        2025-12-03T05:38:52.418Z	INFO	middleware/logging_mw.go:69	uri /value/ method POST duration 405.604µs status 200 size 82
        2025-12-03T05:38:52.519Z	DEBUG	middleware/gzip_mw.go:15	accept encoding value gzip
        2025-12-03T05:38:52.519Z	DEBUG	middleware/gzip_mw.go:17	supports gzip %!b(bool=true)
        2025-12-03T05:38:52.519Z	DEBUG	middleware/gzip_mw.go:19	try compress
        2025-12-03T05:38:52.519Z	INFO	service/base_metrics_service.go:44	Retrieved gauge: Alloc = 1341904.000000
        2025-12-03T05:38:52.519Z	INFO	handler/metrics_handler_json.go:173	return gauge metric %s value %fAlloc1.341904e+06
        2025-12-03T05:38:52.519Z	DEBUG	middleware/sign_mw.go:47	sign ----------> xTp24yQonkTNuRurmq+e9lqc43CO7Af5Xbz2lLHWgu8=
        2025/12/03 05:38:52 http: superfluous response.WriteHeader call from github.com/mrPTqp/metrics/internal/server/middleware.(*loggingResponseWriter).WriteHeader (logging_mw.go:30)
        2025-12-03T05:38:52.519Z	INFO	middleware/logging_mw.go:69	uri /value/ method POST duration 381.251µs status 200 size 70
        2025-12-03T05:38:52.620Z	DEBUG	middleware/gzip_mw.go:15	accept encoding value gzip
        2025-12-03T05:38:52.620Z	DEBUG	middleware/gzip_mw.go:17	supports gzip %!b(bool=true)
        2025-12-03T05:38:52.620Z	DEBUG	middleware/gzip_mw.go:19	try compress
        2025-12-03T05:38:52.620Z	INFO	service/base_metrics_service.go:44	Retrieved gauge: Frees = 70.000000
        2025-12-03T05:38:52.621Z	INFO	handler/metrics_handler_json.go:173	return gauge metric %s value %fFrees70
        2025-12-03T05:38:52.621Z	DEBUG	middleware/sign_mw.go:47	sign ----------> uJle0mAH8hU7VxS2Z0YjMgOQMs/8vSAdAgPkQGnpZS0=
        2025/12/03 05:38:52 http: superfluous response.WriteHeader call from github.com/mrPTqp/metrics/internal/server/middleware.(*loggingResponseWriter).WriteHeader (logging_mw.go:30)
        2025-12-03T05:38:52.621Z	INFO	middleware/logging_mw.go:69	uri /value/ method POST duration 1.202313ms status 200 size 65
        2025-12-03T05:38:52.722Z	DEBUG	middleware/gzip_mw.go:15	accept encoding value gzip
        2025-12-03T05:38:52.722Z	DEBUG	middleware/gzip_mw.go:17	supports gzip %!b(bool=true)
        2025-12-03T05:38:52.722Z	DEBUG	middleware/gzip_mw.go:19	try compress
        2025-12-03T05:38:52.722Z	INFO	service/base_metrics_service.go:44	Retrieved gauge: HeapAlloc = 1341904.000000
        2025-12-03T05:38:52.722Z	INFO	handler/metrics_handler_json.go:173	return gauge metric %s value %fHeapAlloc1.341904e+06
        2025-12-03T05:38:52.722Z	DEBUG	middleware/sign_mw.go:47	sign ----------> wx/B5OVIzNdcl1PTB8RupD/YZjb4xHIQ+gYD/neHjA0=
        2025/12/03 05:38:52 http: superfluous response.WriteHeader call from github.com/mrPTqp/metrics/internal/server/middleware.(*loggingResponseWriter).WriteHeader (logging_mw.go:30)
        2025-12-03T05:38:52.722Z	INFO	middleware/logging_mw.go:69	uri /value/ method POST duration 364.565µs status 200 size 74
        2025-12-03T05:38:52.823Z	DEBUG	middleware/gzip_mw.go:15	accept encoding value gzip
        2025-12-03T05:38:52.823Z	DEBUG	middleware/gzip_mw.go:17	supports gzip %!b(bool=true)
        2025-12-03T05:38:52.823Z	DEBUG	middleware/gzip_mw.go:19	try compress
        2025-12-03T05:38:52.823Z	INFO	service/base_metrics_service.go:44	Retrieved gauge: HeapIdle = 1875968.000000
        2025-12-03T05:38:52.823Z	INFO	handler/metrics_handler_json.go:173	return gauge metric %s value %fHeapIdle1.875968e+06
        2025-12-03T05:38:52.823Z	DEBUG	middleware/sign_mw.go:47	sign ----------> Z1RzU7z2hAlwykMhV5Cv1AkgFn5T7UZ+inlrkFzF5nI=
        2025/12/03 05:38:52 http: superfluous response.WriteHeader call from github.com/mrPTqp/metrics/internal/server/middleware.(*loggingResponseWriter).WriteHeader (logging_mw.go:30)
        2025-12-03T05:38:52.823Z	INFO	middleware/logging_mw.go:69	uri /value/ method POST duration 358.739µs status 200 size 71
        2025-12-03T05:38:52.924Z	DEBUG	middleware/gzip_mw.go:15	accept encoding value gzip
        2025-12-03T05:38:52.924Z	DEBUG	middleware/gzip_mw.go:17	supports gzip %!b(bool=true)
        2025-12-03T05:38:52.924Z	DEBUG	middleware/gzip_mw.go:19	try compress
        2025-12-03T05:38:52.924Z	INFO	service/base_metrics_service.go:44	Retrieved gauge: HeapInuse = 1990656.000000
        2025-12-03T05:38:52.925Z	INFO	handler/metrics_handler_json.go:173	return gauge metric %s value %fHeapInuse1.990656e+06
        2025-12-03T05:38:52.925Z	DEBUG	middleware/sign_mw.go:47	sign ----------> cU8/wHTRLepbt4LH+LCZ5XkJmXUJpIUOGzh7rgA9d2Q=
        2025/12/03 05:38:52 http: superfluous response.WriteHeader call from github.com/mrPTqp/metrics/internal/server/middleware.(*loggingResponseWriter).WriteHeader (logging_mw.go:30)
        2025-12-03T05:38:52.925Z	INFO	middleware/logging_mw.go:69	uri /value/ method POST duration 872.178µs status 200 size 72
        2025-12-03T05:38:53.025Z	DEBUG	middleware/gzip_mw.go:15	accept encoding value gzip
        2025-12-03T05:38:53.025Z	DEBUG	middleware/gzip_mw.go:17	supports gzip %!b(bool=true)
        2025-12-03T05:38:53.025Z	DEBUG	middleware/gzip_mw.go:19	try compress
        2025-12-03T05:38:53.026Z	INFO	service/base_metrics_service.go:44	Retrieved gauge: HeapObjects = 1293.000000
        2025-12-03T05:38:53.026Z	INFO	handler/metrics_handler_json.go:173	return gauge metric %s value %fHeapObjects1293
        2025-12-03T05:38:53.026Z	DEBUG	middleware/sign_mw.go:47	sign ----------> 4EiAMOd5555wTbRPIGsdfPtkh2q/jiN2Xu1xy12v5lo=
        2025/12/03 05:38:53 http: superfluous response.WriteHeader call from github.com/mrPTqp/metrics/internal/server/middleware.(*loggingResponseWriter).WriteHeader (logging_mw.go:30)
        2025-12-03T05:38:53.026Z	INFO	middleware/logging_mw.go:69	uri /value/ method POST duration 431.993µs status 200 size 73
        2025-12-03T05:38:53.127Z	DEBUG	middleware/gzip_mw.go:15	accept encoding value gzip
        2025-12-03T05:38:53.127Z	DEBUG	middleware/gzip_mw.go:17	supports gzip %!b(bool=true)
        2025-12-03T05:38:53.127Z	DEBUG	middleware/gzip_mw.go:19	try compress
        2025-12-03T05:38:53.127Z	INFO	service/base_metrics_service.go:44	Retrieved gauge: Mallocs = 1363.000000
        2025-12-03T05:38:53.127Z	INFO	handler/metrics_handler_json.go:173	return gauge metric %s value %fMallocs1363
        2025-12-03T05:38:53.127Z	DEBUG	middleware/sign_mw.go:47	sign ----------> 3Lne+qLyIgpBLs4GXy1i+B6Sl24zNsQS8XvcuW9Tazg=
        2025/12/03 05:38:53 http: superfluous response.WriteHeader call from github.com/mrPTqp/metrics/internal/server/middleware.(*loggingResponseWriter).WriteHeader (logging_mw.go:30)
        2025-12-03T05:38:53.127Z	INFO	middleware/logging_mw.go:69	uri /value/ method POST duration 501.361µs status 200 size 69
        2025-12-03T05:38:53.228Z	DEBUG	middleware/gzip_mw.go:15	accept encoding value gzip
        2025-12-03T05:38:53.228Z	DEBUG	middleware/gzip_mw.go:17	supports gzip %!b(bool=true)
        2025-12-03T05:38:53.228Z	DEBUG	middleware/gzip_mw.go:19	try compress
        2025-12-03T05:38:53.228Z	INFO	service/base_metrics_service.go:44	Retrieved gauge: TotalAlloc = 1341904.000000
        2025-12-03T05:38:53.228Z	INFO	handler/metrics_handler_json.go:173	return gauge metric %s value %fTotalAlloc1.341904e+06
        2025-12-03T05:38:53.229Z	DEBUG	middleware/sign_mw.go:47	sign ----------> v+tB4NqhJyc/zpyPLLM5KoZjQ7QBs3Uz6XRrHwQlmdM=
        2025/12/03 05:38:53 http: superfluous response.WriteHeader call from github.com/mrPTqp/metrics/internal/server/middleware.(*loggingResponseWriter).WriteHeader (logging_mw.go:30)
        2025-12-03T05:38:53.229Z	INFO	middleware/logging_mw.go:69	uri /value/ method POST duration 935.404µs status 200 size 75
        2025-12-03T05:38:53.329Z	DEBUG	middleware/gzip_mw.go:15	accept encoding value gzip
        2025-12-03T05:38:53.329Z	DEBUG	middleware/gzip_mw.go:17	supports gzip %!b(bool=true)
        2025-12-03T05:38:53.329Z	DEBUG	middleware/gzip_mw.go:19	try compress
        2025-12-03T05:38:53.330Z	INFO	service/base_metrics_service.go:53	Retrieved counter: PollCount = 474
        2025-12-03T05:38:53.330Z	INFO	handler/metrics_handler_json.go:190	return counter metric %s value %dPollCount474
        2025-12-03T05:38:53.330Z	DEBUG	middleware/sign_mw.go:47	sign ----------> hW+1wI0R/x66EOYRdIergjJLWdGUqPBrKnM6zz5Qr0g=
        2025/12/03 05:38:53 http: superfluous response.WriteHeader call from github.com/mrPTqp/metrics/internal/server/middleware.(*loggingResponseWriter).WriteHeader (logging_mw.go:30)
        2025-12-03T05:38:53.330Z	INFO	middleware/logging_mw.go:69	uri /value/ method POST duration 436.609µs status 200 size 70
        2025-12-03T05:38:53.430Z	DEBUG	middleware/gzip_mw.go:15	accept encoding value gzip
        2025-12-03T05:38:53.430Z	DEBUG	middleware/gzip_mw.go:17	supports gzip %!b(bool=true)
        2025-12-03T05:38:53.430Z	DEBUG	middleware/gzip_mw.go:19	try compress
        2025-12-03T05:38:53.431Z	INFO	service/base_metrics_service.go:44	Retrieved gauge: RandomValue = 0.490846
        2025-12-03T05:38:53.431Z	INFO	handler/metrics_handler_json.go:173	return gauge metric %s value %fRandomValue0.4908458140365596
        2025-12-03T05:38:53.431Z	DEBUG	middleware/sign_mw.go:47	sign ----------> aR+xitNsjQCwv9u4I5BbNK1KTKyP8OMZ+ghKcUnBzJY=
        2025/12/03 05:38:53 http: superfluous response.WriteHeader call from github.com/mrPTqp/metrics/internal/server/middleware.(*loggingResponseWriter).WriteHeader (logging_mw.go:30)
        2025-12-03T05:38:53.431Z	INFO	middleware/logging_mw.go:69	uri /value/ method POST duration 368.477µs status 200 size 82
        2025-12-03T05:38:53.531Z	DEBUG	middleware/gzip_mw.go:15	accept encoding value gzip
        2025-12-03T05:38:53.531Z	DEBUG	middleware/gzip_mw.go:17	supports gzip %!b(bool=true)
        2025-12-03T05:38:53.531Z	DEBUG	middleware/gzip_mw.go:19	try compress
        2025-12-03T05:38:53.531Z	INFO	service/base_metrics_service.go:44	Retrieved gauge: Alloc = 1341904.000000
        2025-12-03T05:38:53.532Z	INFO	handler/metrics_handler_json.go:173	return gauge metric %s value %fAlloc1.341904e+06
        2025-12-03T05:38:53.532Z	DEBUG	middleware/sign_mw.go:47	sign ----------> xTp24yQonkTNuRurmq+e9lqc43CO7Af5Xbz2lLHWgu8=
        2025/12/03 05:38:53 http: superfluous response.WriteHeader call from github.com/mrPTqp/metrics/internal/server/middleware.(*loggingResponseWriter).WriteHeader (logging_mw.go:30)
        2025-12-03T05:38:53.532Z	INFO	middleware/logging_mw.go:69	uri /value/ method POST duration 756.424µs status 200 size 70
        2025-12-03T05:38:53.633Z	DEBUG	middleware/gzip_mw.go:15	accept encoding value gzip
        2025-12-03T05:38:53.633Z	DEBUG	middleware/gzip_mw.go:17	supports gzip %!b(bool=true)
        2025-12-03T05:38:53.633Z	DEBUG	middleware/gzip_mw.go:19	try compress
        2025-12-03T05:38:53.633Z	INFO	service/base_metrics_service.go:44	Retrieved gauge: Frees = 70.000000
        2025-12-03T05:38:53.633Z	INFO	handler/metrics_handler_json.go:173	return gauge metric %s value %fFrees70
        2025-12-03T05:38:53.633Z	DEBUG	middleware/sign_mw.go:47	sign ----------> uJle0mAH8hU7VxS2Z0YjMgOQMs/8vSAdAgPkQGnpZS0=
        2025/12/03 05:38:53 http: superfluous response.WriteHeader call from github.com/mrPTqp/metrics/internal/server/middleware.(*loggingResponseWriter).WriteHeader (logging_mw.go:30)
        2025-12-03T05:38:53.633Z	INFO	middleware/logging_mw.go:69	uri /value/ method POST duration 564.036µs status 200 size 65
        2025-12-03T05:38:53.734Z	DEBUG	middleware/gzip_mw.go:15	accept encoding value gzip
        2025-12-03T05:38:53.734Z	DEBUG	middleware/gzip_mw.go:17	supports gzip %!b(bool=true)
        2025-12-03T05:38:53.734Z	DEBUG	middleware/gzip_mw.go:19	try compress
        2025-12-03T05:38:53.734Z	INFO	service/base_metrics_service.go:44	Retrieved gauge: HeapAlloc = 1341904.000000
        2025-12-03T05:38:53.734Z	INFO	handler/metrics_handler_json.go:173	return gauge metric %s value %fHeapAlloc1.341904e+06
        2025-12-03T05:38:53.734Z	DEBUG	middleware/sign_mw.go:47	sign ----------> wx/B5OVIzNdcl1PTB8RupD/YZjb4xHIQ+gYD/neHjA0=
        2025/12/03 05:38:53 http: superfluous response.WriteHeader call from github.com/mrPTqp/metrics/internal/server/middleware.(*loggingResponseWriter).WriteHeader (logging_mw.go:30)
        2025-12-03T05:38:53.735Z	INFO	middleware/logging_mw.go:69	uri /value/ method POST duration 535.827µs status 200 size 74
        2025-12-03T05:38:53.835Z	DEBUG	middleware/gzip_mw.go:15	accept encoding value gzip
        2025-12-03T05:38:53.835Z	DEBUG	middleware/gzip_mw.go:17	supports gzip %!b(bool=true)
        2025-12-03T05:38:53.835Z	DEBUG	middleware/gzip_mw.go:19	try compress
        2025-12-03T05:38:53.836Z	INFO	service/base_metrics_service.go:44	Retrieved gauge: HeapIdle = 1875968.000000
        2025-12-03T05:38:53.836Z	INFO	handler/metrics_handler_json.go:173	return gauge metric %s value %fHeapIdle1.875968e+06
        2025-12-03T05:38:53.836Z	DEBUG	middleware/sign_mw.go:47	sign ----------> Z1RzU7z2hAlwykMhV5Cv1AkgFn5T7UZ+inlrkFzF5nI=
        2025/12/03 05:38:53 http: superfluous response.WriteHeader call from github.com/mrPTqp/metrics/internal/server/middleware.(*loggingResponseWriter).WriteHeader (logging_mw.go:30)
        2025-12-03T05:38:53.836Z	INFO	middleware/logging_mw.go:69	uri /value/ method POST duration 948.859µs status 200 size 71
        2025-12-03T05:38:53.937Z	DEBUG	middleware/gzip_mw.go:15	accept encoding value gzip
        2025-12-03T05:38:53.937Z	DEBUG	middleware/gzip_mw.go:17	supports gzip %!b(bool=true)
        2025-12-03T05:38:53.937Z	DEBUG	middleware/gzip_mw.go:19	try compress
        2025-12-03T05:38:53.937Z	INFO	service/base_metrics_service.go:44	Retrieved gauge: HeapInuse = 1990656.000000
        2025-12-03T05:38:53.937Z	INFO	handler/metrics_handler_json.go:173	return gauge metric %s value %fHeapInuse1.990656e+06
        2025-12-03T05:38:53.937Z	DEBUG	middleware/sign_mw.go:47	sign ----------> cU8/wHTRLepbt4LH+LCZ5XkJmXUJpIUOGzh7rgA9d2Q=
        2025/12/03 05:38:53 http: superfluous response.WriteHeader call from github.com/mrPTqp/metrics/internal/server/middleware.(*loggingResponseWriter).WriteHeader (logging_mw.go:30)
        2025-12-03T05:38:53.937Z	INFO	middleware/logging_mw.go:69	uri /value/ method POST duration 559.53µs status 200 size 72
        2025-12-03T05:38:54.038Z	DEBUG	middleware/gzip_mw.go:15	accept encoding value gzip
        2025-12-03T05:38:54.038Z	DEBUG	middleware/gzip_mw.go:17	supports gzip %!b(bool=true)
        2025-12-03T05:38:54.038Z	DEBUG	middleware/gzip_mw.go:19	try compress
        2025-12-03T05:38:54.039Z	INFO	service/base_metrics_service.go:44	Retrieved gauge: HeapObjects = 1293.000000
        2025-12-03T05:38:54.039Z	INFO	handler/metrics_handler_json.go:173	return gauge metric %s value %fHeapObjects1293
        2025-12-03T05:38:54.039Z	DEBUG	middleware/sign_mw.go:47	sign ----------> 4EiAMOd5555wTbRPIGsdfPtkh2q/jiN2Xu1xy12v5lo=
        2025/12/03 05:38:54 http: superfluous response.WriteHeader call from github.com/mrPTqp/metrics/internal/server/middleware.(*loggingResponseWriter).WriteHeader (logging_mw.go:30)
        2025-12-03T05:38:54.039Z	INFO	middleware/logging_mw.go:69	uri /value/ method POST duration 574.891µs status 200 size 73
        2025-12-03T05:38:54.139Z	DEBUG	middleware/gzip_mw.go:15	accept encoding value gzip
        2025-12-03T05:38:54.139Z	DEBUG	middleware/gzip_mw.go:17	supports gzip %!b(bool=true)
        2025-12-03T05:38:54.139Z	DEBUG	middleware/gzip_mw.go:19	try compress
        2025-12-03T05:38:54.140Z	INFO	service/base_metrics_service.go:44	Retrieved gauge: Mallocs = 1363.000000
        2025-12-03T05:38:54.140Z	INFO	handler/metrics_handler_json.go:173	return gauge metric %s value %fMallocs1363
        2025-12-03T05:38:54.140Z	DEBUG	middleware/sign_mw.go:47	sign ----------> 3Lne+qLyIgpBLs4GXy1i+B6Sl24zNsQS8XvcuW9Tazg=
        2025/12/03 05:38:54 http: superfluous response.WriteHeader call from github.com/mrPTqp/metrics/internal/server/middleware.(*loggingResponseWriter).WriteHeader (logging_mw.go:30)
        2025-12-03T05:38:54.140Z	INFO	middleware/logging_mw.go:69	uri /value/ method POST duration 817.047µs status 200 size 69
        2025-12-03T05:38:54.241Z	DEBUG	middleware/gzip_mw.go:15	accept encoding value gzip
        2025-12-03T05:38:54.241Z	DEBUG	middleware/gzip_mw.go:17	supports gzip %!b(bool=true)
        2025-12-03T05:38:54.241Z	DEBUG	middleware/gzip_mw.go:19	try compress
        2025-12-03T05:38:54.241Z	INFO	service/base_metrics_service.go:44	Retrieved gauge: TotalAlloc = 1341904.000000
        2025-12-03T05:38:54.241Z	INFO	handler/metrics_handler_json.go:173	return gauge metric %s value %fTotalAlloc1.341904e+06
        2025-12-03T05:38:54.241Z	DEBUG	middleware/sign_mw.go:47	sign ----------> v+tB4NqhJyc/zpyPLLM5KoZjQ7QBs3Uz6XRrHwQlmdM=
        2025/12/03 05:38:54 http: superfluous response.WriteHeader call from github.com/mrPTqp/metrics/internal/server/middleware.(*loggingResponseWriter).WriteHeader (logging_mw.go:30)
        2025-12-03T05:38:54.241Z	INFO	middleware/logging_mw.go:69	uri /value/ method POST duration 432.836µs status 200 size 75
        2025-12-03T05:38:54.342Z	DEBUG	middleware/gzip_mw.go:15	accept encoding value gzip
        2025-12-03T05:38:54.342Z	DEBUG	middleware/gzip_mw.go:17	supports gzip %!b(bool=true)
        2025-12-03T05:38:54.342Z	DEBUG	middleware/gzip_mw.go:19	try compress
        2025-12-03T05:38:54.342Z	INFO	service/base_metrics_service.go:53	Retrieved counter: PollCount = 474
        2025-12-03T05:38:54.342Z	INFO	handler/metrics_handler_json.go:190	return counter metric %s value %dPollCount474
        2025-12-03T05:38:54.342Z	DEBUG	middleware/sign_mw.go:47	sign ----------> hW+1wI0R/x66EOYRdIergjJLWdGUqPBrKnM6zz5Qr0g=
        2025/12/03 05:38:54 http: superfluous response.WriteHeader call from github.com/mrPTqp/metrics/internal/server/middleware.(*loggingResponseWriter).WriteHeader (logging_mw.go:30)
        2025-12-03T05:38:54.342Z	INFO	middleware/logging_mw.go:69	uri /value/ method POST duration 432.895µs status 200 size 70
        2025-12-03T05:38:54.443Z	DEBUG	middleware/gzip_mw.go:15	accept encoding value gzip
        2025-12-03T05:38:54.443Z	DEBUG	middleware/gzip_mw.go:17	supports gzip %!b(bool=true)
        2025-12-03T05:38:54.443Z	DEBUG	middleware/gzip_mw.go:19	try compress
        2025-12-03T05:38:54.443Z	INFO	service/base_metrics_service.go:44	Retrieved gauge: RandomValue = 0.490846
        2025-12-03T05:38:54.443Z	INFO	handler/metrics_handler_json.go:173	return gauge metric %s value %fRandomValue0.4908458140365596
        2025-12-03T05:38:54.443Z	DEBUG	middleware/sign_mw.go:47	sign ----------> aR+xitNsjQCwv9u4I5BbNK1KTKyP8OMZ+ghKcUnBzJY=
        2025/12/03 05:38:54 http: superfluous response.WriteHeader call from github.com/mrPTqp/metrics/internal/server/middleware.(*loggingResponseWriter).WriteHeader (logging_mw.go:30)
        2025-12-03T05:38:54.443Z	INFO	middleware/logging_mw.go:69	uri /value/ method POST duration 710.314µs status 200 size 82
        2025-12-03T05:38:54.544Z	DEBUG	middleware/gzip_mw.go:15	accept encoding value gzip
        2025-12-03T05:38:54.544Z	DEBUG	middleware/gzip_mw.go:17	supports gzip %!b(bool=true)
        2025-12-03T05:38:54.544Z	DEBUG	middleware/gzip_mw.go:19	try compress
        2025-12-03T05:38:54.544Z	INFO	service/base_metrics_service.go:44	Retrieved gauge: Alloc = 1341904.000000
        2025-12-03T05:38:54.544Z	INFO	handler/metrics_handler_json.go:173	return gauge metric %s value %fAlloc1.341904e+06
        2025-12-03T05:38:54.544Z	DEBUG	middleware/sign_mw.go:47	sign ----------> xTp24yQonkTNuRurmq+e9lqc43CO7Af5Xbz2lLHWgu8=
        2025/12/03 05:38:54 http: superfluous response.WriteHeader call from github.com/mrPTqp/metrics/internal/server/middleware.(*loggingResponseWriter).WriteHeader (logging_mw.go:30)
        2025-12-03T05:38:54.544Z	INFO	middleware/logging_mw.go:69	uri /value/ method POST duration 382.025µs status 200 size 70
        2025-12-03T05:38:54.645Z	DEBUG	middleware/gzip_mw.go:15	accept encoding value gzip
        2025-12-03T05:38:54.645Z	DEBUG	middleware/gzip_mw.go:17	supports gzip %!b(bool=true)
        2025-12-03T05:38:54.645Z	DEBUG	middleware/gzip_mw.go:19	try compress
        2025-12-03T05:38:54.645Z	INFO	service/base_metrics_service.go:44	Retrieved gauge: Frees = 70.000000
        2025-12-03T05:38:54.645Z	INFO	handler/metrics_handler_json.go:173	return gauge metric %s value %fFrees70
        2025-12-03T05:38:54.645Z	DEBUG	middleware/sign_mw.go:47	sign ----------> uJle0mAH8hU7VxS2Z0YjMgOQMs/8vSAdAgPkQGnpZS0=
        2025/12/03 05:38:54 http: superfluous response.WriteHeader call from github.com/mrPTqp/metrics/internal/server/middleware.(*loggingResponseWriter).WriteHeader (logging_mw.go:30)
        2025-12-03T05:38:54.645Z	INFO	middleware/logging_mw.go:69	uri /value/ method POST duration 407.663µs status 200 size 65
        2025-12-03T05:38:54.746Z	DEBUG	middleware/gzip_mw.go:15	accept encoding value gzip
        2025-12-03T05:38:54.746Z	DEBUG	middleware/gzip_mw.go:17	supports gzip %!b(bool=true)
        2025-12-03T05:38:54.746Z	DEBUG	middleware/gzip_mw.go:19	try compress
        2025-12-03T05:38:54.746Z	INFO	service/base_metrics_service.go:44	Retrieved gauge: HeapAlloc = 1341904.000000
        2025-12-03T05:38:54.746Z	INFO	handler/metrics_handler_json.go:173	return gauge metric %s value %fHeapAlloc1.341904e+06
        2025-12-03T05:38:54.746Z	DEBUG	middleware/sign_mw.go:47	sign ----------> wx/B5OVIzNdcl1PTB8RupD/YZjb4xHIQ+gYD/neHjA0=
        2025/12/03 05:38:54 http: superfluous response.WriteHeader call from github.com/mrPTqp/metrics/internal/server/middleware.(*loggingResponseWriter).WriteHeader (logging_mw.go:30)
        2025-12-03T05:38:54.746Z	INFO	middleware/logging_mw.go:69	uri /value/ method POST duration 697.202µs status 200 size 74
        2025-12-03T05:38:54.847Z	DEBUG	middleware/gzip_mw.go:15	accept encoding value gzip
        2025-12-03T05:38:54.847Z	DEBUG	middleware/gzip_mw.go:17	supports gzip %!b(bool=true)
        2025-12-03T05:38:54.847Z	DEBUG	middleware/gzip_mw.go:19	try compress
        2025-12-03T05:38:54.847Z	INFO	service/base_metrics_service.go:44	Retrieved gauge: HeapIdle = 1875968.000000
        2025-12-03T05:38:54.847Z	INFO	handler/metrics_handler_json.go:173	return gauge metric %s value %fHeapIdle1.875968e+06
        2025-12-03T05:38:54.847Z	DEBUG	middleware/sign_mw.go:47	sign ----------> Z1RzU7z2hAlwykMhV5Cv1AkgFn5T7UZ+inlrkFzF5nI=
        2025/12/03 05:38:54 http: superfluous response.WriteHeader call from github.com/mrPTqp/metrics/internal/server/middleware.(*loggingResponseWriter).WriteHeader (logging_mw.go:30)
        2025-12-03T05:38:54.847Z	INFO	middleware/logging_mw.go:69	uri /value/ method POST duration 381.664µs status 200 size 71
        2025-12-03T05:38:54.948Z	DEBUG	middleware/gzip_mw.go:15	accept encoding value gzip
        2025-12-03T05:38:54.948Z	DEBUG	middleware/gzip_mw.go:17	supports gzip %!b(bool=true)
        2025-12-03T05:38:54.948Z	DEBUG	middleware/gzip_mw.go:19	try compress
        2025-12-03T05:38:54.948Z	INFO	service/base_metrics_service.go:44	Retrieved gauge: HeapInuse = 1990656.000000
        2025-12-03T05:38:54.948Z	INFO	handler/metrics_handler_json.go:173	return gauge metric %s value %fHeapInuse1.990656e+06
        2025-12-03T05:38:54.948Z	DEBUG	middleware/sign_mw.go:47	sign ----------> cU8/wHTRLepbt4LH+LCZ5XkJmXUJpIUOGzh7rgA9d2Q=
        2025/12/03 05:38:54 http: superfluous response.WriteHeader call from github.com/mrPTqp/metrics/internal/server/middleware.(*loggingResponseWriter).WriteHeader (logging_mw.go:30)
        2025-12-03T05:38:54.948Z	INFO	middleware/logging_mw.go:69	uri /value/ method POST duration 404.667µs status 200 size 72
        2025-12-03T05:38:55.049Z	DEBUG	middleware/gzip_mw.go:15	accept encoding value gzip
        2025-12-03T05:38:55.049Z	DEBUG	middleware/gzip_mw.go:17	supports gzip %!b(bool=true)
        2025-12-03T05:38:55.049Z	DEBUG	middleware/gzip_mw.go:19	try compress
        2025-12-03T05:38:55.049Z	INFO	service/base_metrics_service.go:44	Retrieved gauge: HeapObjects = 1293.000000
        2025-12-03T05:38:55.050Z	INFO	handler/metrics_handler_json.go:173	return gauge metric %s value %fHeapObjects1293
        2025-12-03T05:38:55.050Z	DEBUG	middleware/sign_mw.go:47	sign ----------> 4EiAMOd5555wTbRPIGsdfPtkh2q/jiN2Xu1xy12v5lo=
        2025/12/03 05:38:55 http: superfluous response.WriteHeader call from github.com/mrPTqp/metrics/internal/server/middleware.(*loggingResponseWriter).WriteHeader (logging_mw.go:30)
        2025-12-03T05:38:55.050Z	INFO	middleware/logging_mw.go:69	uri /value/ method POST duration 898.629µs status 200 size 73
        2025-12-03T05:38:55.150Z	DEBUG	middleware/gzip_mw.go:15	accept encoding value gzip
        2025-12-03T05:38:55.150Z	DEBUG	middleware/gzip_mw.go:17	supports gzip %!b(bool=true)
        2025-12-03T05:38:55.150Z	DEBUG	middleware/gzip_mw.go:19	try compress
        2025-12-03T05:38:55.151Z	INFO	service/base_metrics_service.go:44	Retrieved gauge: Mallocs = 1363.000000
        2025-12-03T05:38:55.151Z	INFO	handler/metrics_handler_json.go:173	return gauge metric %s value %fMallocs1363
        2025-12-03T05:38:55.151Z	DEBUG	middleware/sign_mw.go:47	sign ----------> 3Lne+qLyIgpBLs4GXy1i+B6Sl24zNsQS8XvcuW9Tazg=
        2025/12/03 05:38:55 http: superfluous response.WriteHeader call from github.com/mrPTqp/metrics/internal/server/middleware.(*loggingResponseWriter).WriteHeader (logging_mw.go:30)
        2025-12-03T05:38:55.151Z	INFO	middleware/logging_mw.go:69	uri /value/ method POST duration 366.609µs status 200 size 69
        2025-12-03T05:38:55.251Z	DEBUG	middleware/gzip_mw.go:15	accept encoding value gzip
        2025-12-03T05:38:55.251Z	DEBUG	middleware/gzip_mw.go:17	supports gzip %!b(bool=true)
        2025-12-03T05:38:55.251Z	DEBUG	middleware/gzip_mw.go:19	try compress
        2025-12-03T05:38:55.252Z	INFO	service/base_metrics_service.go:44	Retrieved gauge: TotalAlloc = 1341904.000000
        2025-12-03T05:38:55.252Z	INFO	handler/metrics_handler_json.go:173	return gauge metric %s value %fTotalAlloc1.341904e+06
        2025-12-03T05:38:55.252Z	DEBUG	middleware/sign_mw.go:47	sign ----------> v+tB4NqhJyc/zpyPLLM5KoZjQ7QBs3Uz6XRrHwQlmdM=
        2025/12/03 05:38:55 http: superfluous response.WriteHeader call from github.com/mrPTqp/metrics/internal/server/middleware.(*loggingResponseWriter).WriteHeader (logging_mw.go:30)
        2025-12-03T05:38:55.252Z	INFO	middleware/logging_mw.go:69	uri /value/ method POST duration 545.702µs status 200 size 75
        2025-12-03T05:38:55.353Z	DEBUG	middleware/gzip_mw.go:15	accept encoding value gzip
        2025-12-03T05:38:55.353Z	DEBUG	middleware/gzip_mw.go:17	supports gzip %!b(bool=true)
        2025-12-03T05:38:55.353Z	DEBUG	middleware/gzip_mw.go:19	try compress
        2025-12-03T05:38:55.353Z	INFO	service/base_metrics_service.go:53	Retrieved counter: PollCount = 474
        2025-12-03T05:38:55.353Z	INFO	handler/metrics_handler_json.go:190	return counter metric %s value %dPollCount474
        2025-12-03T05:38:55.353Z	DEBUG	middleware/sign_mw.go:47	sign ----------> hW+1wI0R/x66EOYRdIergjJLWdGUqPBrKnM6zz5Qr0g=
        2025/12/03 05:38:55 http: superfluous response.WriteHeader call from github.com/mrPTqp/metrics/internal/server/middleware.(*loggingResponseWriter).WriteHeader (logging_mw.go:30)
        2025-12-03T05:38:55.354Z	INFO	middleware/logging_mw.go:69	uri /value/ method POST duration 965.514µs status 200 size 70
        2025-12-03T05:38:55.454Z	DEBUG	middleware/gzip_mw.go:15	accept encoding value gzip
        2025-12-03T05:38:55.454Z	DEBUG	middleware/gzip_mw.go:17	supports gzip %!b(bool=true)
        2025-12-03T05:38:55.454Z	DEBUG	middleware/gzip_mw.go:19	try compress
        2025-12-03T05:38:55.454Z	INFO	service/base_metrics_service.go:44	Retrieved gauge: RandomValue = 0.490846
        2025-12-03T05:38:55.454Z	INFO	handler/metrics_handler_json.go:173	return gauge metric %s value %fRandomValue0.4908458140365596
        2025-12-03T05:38:55.454Z	DEBUG	middleware/sign_mw.go:47	sign ----------> aR+xitNsjQCwv9u4I5BbNK1KTKyP8OMZ+ghKcUnBzJY=
        2025/12/03 05:38:55 http: superfluous response.WriteHeader call from github.com/mrPTqp/metrics/internal/server/middleware.(*loggingResponseWriter).WriteHeader (logging_mw.go:30)
        2025-12-03T05:38:55.454Z	INFO	middleware/logging_mw.go:69	uri /value/ method POST duration 379.15µs status 200 size 82
        2025-12-03T05:38:55.555Z	DEBUG	middleware/gzip_mw.go:15	accept encoding value gzip
        2025-12-03T05:38:55.555Z	DEBUG	middleware/gzip_mw.go:17	supports gzip %!b(bool=true)
        2025-12-03T05:38:55.555Z	DEBUG	middleware/gzip_mw.go:19	try compress
        2025-12-03T05:38:55.556Z	INFO	service/base_metrics_service.go:44	Retrieved gauge: Alloc = 1341904.000000
        2025-12-03T05:38:55.556Z	INFO	handler/metrics_handler_json.go:173	return gauge metric %s value %fAlloc1.341904e+06
        2025-12-03T05:38:55.556Z	DEBUG	middleware/sign_mw.go:47	sign ----------> xTp24yQonkTNuRurmq+e9lqc43CO7Af5Xbz2lLHWgu8=
        2025/12/03 05:38:55 http: superfluous response.WriteHeader call from github.com/mrPTqp/metrics/internal/server/middleware.(*loggingResponseWriter).WriteHeader (logging_mw.go:30)
        2025-12-03T05:38:55.556Z	INFO	middleware/logging_mw.go:69	uri /value/ method POST duration 541.406µs status 200 size 70
        2025-12-03T05:38:55.656Z	DEBUG	middleware/gzip_mw.go:15	accept encoding value gzip
        2025-12-03T05:38:55.656Z	DEBUG	middleware/gzip_mw.go:17	supports gzip %!b(bool=true)
        2025-12-03T05:38:55.656Z	DEBUG	middleware/gzip_mw.go:19	try compress
        2025-12-03T05:38:55.657Z	INFO	service/base_metrics_service.go:44	Retrieved gauge: Frees = 70.000000
        2025-12-03T05:38:55.657Z	INFO	handler/metrics_handler_json.go:173	return gauge metric %s value %fFrees70
        2025-12-03T05:38:55.657Z	DEBUG	middleware/sign_mw.go:47	sign ----------> uJle0mAH8hU7VxS2Z0YjMgOQMs/8vSAdAgPkQGnpZS0=
        2025/12/03 05:38:55 http: superfluous response.WriteHeader call from github.com/mrPTqp/metrics/internal/server/middleware.(*loggingResponseWriter).WriteHeader (logging_mw.go:30)
        2025-12-03T05:38:55.657Z	INFO	middleware/logging_mw.go:69	uri /value/ method POST duration 832.43µs status 200 size 65
        2025-12-03T05:38:55.758Z	DEBUG	middleware/gzip_mw.go:15	accept encoding value gzip
        2025-12-03T05:38:55.758Z	DEBUG	middleware/gzip_mw.go:17	supports gzip %!b(bool=true)
        2025-12-03T05:38:55.758Z	DEBUG	middleware/gzip_mw.go:19	try compress
        2025-12-03T05:38:55.758Z	INFO	service/base_metrics_service.go:44	Retrieved gauge: HeapAlloc = 1341904.000000
        2025-12-03T05:38:55.758Z	INFO	handler/metrics_handler_json.go:173	return gauge metric %s value %fHeapAlloc1.341904e+06
        2025-12-03T05:38:55.758Z	DEBUG	middleware/sign_mw.go:47	sign ----------> wx/B5OVIzNdcl1PTB8RupD/YZjb4xHIQ+gYD/neHjA0=
        2025/12/03 05:38:55 http: superfluous response.WriteHeader call from github.com/mrPTqp/metrics/internal/server/middleware.(*loggingResponseWriter).WriteHeader (logging_mw.go:30)
        2025-12-03T05:38:55.759Z	INFO	middleware/logging_mw.go:69	uri /value/ method POST duration 504.952µs status 200 size 74
        2025-12-03T05:38:55.859Z	DEBUG	middleware/gzip_mw.go:15	accept encoding value gzip
        2025-12-03T05:38:55.859Z	DEBUG	middleware/gzip_mw.go:17	supports gzip %!b(bool=true)
        2025-12-03T05:38:55.859Z	DEBUG	middleware/gzip_mw.go:19	try compress
        2025-12-03T05:38:55.860Z	INFO	service/base_metrics_service.go:44	Retrieved gauge: HeapIdle = 1875968.000000
        2025-12-03T05:38:55.860Z	INFO	handler/metrics_handler_json.go:173	return gauge metric %s value %fHeapIdle1.875968e+06
        2025-12-03T05:38:55.860Z	DEBUG	middleware/sign_mw.go:47	sign ----------> Z1RzU7z2hAlwykMhV5Cv1AkgFn5T7UZ+inlrkFzF5nI=
        2025/12/03 05:38:55 http: superfluous response.WriteHeader call from github.com/mrPTqp/metrics/internal/server/middleware.(*loggingResponseWriter).WriteHeader (logging_mw.go:30)
        2025-12-03T05:38:55.860Z	INFO	middleware/logging_mw.go:69	uri /value/ method POST duration 570.14µs status 200 size 71
        2025-12-03T05:38:55.961Z	DEBUG	middleware/gzip_mw.go:15	accept encoding value gzip
        2025-12-03T05:38:55.961Z	DEBUG	middleware/gzip_mw.go:17	supports gzip %!b(bool=true)
        2025-12-03T05:38:55.961Z	DEBUG	middleware/gzip_mw.go:19	try compress
        2025-12-03T05:38:55.961Z	INFO	service/base_metrics_service.go:44	Retrieved gauge: HeapInuse = 1990656.000000
        2025-12-03T05:38:55.961Z	INFO	handler/metrics_handler_json.go:173	return gauge metric %s value %fHeapInuse1.990656e+06
        2025-12-03T05:38:55.961Z	DEBUG	middleware/sign_mw.go:47	sign ----------> cU8/wHTRLepbt4LH+LCZ5XkJmXUJpIUOGzh7rgA9d2Q=
        2025/12/03 05:38:55 http: superfluous response.WriteHeader call from github.com/mrPTqp/metrics/internal/server/middleware.(*loggingResponseWriter).WriteHeader (logging_mw.go:30)
        2025-12-03T05:38:55.961Z	INFO	middleware/logging_mw.go:69	uri /value/ method POST duration 904.54µs status 200 size 72
        2025-12-03T05:38:56.062Z	DEBUG	middleware/gzip_mw.go:15	accept encoding value gzip
        2025-12-03T05:38:56.062Z	DEBUG	middleware/gzip_mw.go:17	supports gzip %!b(bool=true)
        2025-12-03T05:38:56.062Z	DEBUG	middleware/gzip_mw.go:19	try compress
        2025-12-03T05:38:56.063Z	INFO	service/base_metrics_service.go:44	Retrieved gauge: HeapObjects = 1293.000000
        2025-12-03T05:38:56.063Z	INFO	handler/metrics_handler_json.go:173	return gauge metric %s value %fHeapObjects1293
        2025-12-03T05:38:56.063Z	DEBUG	middleware/sign_mw.go:47	sign ----------> 4EiAMOd5555wTbRPIGsdfPtkh2q/jiN2Xu1xy12v5lo=
        2025/12/03 05:38:56 http: superfluous response.WriteHeader call from github.com/mrPTqp/metrics/internal/server/middleware.(*loggingResponseWriter).WriteHeader (logging_mw.go:30)
        2025-12-03T05:38:56.063Z	INFO	middleware/logging_mw.go:69	uri /value/ method POST duration 550.415µs status 200 size 73
        2025-12-03T05:38:56.164Z	DEBUG	middleware/gzip_mw.go:15	accept encoding value gzip
        2025-12-03T05:38:56.164Z	DEBUG	middleware/gzip_mw.go:17	supports gzip %!b(bool=true)
        2025-12-03T05:38:56.164Z	DEBUG	middleware/gzip_mw.go:19	try compress
        2025-12-03T05:38:56.164Z	INFO	service/base_metrics_service.go:44	Retrieved gauge: Mallocs = 1363.000000
        2025-12-03T05:38:56.164Z	INFO	handler/metrics_handler_json.go:173	return gauge metric %s value %fMallocs1363
        2025-12-03T05:38:56.164Z	DEBUG	middleware/sign_mw.go:47	sign ----------> 3Lne+qLyIgpBLs4GXy1i+B6Sl24zNsQS8XvcuW9Tazg=
        2025/12/03 05:38:56 http: superfluous response.WriteHeader call from github.com/mrPTqp/metrics/internal/server/middleware.(*loggingResponseWriter).WriteHeader (logging_mw.go:30)
        2025-12-03T05:38:56.164Z	INFO	middleware/logging_mw.go:69	uri /value/ method POST duration 560.784µs status 200 size 69
        2025-12-03T05:38:56.265Z	DEBUG	middleware/gzip_mw.go:15	accept encoding value gzip
        2025-12-03T05:38:56.265Z	DEBUG	middleware/gzip_mw.go:17	supports gzip %!b(bool=true)
        2025-12-03T05:38:56.265Z	DEBUG	middleware/gzip_mw.go:19	try compress
        2025-12-03T05:38:56.265Z	INFO	service/base_metrics_service.go:44	Retrieved gauge: TotalAlloc = 1341904.000000
        2025-12-03T05:38:56.266Z	INFO	handler/metrics_handler_json.go:173	return gauge metric %s value %fTotalAlloc1.341904e+06
        2025-12-03T05:38:56.266Z	DEBUG	middleware/sign_mw.go:47	sign ----------> v+tB4NqhJyc/zpyPLLM5KoZjQ7QBs3Uz6XRrHwQlmdM=
        2025/12/03 05:38:56 http: superfluous response.WriteHeader call from github.com/mrPTqp/metrics/internal/server/middleware.(*loggingResponseWriter).WriteHeader (logging_mw.go:30)
        2025-12-03T05:38:56.266Z	INFO	middleware/logging_mw.go:69	uri /value/ method POST duration 943.515µs status 200 size 75
        2025-12-03T05:38:56.366Z	DEBUG	middleware/gzip_mw.go:15	accept encoding value gzip
        2025-12-03T05:38:56.366Z	DEBUG	middleware/gzip_mw.go:17	supports gzip %!b(bool=true)
        2025-12-03T05:38:56.366Z	DEBUG	middleware/gzip_mw.go:19	try compress
        2025-12-03T05:38:56.367Z	INFO	service/base_metrics_service.go:53	Retrieved counter: PollCount = 474
        2025-12-03T05:38:56.367Z	INFO	handler/metrics_handler_json.go:190	return counter metric %s value %dPollCount474
        2025-12-03T05:38:56.367Z	DEBUG	middleware/sign_mw.go:47	sign ----------> hW+1wI0R/x66EOYRdIergjJLWdGUqPBrKnM6zz5Qr0g=
        2025/12/03 05:38:56 http: superfluous response.WriteHeader call from github.com/mrPTqp/metrics/internal/server/middleware.(*loggingResponseWriter).WriteHeader (logging_mw.go:30)
        2025-12-03T05:38:56.367Z	INFO	middleware/logging_mw.go:69	uri /value/ method POST duration 410.23µs status 200 size 70
        2025-12-03T05:38:56.467Z	DEBUG	middleware/gzip_mw.go:15	accept encoding value gzip
        2025-12-03T05:38:56.467Z	DEBUG	middleware/gzip_mw.go:17	supports gzip %!b(bool=true)
        2025-12-03T05:38:56.467Z	DEBUG	middleware/gzip_mw.go:19	try compress
        2025-12-03T05:38:56.468Z	INFO	service/base_metrics_service.go:44	Retrieved gauge: RandomValue = 0.490846
        2025-12-03T05:38:56.468Z	INFO	handler/metrics_handler_json.go:173	return gauge metric %s value %fRandomValue0.4908458140365596
        2025-12-03T05:38:56.468Z	DEBUG	middleware/sign_mw.go:47	sign ----------> aR+xitNsjQCwv9u4I5BbNK1KTKyP8OMZ+ghKcUnBzJY=
        2025/12/03 05:38:56 http: superfluous response.WriteHeader call from github.com/mrPTqp/metrics/internal/server/middleware.(*loggingResponseWriter).WriteHeader (logging_mw.go:30)
        2025-12-03T05:38:56.468Z	INFO	middleware/logging_mw.go:69	uri /value/ method POST duration 413.662µs status 200 size 82
        2025-12-03T05:38:56.568Z	DEBUG	middleware/gzip_mw.go:15	accept encoding value gzip
        2025-12-03T05:38:56.568Z	DEBUG	middleware/gzip_mw.go:17	supports gzip %!b(bool=true)
        2025-12-03T05:38:56.568Z	DEBUG	middleware/gzip_mw.go:19	try compress
        2025-12-03T05:38:56.569Z	INFO	service/base_metrics_service.go:44	Retrieved gauge: Alloc = 1341904.000000
        2025-12-03T05:38:56.569Z	INFO	handler/metrics_handler_json.go:173	return gauge metric %s value %fAlloc1.341904e+06
        2025-12-03T05:38:56.569Z	DEBUG	middleware/sign_mw.go:47	sign ----------> xTp24yQonkTNuRurmq+e9lqc43CO7Af5Xbz2lLHWgu8=
        2025/12/03 05:38:56 http: superfluous response.WriteHeader call from github.com/mrPTqp/metrics/internal/server/middleware.(*loggingResponseWriter).WriteHeader (logging_mw.go:30)
        2025-12-03T05:38:56.569Z	INFO	middleware/logging_mw.go:69	uri /value/ method POST duration 856.438µs status 200 size 70
        2025-12-03T05:38:56.670Z	DEBUG	middleware/gzip_mw.go:15	accept encoding value gzip
        2025-12-03T05:38:56.670Z	DEBUG	middleware/gzip_mw.go:17	supports gzip %!b(bool=true)
        2025-12-03T05:38:56.670Z	DEBUG	middleware/gzip_mw.go:19	try compress
        2025-12-03T05:38:56.670Z	INFO	service/base_metrics_service.go:44	Retrieved gauge: Frees = 70.000000
        2025-12-03T05:38:56.670Z	INFO	handler/metrics_handler_json.go:173	return gauge metric %s value %fFrees70
        2025-12-03T05:38:56.670Z	DEBUG	middleware/sign_mw.go:47	sign ----------> uJle0mAH8hU7VxS2Z0YjMgOQMs/8vSAdAgPkQGnpZS0=
        2025/12/03 05:38:56 http: superfluous response.WriteHeader call from github.com/mrPTqp/metrics/internal/server/middleware.(*loggingResponseWriter).WriteHeader (logging_mw.go:30)
        2025-12-03T05:38:56.671Z	INFO	middleware/logging_mw.go:69	uri /value/ method POST duration 542.943µs status 200 size 65
        2025-12-03T05:38:56.771Z	DEBUG	middleware/gzip_mw.go:15	accept encoding value gzip
        2025-12-03T05:38:56.771Z	DEBUG	middleware/gzip_mw.go:17	supports gzip %!b(bool=true)
        2025-12-03T05:38:56.771Z	DEBUG	middleware/gzip_mw.go:19	try compress
        2025-12-03T05:38:56.772Z	INFO	service/base_metrics_service.go:44	Retrieved gauge: HeapAlloc = 1341904.000000
        2025-12-03T05:38:56.772Z	INFO	handler/metrics_handler_json.go:173	return gauge metric %s value %fHeapAlloc1.341904e+06
        2025-12-03T05:38:56.772Z	DEBUG	middleware/sign_mw.go:47	sign ----------> wx/B5OVIzNdcl1PTB8RupD/YZjb4xHIQ+gYD/neHjA0=
        2025/12/03 05:38:56 http: superfluous response.WriteHeader call from github.com/mrPTqp/metrics/internal/server/middleware.(*loggingResponseWriter).WriteHeader (logging_mw.go:30)
        2025-12-03T05:38:56.772Z	INFO	middleware/logging_mw.go:69	uri /value/ method POST duration 532.93µs status 200 size 74
        2025-12-03T05:38:56.872Z	DEBUG	middleware/gzip_mw.go:15	accept encoding value gzip
        2025-12-03T05:38:56.873Z	DEBUG	middleware/gzip_mw.go:17	supports gzip %!b(bool=true)
        2025-12-03T05:38:56.873Z	DEBUG	middleware/gzip_mw.go:19	try compress
        2025-12-03T05:38:56.873Z	INFO	service/base_metrics_service.go:44	Retrieved gauge: HeapIdle = 1875968.000000
        2025-12-03T05:38:56.873Z	INFO	handler/metrics_handler_json.go:173	return gauge metric %s value %fHeapIdle1.875968e+06
        2025-12-03T05:38:56.873Z	DEBUG	middleware/sign_mw.go:47	sign ----------> Z1RzU7z2hAlwykMhV5Cv1AkgFn5T7UZ+inlrkFzF5nI=
        2025/12/03 05:38:56 http: superfluous response.WriteHeader call from github.com/mrPTqp/metrics/internal/server/middleware.(*loggingResponseWriter).WriteHeader (logging_mw.go:30)
        2025-12-03T05:38:56.873Z	INFO	middleware/logging_mw.go:69	uri /value/ method POST duration 895.06µs status 200 size 71
        2025-12-03T05:38:56.974Z	DEBUG	middleware/gzip_mw.go:15	accept encoding value gzip
        2025-12-03T05:38:56.974Z	DEBUG	middleware/gzip_mw.go:17	supports gzip %!b(bool=true)
        2025-12-03T05:38:56.974Z	DEBUG	middleware/gzip_mw.go:19	try compress
        2025-12-03T05:38:56.974Z	INFO	service/base_metrics_service.go:44	Retrieved gauge: HeapInuse = 1990656.000000
        2025-12-03T05:38:56.975Z	INFO	handler/metrics_handler_json.go:173	return gauge metric %s value %fHeapInuse1.990656e+06
        2025-12-03T05:38:56.975Z	DEBUG	middleware/sign_mw.go:47	sign ----------> cU8/wHTRLepbt4LH+LCZ5XkJmXUJpIUOGzh7rgA9d2Q=
        2025/12/03 05:38:56 http: superfluous response.WriteHeader call from github.com/mrPTqp/metrics/internal/server/middleware.(*loggingResponseWriter).WriteHeader (logging_mw.go:30)
        2025-12-03T05:38:56.975Z	INFO	middleware/logging_mw.go:69	uri /value/ method POST duration 512.246µs status 200 size 72
        2025-12-03T05:38:57.075Z	DEBUG	middleware/gzip_mw.go:15	accept encoding value gzip
        2025-12-03T05:38:57.075Z	DEBUG	middleware/gzip_mw.go:17	supports gzip %!b(bool=true)
        2025-12-03T05:38:57.075Z	DEBUG	middleware/gzip_mw.go:19	try compress
        2025-12-03T05:38:57.076Z	INFO	service/base_metrics_service.go:44	Retrieved gauge: HeapObjects = 1293.000000
        2025-12-03T05:38:57.076Z	INFO	handler/metrics_handler_json.go:173	return gauge metric %s value %fHeapObjects1293
        2025-12-03T05:38:57.076Z	DEBUG	middleware/sign_mw.go:47	sign ----------> 4EiAMOd5555wTbRPIGsdfPtkh2q/jiN2Xu1xy12v5lo=
        2025/12/03 05:38:57 http: superfluous response.WriteHeader call from github.com/mrPTqp/metrics/internal/server/middleware.(*loggingResponseWriter).WriteHeader (logging_mw.go:30)
        2025-12-03T05:38:57.076Z	INFO	middleware/logging_mw.go:69	uri /value/ method POST duration 439.973µs status 200 size 73
        2025-12-03T05:38:57.176Z	DEBUG	middleware/gzip_mw.go:15	accept encoding value gzip
        2025-12-03T05:38:57.176Z	DEBUG	middleware/gzip_mw.go:17	supports gzip %!b(bool=true)
        2025-12-03T05:38:57.176Z	DEBUG	middleware/gzip_mw.go:19	try compress
        2025-12-03T05:38:57.177Z	INFO	service/base_metrics_service.go:44	Retrieved gauge: Mallocs = 1363.000000
        2025-12-03T05:38:57.177Z	INFO	handler/metrics_handler_json.go:173	return gauge metric %s value %fMallocs1363
        2025-12-03T05:38:57.177Z	DEBUG	middleware/sign_mw.go:47	sign ----------> 3Lne+qLyIgpBLs4GXy1i+B6Sl24zNsQS8XvcuW9Tazg=
        2025/12/03 05:38:57 http: superfluous response.WriteHeader call from github.com/mrPTqp/metrics/internal/server/middleware.(*loggingResponseWriter).WriteHeader (logging_mw.go:30)
        2025-12-03T05:38:57.177Z	INFO	middleware/logging_mw.go:69	uri /value/ method POST duration 856.75µs status 200 size 69
        2025-12-03T05:38:57.278Z	DEBUG	middleware/gzip_mw.go:15	accept encoding value gzip
        2025-12-03T05:38:57.278Z	DEBUG	middleware/gzip_mw.go:17	supports gzip %!b(bool=true)
        2025-12-03T05:38:57.278Z	DEBUG	middleware/gzip_mw.go:19	try compress
        2025-12-03T05:38:57.278Z	INFO	service/base_metrics_service.go:44	Retrieved gauge: TotalAlloc = 1341904.000000
        2025-12-03T05:38:57.278Z	INFO	handler/metrics_handler_json.go:173	return gauge metric %s value %fTotalAlloc1.341904e+06
        2025-12-03T05:38:57.278Z	DEBUG	middleware/sign_mw.go:47	sign ----------> v+tB4NqhJyc/zpyPLLM5KoZjQ7QBs3Uz6XRrHwQlmdM=
        2025/12/03 05:38:57 http: superfluous response.WriteHeader call from github.com/mrPTqp/metrics/internal/server/middleware.(*loggingResponseWriter).WriteHeader (logging_mw.go:30)
        2025-12-03T05:38:57.278Z	INFO	middleware/logging_mw.go:69	uri /value/ method POST duration 523.082µs status 200 size 75
        2025-12-03T05:38:57.379Z	DEBUG	middleware/gzip_mw.go:15	accept encoding value gzip
        2025-12-03T05:38:57.379Z	DEBUG	middleware/gzip_mw.go:17	supports gzip %!b(bool=true)
        2025-12-03T05:38:57.379Z	DEBUG	middleware/gzip_mw.go:19	try compress
        2025-12-03T05:38:57.380Z	INFO	service/base_metrics_service.go:53	Retrieved counter: PollCount = 474
        2025-12-03T05:38:57.380Z	INFO	handler/metrics_handler_json.go:190	return counter metric %s value %dPollCount474
        2025-12-03T05:38:57.380Z	DEBUG	middleware/sign_mw.go:47	sign ----------> hW+1wI0R/x66EOYRdIergjJLWdGUqPBrKnM6zz5Qr0g=
        2025/12/03 05:38:57 http: superfluous response.WriteHeader call from github.com/mrPTqp/metrics/internal/server/middleware.(*loggingResponseWriter).WriteHeader (logging_mw.go:30)
        2025-12-03T05:38:57.380Z	INFO	middleware/logging_mw.go:69	uri /value/ method POST duration 609.406µs status 200 size 70
        2025-12-03T05:38:57.481Z	DEBUG	middleware/gzip_mw.go:15	accept encoding value gzip
        2025-12-03T05:38:57.481Z	DEBUG	middleware/gzip_mw.go:17	supports gzip %!b(bool=true)
        2025-12-03T05:38:57.481Z	DEBUG	middleware/gzip_mw.go:19	try compress
        2025-12-03T05:38:57.481Z	INFO	service/base_metrics_service.go:44	Retrieved gauge: RandomValue = 0.490846
        2025-12-03T05:38:57.481Z	INFO	handler/metrics_handler_json.go:173	return gauge metric %s value %fRandomValue0.4908458140365596
        2025-12-03T05:38:57.482Z	DEBUG	middleware/sign_mw.go:47	sign ----------> aR+xitNsjQCwv9u4I5BbNK1KTKyP8OMZ+ghKcUnBzJY=
        2025/12/03 05:38:57 http: superfluous response.WriteHeader call from github.com/mrPTqp/metrics/internal/server/middleware.(*loggingResponseWriter).WriteHeader (logging_mw.go:30)
        2025-12-03T05:38:57.482Z	INFO	middleware/logging_mw.go:69	uri /value/ method POST duration 1.002883ms status 200 size 82
        2025-12-03T05:38:57.582Z	DEBUG	middleware/gzip_mw.go:15	accept encoding value gzip
        2025-12-03T05:38:57.582Z	DEBUG	middleware/gzip_mw.go:17	supports gzip %!b(bool=true)
        2025-12-03T05:38:57.582Z	DEBUG	middleware/gzip_mw.go:19	try compress
        2025-12-03T05:38:57.583Z	INFO	service/base_metrics_service.go:44	Retrieved gauge: Alloc = 1341904.000000
        2025-12-03T05:38:57.583Z	INFO	handler/metrics_handler_json.go:173	return gauge metric %s value %fAlloc1.341904e+06
        2025-12-03T05:38:57.583Z	DEBUG	middleware/sign_mw.go:47	sign ----------> xTp24yQonkTNuRurmq+e9lqc43CO7Af5Xbz2lLHWgu8=
        2025/12/03 05:38:57 http: superfluous response.WriteHeader call from github.com/mrPTqp/metrics/internal/server/middleware.(*loggingResponseWriter).WriteHeader (logging_mw.go:30)
        2025-12-03T05:38:57.583Z	INFO	middleware/logging_mw.go:69	uri /value/ method POST duration 517.313µs status 200 size 70
        2025-12-03T05:38:57.683Z	DEBUG	middleware/gzip_mw.go:15	accept encoding value gzip
        2025-12-03T05:38:57.683Z	DEBUG	middleware/gzip_mw.go:17	supports gzip %!b(bool=true)
        2025-12-03T05:38:57.684Z	DEBUG	middleware/gzip_mw.go:19	try compress
        2025-12-03T05:38:57.684Z	INFO	service/base_metrics_service.go:44	Retrieved gauge: Frees = 70.000000
        2025-12-03T05:38:57.684Z	INFO	handler/metrics_handler_json.go:173	return gauge metric %s value %fFrees70
        2025-12-03T05:38:57.684Z	DEBUG	middleware/sign_mw.go:47	sign ----------> uJle0mAH8hU7VxS2Z0YjMgOQMs/8vSAdAgPkQGnpZS0=
        2025/12/03 05:38:57 http: superfluous response.WriteHeader call from github.com/mrPTqp/metrics/internal/server/middleware.(*loggingResponseWriter).WriteHeader (logging_mw.go:30)
        2025-12-03T05:38:57.684Z	INFO	middleware/logging_mw.go:69	uri /value/ method POST duration 372.014µs status 200 size 65
        2025-12-03T05:38:57.784Z	DEBUG	middleware/gzip_mw.go:15	accept encoding value gzip
        2025-12-03T05:38:57.784Z	DEBUG	middleware/gzip_mw.go:17	supports gzip %!b(bool=true)
        2025-12-03T05:38:57.784Z	DEBUG	middleware/gzip_mw.go:19	try compress
        2025-12-03T05:38:57.785Z	INFO	service/base_metrics_service.go:44	Retrieved gauge: HeapAlloc = 1341904.000000
        2025-12-03T05:38:57.785Z	INFO	handler/metrics_handler_json.go:173	return gauge metric %s value %fHeapAlloc1.341904e+06
        2025-12-03T05:38:57.785Z	DEBUG	middleware/sign_mw.go:47	sign ----------> wx/B5OVIzNdcl1PTB8RupD/YZjb4xHIQ+gYD/neHjA0=
        2025/12/03 05:38:57 http: superfluous response.WriteHeader call from github.com/mrPTqp/metrics/internal/server/middleware.(*loggingResponseWriter).WriteHeader (logging_mw.go:30)
        2025-12-03T05:38:57.785Z	INFO	middleware/logging_mw.go:69	uri /value/ method POST duration 851.273µs status 200 size 74
        2025-12-03T05:38:57.886Z	DEBUG	middleware/gzip_mw.go:15	accept encoding value gzip
        2025-12-03T05:38:57.886Z	DEBUG	middleware/gzip_mw.go:17	supports gzip %!b(bool=true)
        2025-12-03T05:38:57.886Z	DEBUG	middleware/gzip_mw.go:19	try compress
        2025-12-03T05:38:57.886Z	INFO	service/base_metrics_service.go:44	Retrieved gauge: HeapIdle = 1875968.000000
        2025-12-03T05:38:57.886Z	INFO	handler/metrics_handler_json.go:173	return gauge metric %s value %fHeapIdle1.875968e+06
        2025-12-03T05:38:57.886Z	DEBUG	middleware/sign_mw.go:47	sign ----------> Z1RzU7z2hAlwykMhV5Cv1AkgFn5T7UZ+inlrkFzF5nI=
        2025/12/03 05:38:57 http: superfluous response.WriteHeader call from github.com/mrPTqp/metrics/internal/server/middleware.(*loggingResponseWriter).WriteHeader (logging_mw.go:30)
        2025-12-03T05:38:57.886Z	INFO	middleware/logging_mw.go:69	uri /value/ method POST duration 429.393µs status 200 size 71
        2025-12-03T05:38:57.987Z	DEBUG	middleware/gzip_mw.go:15	accept encoding value gzip
        2025-12-03T05:38:57.987Z	DEBUG	middleware/gzip_mw.go:17	supports gzip %!b(bool=true)
        2025-12-03T05:38:57.987Z	DEBUG	middleware/gzip_mw.go:19	try compress
        2025-12-03T05:38:57.987Z	INFO	service/base_metrics_service.go:44	Retrieved gauge: HeapInuse = 1990656.000000
        2025-12-03T05:38:57.987Z	INFO	handler/metrics_handler_json.go:173	return gauge metric %s value %fHeapInuse1.990656e+06
        2025-12-03T05:38:57.988Z	DEBUG	middleware/sign_mw.go:47	sign ----------> cU8/wHTRLepbt4LH+LCZ5XkJmXUJpIUOGzh7rgA9d2Q=
        2025/12/03 05:38:57 http: superfluous response.WriteHeader call from github.com/mrPTqp/metrics/internal/server/middleware.(*loggingResponseWriter).WriteHeader (logging_mw.go:30)
        2025-12-03T05:38:57.988Z	INFO	middleware/logging_mw.go:69	uri /value/ method POST duration 581.282µs status 200 size 72
        2025-12-03T05:38:58.088Z	DEBUG	middleware/gzip_mw.go:15	accept encoding value gzip
        2025-12-03T05:38:58.088Z	DEBUG	middleware/gzip_mw.go:17	supports gzip %!b(bool=true)
        2025-12-03T05:38:58.088Z	DEBUG	middleware/gzip_mw.go:19	try compress
        2025-12-03T05:38:58.089Z	INFO	service/base_metrics_service.go:44	Retrieved gauge: HeapObjects = 1293.000000
        2025-12-03T05:38:58.089Z	INFO	handler/metrics_handler_json.go:173	return gauge metric %s value %fHeapObjects1293
        2025-12-03T05:38:58.089Z	DEBUG	middleware/sign_mw.go:47	sign ----------> 4EiAMOd5555wTbRPIGsdfPtkh2q/jiN2Xu1xy12v5lo=
        2025/12/03 05:38:58 http: superfluous response.WriteHeader call from github.com/mrPTqp/metrics/internal/server/middleware.(*loggingResponseWriter).WriteHeader (logging_mw.go:30)
        2025-12-03T05:38:58.089Z	INFO	middleware/logging_mw.go:69	uri /value/ method POST duration 858.582µs status 200 size 73
        2025-12-03T05:38:58.190Z	DEBUG	middleware/gzip_mw.go:15	accept encoding value gzip
        2025-12-03T05:38:58.190Z	DEBUG	middleware/gzip_mw.go:17	supports gzip %!b(bool=true)
        2025-12-03T05:38:58.190Z	DEBUG	middleware/gzip_mw.go:19	try compress
        2025-12-03T05:38:58.190Z	INFO	service/base_metrics_service.go:44	Retrieved gauge: Mallocs = 1363.000000
        2025-12-03T05:38:58.190Z	INFO	handler/metrics_handler_json.go:173	return gauge metric %s value %fMallocs1363
        2025-12-03T05:38:58.190Z	DEBUG	middleware/sign_mw.go:47	sign ----------> 3Lne+qLyIgpBLs4GXy1i+B6Sl24zNsQS8XvcuW9Tazg=
        2025/12/03 05:38:58 http: superfluous response.WriteHeader call from github.com/mrPTqp/metrics/internal/server/middleware.(*loggingResponseWriter).WriteHeader (logging_mw.go:30)
        2025-12-03T05:38:58.190Z	INFO	middleware/logging_mw.go:69	uri /value/ method POST duration 581.23µs status 200 size 69
        2025-12-03T05:38:58.291Z	DEBUG	middleware/gzip_mw.go:15	accept encoding value gzip
        2025-12-03T05:38:58.291Z	DEBUG	middleware/gzip_mw.go:17	supports gzip %!b(bool=true)
        2025-12-03T05:38:58.291Z	DEBUG	middleware/gzip_mw.go:19	try compress
        2025-12-03T05:38:58.292Z	INFO	service/base_metrics_service.go:44	Retrieved gauge: TotalAlloc = 1341904.000000
        2025-12-03T05:38:58.292Z	INFO	handler/metrics_handler_json.go:173	return gauge metric %s value %fTotalAlloc1.341904e+06
        2025-12-03T05:38:58.292Z	DEBUG	middleware/sign_mw.go:47	sign ----------> v+tB4NqhJyc/zpyPLLM5KoZjQ7QBs3Uz6XRrHwQlmdM=
        2025/12/03 05:38:58 http: superfluous response.WriteHeader call from github.com/mrPTqp/metrics/internal/server/middleware.(*loggingResponseWriter).WriteHeader (logging_mw.go:30)
        2025-12-03T05:38:58.292Z	INFO	middleware/logging_mw.go:69	uri /value/ method POST duration 492.189µs status 200 size 75
        2025-12-03T05:38:58.392Z	DEBUG	middleware/gzip_mw.go:15	accept encoding value gzip
        2025-12-03T05:38:58.392Z	DEBUG	middleware/gzip_mw.go:17	supports gzip %!b(bool=true)
        2025-12-03T05:38:58.392Z	DEBUG	middleware/gzip_mw.go:19	try compress
        2025-12-03T05:38:58.393Z	INFO	service/base_metrics_service.go:53	Retrieved counter: PollCount = 474
        2025-12-03T05:38:58.393Z	INFO	handler/metrics_handler_json.go:190	return counter metric %s value %dPollCount474
        2025-12-03T05:38:58.393Z	DEBUG	middleware/sign_mw.go:47	sign ----------> hW+1wI0R/x66EOYRdIergjJLWdGUqPBrKnM6zz5Qr0g=
        2025/12/03 05:38:58 http: superfluous response.WriteHeader call from github.com/mrPTqp/metrics/internal/server/middleware.(*loggingResponseWriter).WriteHeader (logging_mw.go:30)
        2025-12-03T05:38:58.393Z	INFO	middleware/logging_mw.go:69	uri /value/ method POST duration 880.999µs status 200 size 70
        2025-12-03T05:38:58.494Z	DEBUG	middleware/gzip_mw.go:15	accept encoding value gzip
        2025-12-03T05:38:58.494Z	DEBUG	middleware/gzip_mw.go:17	supports gzip %!b(bool=true)
        2025-12-03T05:38:58.494Z	DEBUG	middleware/gzip_mw.go:19	try compress
        2025-12-03T05:38:58.494Z	INFO	service/base_metrics_service.go:44	Retrieved gauge: RandomValue = 0.490846
        2025-12-03T05:38:58.494Z	INFO	handler/metrics_handler_json.go:173	return gauge metric %s value %fRandomValue0.4908458140365596
        2025-12-03T05:38:58.494Z	DEBUG	middleware/sign_mw.go:47	sign ----------> aR+xitNsjQCwv9u4I5BbNK1KTKyP8OMZ+ghKcUnBzJY=
        2025/12/03 05:38:58 http: superfluous response.WriteHeader call from github.com/mrPTqp/metrics/internal/server/middleware.(*loggingResponseWriter).WriteHeader (logging_mw.go:30)
        2025-12-03T05:38:58.494Z	INFO	middleware/logging_mw.go:69	uri /value/ method POST duration 493.309µs status 200 size 82
        2025-12-03T05:38:58.595Z	DEBUG	middleware/gzip_mw.go:15	accept encoding value gzip
        2025-12-03T05:38:58.595Z	DEBUG	middleware/gzip_mw.go:17	supports gzip %!b(bool=true)
        2025-12-03T05:38:58.595Z	DEBUG	middleware/gzip_mw.go:19	try compress
        2025-12-03T05:38:58.595Z	INFO	service/base_metrics_service.go:44	Retrieved gauge: Alloc = 1341904.000000
        2025-12-03T05:38:58.596Z	INFO	handler/metrics_handler_json.go:173	return gauge metric %s value %fAlloc1.341904e+06
        2025-12-03T05:38:58.596Z	DEBUG	middleware/sign_mw.go:47	sign ----------> xTp24yQonkTNuRurmq+e9lqc43CO7Af5Xbz2lLHWgu8=
        2025/12/03 05:38:58 http: superfluous response.WriteHeader call from github.com/mrPTqp/metrics/internal/server/middleware.(*loggingResponseWriter).WriteHeader (logging_mw.go:30)
        2025-12-03T05:38:58.596Z	INFO	middleware/logging_mw.go:69	uri /value/ method POST duration 519.337µs status 200 size 70
        2025-12-03T05:38:58.696Z	DEBUG	middleware/gzip_mw.go:15	accept encoding value gzip
        2025-12-03T05:38:58.696Z	DEBUG	middleware/gzip_mw.go:17	supports gzip %!b(bool=true)
        2025-12-03T05:38:58.696Z	DEBUG	middleware/gzip_mw.go:19	try compress
        2025-12-03T05:38:58.697Z	INFO	service/base_metrics_service.go:44	Retrieved gauge: Frees = 70.000000
        2025-12-03T05:38:58.697Z	INFO	handler/metrics_handler_json.go:173	return gauge metric %s value %fFrees70
        2025-12-03T05:38:58.697Z	DEBUG	middleware/sign_mw.go:47	sign ----------> uJle0mAH8hU7VxS2Z0YjMgOQMs/8vSAdAgPkQGnpZS0=
        2025/12/03 05:38:58 http: superfluous response.WriteHeader call from github.com/mrPTqp/metrics/internal/server/middleware.(*loggingResponseWriter).WriteHeader (logging_mw.go:30)
        2025-12-03T05:38:58.697Z	INFO	middleware/logging_mw.go:69	uri /value/ method POST duration 719.257µs status 200 size 65
        2025-12-03T05:38:58.798Z	DEBUG	middleware/gzip_mw.go:15	accept encoding value gzip
        2025-12-03T05:38:58.798Z	DEBUG	middleware/gzip_mw.go:17	supports gzip %!b(bool=true)
        2025-12-03T05:38:58.798Z	DEBUG	middleware/gzip_mw.go:19	try compress
        2025-12-03T05:38:58.798Z	INFO	service/base_metrics_service.go:44	Retrieved gauge: HeapAlloc = 1341904.000000
        2025-12-03T05:38:58.798Z	INFO	handler/metrics_handler_json.go:173	return gauge metric %s value %fHeapAlloc1.341904e+06
        2025-12-03T05:38:58.798Z	DEBUG	middleware/sign_mw.go:47	sign ----------> wx/B5OVIzNdcl1PTB8RupD/YZjb4xHIQ+gYD/neHjA0=
        2025/12/03 05:38:58 http: superfluous response.WriteHeader call from github.com/mrPTqp/metrics/internal/server/middleware.(*loggingResponseWriter).WriteHeader (logging_mw.go:30)
        2025-12-03T05:38:58.798Z	INFO	middleware/logging_mw.go:69	uri /value/ method POST duration 393.591µs status 200 size 74
        2025-12-03T05:38:58.899Z	DEBUG	middleware/gzip_mw.go:15	accept encoding value gzip
        2025-12-03T05:38:58.899Z	DEBUG	middleware/gzip_mw.go:17	supports gzip %!b(bool=true)
        2025-12-03T05:38:58.899Z	DEBUG	middleware/gzip_mw.go:19	try compress
        2025-12-03T05:38:58.899Z	INFO	service/base_metrics_service.go:44	Retrieved gauge: HeapIdle = 1875968.000000
        2025-12-03T05:38:58.899Z	INFO	handler/metrics_handler_json.go:173	return gauge metric %s value %fHeapIdle1.875968e+06
        2025-12-03T05:38:58.899Z	DEBUG	middleware/sign_mw.go:47	sign ----------> Z1RzU7z2hAlwykMhV5Cv1AkgFn5T7UZ+inlrkFzF5nI=
        2025/12/03 05:38:58 http: superfluous response.WriteHeader call from github.com/mrPTqp/metrics/internal/server/middleware.(*loggingResponseWriter).WriteHeader (logging_mw.go:30)
        2025-12-03T05:38:58.899Z	INFO	middleware/logging_mw.go:69	uri /value/ method POST duration 495.621µs status 200 size 71
        2025-12-03T05:38:59.000Z	DEBUG	middleware/gzip_mw.go:15	accept encoding value gzip
        2025-12-03T05:38:59.000Z	DEBUG	middleware/gzip_mw.go:17	supports gzip %!b(bool=true)
        2025-12-03T05:38:59.000Z	DEBUG	middleware/gzip_mw.go:19	try compress
        2025-12-03T05:38:59.000Z	INFO	service/base_metrics_service.go:44	Retrieved gauge: HeapInuse = 1990656.000000
        2025-12-03T05:38:59.000Z	INFO	handler/metrics_handler_json.go:173	return gauge metric %s value %fHeapInuse1.990656e+06
        2025-12-03T05:38:59.001Z	DEBUG	middleware/sign_mw.go:47	sign ----------> cU8/wHTRLepbt4LH+LCZ5XkJmXUJpIUOGzh7rgA9d2Q=
        2025/12/03 05:38:59 http: superfluous response.WriteHeader call from github.com/mrPTqp/metrics/internal/server/middleware.(*loggingResponseWriter).WriteHeader (logging_mw.go:30)
        2025-12-03T05:38:59.001Z	INFO	middleware/logging_mw.go:69	uri /value/ method POST duration 800.02µs status 200 size 72
        2025-12-03T05:38:59.101Z	DEBUG	middleware/gzip_mw.go:15	accept encoding value gzip
        2025-12-03T05:38:59.101Z	DEBUG	middleware/gzip_mw.go:17	supports gzip %!b(bool=true)
        2025-12-03T05:38:59.101Z	DEBUG	middleware/gzip_mw.go:19	try compress
        2025-12-03T05:38:59.102Z	INFO	service/base_metrics_service.go:44	Retrieved gauge: HeapObjects = 1293.000000
        2025-12-03T05:38:59.102Z	INFO	handler/metrics_handler_json.go:173	return gauge metric %s value %fHeapObjects1293
        2025-12-03T05:38:59.102Z	DEBUG	middleware/sign_mw.go:47	sign ----------> 4EiAMOd5555wTbRPIGsdfPtkh2q/jiN2Xu1xy12v5lo=
        2025/12/03 05:38:59 http: superfluous response.WriteHeader call from github.com/mrPTqp/metrics/internal/server/middleware.(*loggingResponseWriter).WriteHeader (logging_mw.go:30)
        2025-12-03T05:38:59.102Z	INFO	middleware/logging_mw.go:69	uri /value/ method POST duration 525.527µs status 200 size 73
        2025-12-03T05:38:59.203Z	DEBUG	middleware/gzip_mw.go:15	accept encoding value gzip
        2025-12-03T05:38:59.203Z	DEBUG	middleware/gzip_mw.go:17	supports gzip %!b(bool=true)
        2025-12-03T05:38:59.203Z	DEBUG	middleware/gzip_mw.go:19	try compress
        2025-12-03T05:38:59.203Z	INFO	service/base_metrics_service.go:44	Retrieved gauge: Mallocs = 1363.000000
        2025-12-03T05:38:59.203Z	INFO	handler/metrics_handler_json.go:173	return gauge metric %s value %fMallocs1363
        2025-12-03T05:38:59.203Z	DEBUG	middleware/sign_mw.go:47	sign ----------> 3Lne+qLyIgpBLs4GXy1i+B6Sl24zNsQS8XvcuW9Tazg=
        2025/12/03 05:38:59 http: superfluous response.WriteHeader call from github.com/mrPTqp/metrics/internal/server/middleware.(*loggingResponseWriter).WriteHeader (logging_mw.go:30)
        2025-12-03T05:38:59.203Z	INFO	middleware/logging_mw.go:69	uri /value/ method POST duration 564.57µs status 200 size 69
        2025-12-03T05:38:59.304Z	DEBUG	middleware/gzip_mw.go:15	accept encoding value gzip
        2025-12-03T05:38:59.304Z	DEBUG	middleware/gzip_mw.go:17	supports gzip %!b(bool=true)
        2025-12-03T05:38:59.304Z	DEBUG	middleware/gzip_mw.go:19	try compress
        2025-12-03T05:38:59.304Z	INFO	service/base_metrics_service.go:44	Retrieved gauge: TotalAlloc = 1341904.000000
        2025-12-03T05:38:59.305Z	INFO	handler/metrics_handler_json.go:173	return gauge metric %s value %fTotalAlloc1.341904e+06
        2025-12-03T05:38:59.305Z	DEBUG	middleware/sign_mw.go:47	sign ----------> v+tB4NqhJyc/zpyPLLM5KoZjQ7QBs3Uz6XRrHwQlmdM=
        2025/12/03 05:38:59 http: superfluous response.WriteHeader call from github.com/mrPTqp/metrics/internal/server/middleware.(*loggingResponseWriter).WriteHeader (logging_mw.go:30)
        2025-12-03T05:38:59.305Z	INFO	middleware/logging_mw.go:69	uri /value/ method POST duration 882.028µs status 200 size 75
        2025-12-03T05:38:59.405Z	DEBUG	middleware/gzip_mw.go:15	accept encoding value gzip
        2025-12-03T05:38:59.405Z	DEBUG	middleware/gzip_mw.go:17	supports gzip %!b(bool=true)
        2025-12-03T05:38:59.405Z	DEBUG	middleware/gzip_mw.go:19	try compress
        2025-12-03T05:38:59.406Z	INFO	service/base_metrics_service.go:53	Retrieved counter: PollCount = 474
        2025-12-03T05:38:59.406Z	INFO	handler/metrics_handler_json.go:190	return counter metric %s value %dPollCount474
        2025-12-03T05:38:59.406Z	DEBUG	middleware/sign_mw.go:47	sign ----------> hW+1wI0R/x66EOYRdIergjJLWdGUqPBrKnM6zz5Qr0g=
        2025/12/03 05:38:59 http: superfluous response.WriteHeader call from github.com/mrPTqp/metrics/internal/server/middleware.(*loggingResponseWriter).WriteHeader (logging_mw.go:30)
        2025-12-03T05:38:59.406Z	INFO	middleware/logging_mw.go:69	uri /value/ method POST duration 445.1µs status 200 size 70
        2025-12-03T05:38:59.506Z	DEBUG	middleware/gzip_mw.go:15	accept encoding value gzip
        2025-12-03T05:38:59.506Z	DEBUG	middleware/gzip_mw.go:17	supports gzip %!b(bool=true)
        2025-12-03T05:38:59.506Z	DEBUG	middleware/gzip_mw.go:19	try compress
        2025-12-03T05:38:59.507Z	INFO	service/base_metrics_service.go:44	Retrieved gauge: RandomValue = 0.490846
        2025-12-03T05:38:59.507Z	INFO	handler/metrics_handler_json.go:173	return gauge metric %s value %fRandomValue0.4908458140365596
        2025-12-03T05:38:59.507Z	DEBUG	middleware/sign_mw.go:47	sign ----------> aR+xitNsjQCwv9u4I5BbNK1KTKyP8OMZ+ghKcUnBzJY=
        2025/12/03 05:38:59 http: superfluous response.WriteHeader call from github.com/mrPTqp/metrics/internal/server/middleware.(*loggingResponseWriter).WriteHeader (logging_mw.go:30)
        2025-12-03T05:38:59.507Z	INFO	middleware/logging_mw.go:69	uri /value/ method POST duration 472.697µs status 200 size 82
        2025-12-03T05:38:59.607Z	DEBUG	middleware/gzip_mw.go:15	accept encoding value gzip
        2025-12-03T05:38:59.607Z	DEBUG	middleware/gzip_mw.go:17	supports gzip %!b(bool=true)
        2025-12-03T05:38:59.607Z	DEBUG	middleware/gzip_mw.go:19	try compress
        2025-12-03T05:38:59.608Z	INFO	service/base_metrics_service.go:44	Retrieved gauge: Alloc = 1341904.000000
        2025-12-03T05:38:59.608Z	INFO	handler/metrics_handler_json.go:173	return gauge metric %s value %fAlloc1.341904e+06
        2025-12-03T05:38:59.608Z	DEBUG	middleware/sign_mw.go:47	sign ----------> xTp24yQonkTNuRurmq+e9lqc43CO7Af5Xbz2lLHWgu8=
        2025/12/03 05:38:59 http: superfluous response.WriteHeader call from github.com/mrPTqp/metrics/internal/server/middleware.(*loggingResponseWriter).WriteHeader (logging_mw.go:30)
        2025-12-03T05:38:59.608Z	INFO	middleware/logging_mw.go:69	uri /value/ method POST duration 836.203µs status 200 size 70
        2025-12-03T05:38:59.709Z	DEBUG	middleware/gzip_mw.go:15	accept encoding value gzip
        2025-12-03T05:38:59.709Z	DEBUG	middleware/gzip_mw.go:17	supports gzip %!b(bool=true)
        2025-12-03T05:38:59.709Z	DEBUG	middleware/gzip_mw.go:19	try compress
        2025-12-03T05:38:59.709Z	INFO	service/base_metrics_service.go:44	Retrieved gauge: Frees = 70.000000
        2025-12-03T05:38:59.709Z	INFO	handler/metrics_handler_json.go:173	return gauge metric %s value %fFrees70
        2025-12-03T05:38:59.709Z	DEBUG	middleware/sign_mw.go:47	sign ----------> uJle0mAH8hU7VxS2Z0YjMgOQMs/8vSAdAgPkQGnpZS0=
        2025/12/03 05:38:59 http: superfluous response.WriteHeader call from github.com/mrPTqp/metrics/internal/server/middleware.(*loggingResponseWriter).WriteHeader (logging_mw.go:30)
        2025-12-03T05:38:59.709Z	INFO	middleware/logging_mw.go:69	uri /value/ method POST duration 533.656µs status 200 size 65
        2025-12-03T05:38:59.810Z	DEBUG	middleware/gzip_mw.go:15	accept encoding value gzip
        2025-12-03T05:38:59.810Z	DEBUG	middleware/gzip_mw.go:17	supports gzip %!b(bool=true)
        2025-12-03T05:38:59.810Z	DEBUG	middleware/gzip_mw.go:19	try compress
        2025-12-03T05:38:59.811Z	INFO	service/base_metrics_service.go:44	Retrieved gauge: HeapAlloc = 1341904.000000
        2025-12-03T05:38:59.811Z	INFO	handler/metrics_handler_json.go:173	return gauge metric %s value %fHeapAlloc1.341904e+06
        2025-12-03T05:38:59.811Z	DEBUG	middleware/sign_mw.go:47	sign ----------> wx/B5OVIzNdcl1PTB8RupD/YZjb4xHIQ+gYD/neHjA0=
        2025/12/03 05:38:59 http: superfluous response.WriteHeader call from github.com/mrPTqp/metrics/internal/server/middleware.(*loggingResponseWriter).WriteHeader (logging_mw.go:30)
        2025-12-03T05:38:59.811Z	INFO	middleware/logging_mw.go:69	uri /value/ method POST duration 555.013µs status 200 size 74
        2025-12-03T05:38:59.911Z	DEBUG	middleware/gzip_mw.go:15	accept encoding value gzip
        2025-12-03T05:38:59.911Z	DEBUG	middleware/gzip_mw.go:17	supports gzip %!b(bool=true)
        2025-12-03T05:38:59.911Z	DEBUG	middleware/gzip_mw.go:19	try compress
        2025-12-03T05:38:59.912Z	INFO	service/base_metrics_service.go:44	Retrieved gauge: HeapIdle = 1875968.000000
        2025-12-03T05:38:59.912Z	INFO	handler/metrics_handler_json.go:173	return gauge metric %s value %fHeapIdle1.875968e+06
        2025-12-03T05:38:59.912Z	DEBUG	middleware/sign_mw.go:47	sign ----------> Z1RzU7z2hAlwykMhV5Cv1AkgFn5T7UZ+inlrkFzF5nI=
        2025/12/03 05:38:59 http: superfluous response.WriteHeader call from github.com/mrPTqp/metrics/internal/server/middleware.(*loggingResponseWriter).WriteHeader (logging_mw.go:30)
        2025-12-03T05:38:59.912Z	INFO	middleware/logging_mw.go:69	uri /value/ method POST duration 846.703µs status 200 size 71
        2025-12-03T05:39:00.013Z	DEBUG	middleware/gzip_mw.go:15	accept encoding value gzip
        2025-12-03T05:39:00.013Z	DEBUG	middleware/gzip_mw.go:17	supports gzip %!b(bool=true)
        2025-12-03T05:39:00.013Z	DEBUG	middleware/gzip_mw.go:19	try compress
        2025-12-03T05:39:00.013Z	INFO	service/base_metrics_service.go:44	Retrieved gauge: HeapInuse = 1990656.000000
        2025-12-03T05:39:00.014Z	INFO	handler/metrics_handler_json.go:173	return gauge metric %s value %fHeapInuse1.990656e+06
        2025-12-03T05:39:00.014Z	DEBUG	middleware/sign_mw.go:47	sign ----------> cU8/wHTRLepbt4LH+LCZ5XkJmXUJpIUOGzh7rgA9d2Q=
        2025/12/03 05:39:00 http: superfluous response.WriteHeader call from github.com/mrPTqp/metrics/internal/server/middleware.(*loggingResponseWriter).WriteHeader (logging_mw.go:30)
        2025-12-03T05:39:00.014Z	INFO	middleware/logging_mw.go:69	uri /value/ method POST duration 566.631µs status 200 size 72
        2025-12-03T05:39:00.115Z	DEBUG	middleware/gzip_mw.go:15	accept encoding value gzip
        2025-12-03T05:39:00.115Z	DEBUG	middleware/gzip_mw.go:17	supports gzip %!b(bool=true)
        2025-12-03T05:39:00.115Z	DEBUG	middleware/gzip_mw.go:19	try compress
        2025-12-03T05:39:00.115Z	INFO	service/base_metrics_service.go:44	Retrieved gauge: HeapObjects = 1293.000000
        2025-12-03T05:39:00.115Z	INFO	handler/metrics_handler_json.go:173	return gauge metric %s value %fHeapObjects1293
        2025-12-03T05:39:00.115Z	DEBUG	middleware/sign_mw.go:47	sign ----------> 4EiAMOd5555wTbRPIGsdfPtkh2q/jiN2Xu1xy12v5lo=
        2025/12/03 05:39:00 http: superfluous response.WriteHeader call from github.com/mrPTqp/metrics/internal/server/middleware.(*loggingResponseWriter).WriteHeader (logging_mw.go:30)
        2025-12-03T05:39:00.115Z	INFO	middleware/logging_mw.go:69	uri /value/ method POST duration 533.336µs status 200 size 73
        2025-12-03T05:39:00.216Z	DEBUG	middleware/gzip_mw.go:15	accept encoding value gzip
        2025-12-03T05:39:00.216Z	DEBUG	middleware/gzip_mw.go:17	supports gzip %!b(bool=true)
        2025-12-03T05:39:00.216Z	DEBUG	middleware/gzip_mw.go:19	try compress
        2025-12-03T05:39:00.216Z	INFO	service/base_metrics_service.go:44	Retrieved gauge: Mallocs = 1363.000000
        2025-12-03T05:39:00.217Z	INFO	handler/metrics_handler_json.go:173	return gauge metric %s value %fMallocs1363
        2025-12-03T05:39:00.217Z	DEBUG	middleware/sign_mw.go:47	sign ----------> 3Lne+qLyIgpBLs4GXy1i+B6Sl24zNsQS8XvcuW9Tazg=
        2025/12/03 05:39:00 http: superfluous response.WriteHeader call from github.com/mrPTqp/metrics/internal/server/middleware.(*loggingResponseWriter).WriteHeader (logging_mw.go:30)
        2025-12-03T05:39:00.217Z	INFO	middleware/logging_mw.go:69	uri /value/ method POST duration 924.232µs status 200 size 69
        2025-12-03T05:39:00.318Z	DEBUG	middleware/gzip_mw.go:15	accept encoding value gzip
        2025-12-03T05:39:00.318Z	DEBUG	middleware/gzip_mw.go:17	supports gzip %!b(bool=true)
        2025-12-03T05:39:00.318Z	DEBUG	middleware/gzip_mw.go:19	try compress
        2025-12-03T05:39:00.318Z	INFO	service/base_metrics_service.go:44	Retrieved gauge: TotalAlloc = 1341904.000000
        2025-12-03T05:39:00.318Z	INFO	handler/metrics_handler_json.go:173	return gauge metric %s value %fTotalAlloc1.341904e+06
        2025-12-03T05:39:00.318Z	DEBUG	middleware/sign_mw.go:47	sign ----------> v+tB4NqhJyc/zpyPLLM5KoZjQ7QBs3Uz6XRrHwQlmdM=
        2025/12/03 05:39:00 http: superfluous response.WriteHeader call from github.com/mrPTqp/metrics/internal/server/middleware.(*loggingResponseWriter).WriteHeader (logging_mw.go:30)
        2025-12-03T05:39:00.318Z	INFO	middleware/logging_mw.go:69	uri /value/ method POST duration 526.373µs status 200 size 75
        2025-12-03T05:39:00.419Z	DEBUG	middleware/gzip_mw.go:15	accept encoding value gzip
        2025-12-03T05:39:00.419Z	DEBUG	middleware/gzip_mw.go:17	supports gzip %!b(bool=true)
        2025-12-03T05:39:00.419Z	DEBUG	middleware/gzip_mw.go:19	try compress
        2025-12-03T05:39:00.419Z	INFO	service/base_metrics_service.go:53	Retrieved counter: PollCount = 474
        2025-12-03T05:39:00.419Z	INFO	handler/metrics_handler_json.go:190	return counter metric %s value %dPollCount474
        2025-12-03T05:39:00.419Z	DEBUG	middleware/sign_mw.go:47	sign ----------> hW+1wI0R/x66EOYRdIergjJLWdGUqPBrKnM6zz5Qr0g=
        2025/12/03 05:39:00 http: superfluous response.WriteHeader call from github.com/mrPTqp/metrics/internal/server/middleware.(*loggingResponseWriter).WriteHeader (logging_mw.go:30)
        2025-12-03T05:39:00.419Z	INFO	middleware/logging_mw.go:69	uri /value/ method POST duration 537.399µs status 200 size 70
        2025-12-03T05:39:00.520Z	DEBUG	middleware/gzip_mw.go:15	accept encoding value gzip
        2025-12-03T05:39:00.520Z	DEBUG	middleware/gzip_mw.go:17	supports gzip %!b(bool=true)
        2025-12-03T05:39:00.520Z	DEBUG	middleware/gzip_mw.go:19	try compress
        2025-12-03T05:39:00.520Z	INFO	service/base_metrics_service.go:44	Retrieved gauge: RandomValue = 0.490846
        2025-12-03T05:39:00.521Z	INFO	handler/metrics_handler_json.go:173	return gauge metric %s value %fRandomValue0.4908458140365596
        2025-12-03T05:39:00.521Z	DEBUG	middleware/sign_mw.go:47	sign ----------> aR+xitNsjQCwv9u4I5BbNK1KTKyP8OMZ+ghKcUnBzJY=
        2025/12/03 05:39:00 http: superfluous response.WriteHeader call from github.com/mrPTqp/metrics/internal/server/middleware.(*loggingResponseWriter).WriteHeader (logging_mw.go:30)
        2025-12-03T05:39:00.521Z	INFO	middleware/logging_mw.go:69	uri /value/ method POST duration 886.657µs status 200 size 82
        2025-12-03T05:39:00.622Z	DEBUG	middleware/gzip_mw.go:15	accept encoding value gzip
        2025-12-03T05:39:00.622Z	DEBUG	middleware/gzip_mw.go:17	supports gzip %!b(bool=true)
        2025-12-03T05:39:00.622Z	DEBUG	middleware/gzip_mw.go:19	try compress
        2025-12-03T05:39:00.622Z	INFO	service/base_metrics_service.go:44	Retrieved gauge: Alloc = 1341904.000000
        2025-12-03T05:39:00.622Z	INFO	handler/metrics_handler_json.go:173	return gauge metric %s value %fAlloc1.341904e+06
        2025-12-03T05:39:00.622Z	DEBUG	middleware/sign_mw.go:47	sign ----------> xTp24yQonkTNuRurmq+e9lqc43CO7Af5Xbz2lLHWgu8=
        2025/12/03 05:39:00 http: superfluous response.WriteHeader call from github.com/mrPTqp/metrics/internal/server/middleware.(*loggingResponseWriter).WriteHeader (logging_mw.go:30)
        2025-12-03T05:39:00.622Z	INFO	middleware/logging_mw.go:69	uri /value/ method POST duration 529.05µs status 200 size 70
        2025-12-03T05:39:00.723Z	DEBUG	middleware/gzip_mw.go:15	accept encoding value gzip
        2025-12-03T05:39:00.723Z	DEBUG	middleware/gzip_mw.go:17	supports gzip %!b(bool=true)
        2025-12-03T05:39:00.723Z	DEBUG	middleware/gzip_mw.go:19	try compress
        2025-12-03T05:39:00.723Z	INFO	service/base_metrics_service.go:44	Retrieved gauge: Frees = 70.000000
        2025-12-03T05:39:00.723Z	INFO	handler/metrics_handler_json.go:173	return gauge metric %s value %fFrees70
        2025-12-03T05:39:00.723Z	DEBUG	middleware/sign_mw.go:47	sign ----------> uJle0mAH8hU7VxS2Z0YjMgOQMs/8vSAdAgPkQGnpZS0=
        2025/12/03 05:39:00 http: superfluous response.WriteHeader call from github.com/mrPTqp/metrics/internal/server/middleware.(*loggingResponseWriter).WriteHeader (logging_mw.go:30)
        2025-12-03T05:39:00.724Z	INFO	middleware/logging_mw.go:69	uri /value/ method POST duration 565.025µs status 200 size 65
        2025-12-03T05:39:00.824Z	DEBUG	middleware/gzip_mw.go:15	accept encoding value gzip
        2025-12-03T05:39:00.824Z	DEBUG	middleware/gzip_mw.go:17	supports gzip %!b(bool=true)
        2025-12-03T05:39:00.824Z	DEBUG	middleware/gzip_mw.go:19	try compress
        2025-12-03T05:39:00.824Z	INFO	service/base_metrics_service.go:44	Retrieved gauge: HeapAlloc = 1341904.000000
        2025-12-03T05:39:00.825Z	INFO	handler/metrics_handler_json.go:173	return gauge metric %s value %fHeapAlloc1.341904e+06
        2025-12-03T05:39:00.825Z	DEBUG	middleware/sign_mw.go:47	sign ----------> wx/B5OVIzNdcl1PTB8RupD/YZjb4xHIQ+gYD/neHjA0=
        2025/12/03 05:39:00 http: superfluous response.WriteHeader call from github.com/mrPTqp/metrics/internal/server/middleware.(*loggingResponseWriter).WriteHeader (logging_mw.go:30)
        2025-12-03T05:39:00.825Z	INFO	middleware/logging_mw.go:69	uri /value/ method POST duration 753.663µs status 200 size 74
        2025-12-03T05:39:00.833Z	INFO	signer/signer.go:38	signature mismatch:
        expected: hkj7slS0hBCYldykLRS4+4Hpbgo4W6n/0od3k8PcwEg=
        received: 82omHTww3kst4XmzHDotyPjxrUrwnAzGxQq601ISwXM=
        2025-12-03T05:39:00.833Z	WARN	middleware/sign_mw.go:36	invalid signature in request
        main.main.func1.SignMiddleware.1
        	/__w/metrics/metrics/internal/server/middleware/sign_mw.go:36
        net/http.HandlerFunc.ServeHTTP
        	/usr/local/go/src/net/http/server.go:2294
        github.com/mrPTqp/metrics/internal/server/middleware.LoggingMiddleware.func1
        	/__w/metrics/metrics/internal/server/middleware/logging_mw.go:78
        net/http.HandlerFunc.ServeHTTP
        	/usr/local/go/src/net/http/server.go:2294
        github.com/go-chi/chi/v5.(*Mux).routeHTTP
        	/go/pkg/mod/github.com/go-chi/chi/v5@v5.2.3/mux.go:477
        net/http.HandlerFunc.ServeHTTP
        	/usr/local/go/src/net/http/server.go:2294
        github.com/go-chi/chi/v5.(*Mux).ServeHTTP
        	/go/pkg/mod/github.com/go-chi/chi/v5@v5.2.3/mux.go:73
        github.com/go-chi/chi/v5.(*Mux).Mount.func1
        	/go/pkg/mod/github.com/go-chi/chi/v5@v5.2.3/mux.go:321
        net/http.HandlerFunc.ServeHTTP
        	/usr/local/go/src/net/http/server.go:2294
        github.com/go-chi/chi/v5.(*Mux).routeHTTP
        	/go/pkg/mod/github.com/go-chi/chi/v5@v5.2.3/mux.go:477
        net/http.HandlerFunc.ServeHTTP
        	/usr/local/go/src/net/http/server.go:2294
        github.com/go-chi/chi/v5.(*Mux).ServeHTTP
        	/go/pkg/mod/github.com/go-chi/chi/v5@v5.2.3/mux.go:90
        net/http.serverHandler.ServeHTTP
        	/usr/local/go/src/net/http/server.go:3301
        net/http.(*conn).serve
        	/usr/local/go/src/net/http/server.go:2102
        2025-12-03T05:39:00.833Z	INFO	middleware/logging_mw.go:69	uri /updates method POST duration 72.495µs status 400 size 30
        2025-12-03T05:39:00.926Z	DEBUG	middleware/gzip_mw.go:15	accept encoding value gzip
        2025-12-03T05:39:00.926Z	DEBUG	middleware/gzip_mw.go:17	supports gzip %!b(bool=true)
        2025-12-03T05:39:00.926Z	DEBUG	middleware/gzip_mw.go:19	try compress
        2025-12-03T05:39:00.926Z	INFO	service/base_metrics_service.go:44	Retrieved gauge: HeapIdle = 1875968.000000
        2025-12-03T05:39:00.926Z	INFO	handler/metrics_handler_json.go:173	return gauge metric %s value %fHeapIdle1.875968e+06
        2025-12-03T05:39:00.926Z	DEBUG	middleware/sign_mw.go:47	sign ----------> Z1RzU7z2hAlwykMhV5Cv1AkgFn5T7UZ+inlrkFzF5nI=
        2025/12/03 05:39:00 http: superfluous response.WriteHeader call from github.com/mrPTqp/metrics/internal/server/middleware.(*loggingResponseWriter).WriteHeader (logging_mw.go:30)
        2025-12-03T05:39:00.927Z	INFO	middleware/logging_mw.go:69	uri /value/ method POST duration 346.204µs status 200 size 71
        2025-12-03T05:39:01.027Z	DEBUG	middleware/gzip_mw.go:15	accept encoding value gzip
        2025-12-03T05:39:01.027Z	DEBUG	middleware/gzip_mw.go:17	supports gzip %!b(bool=true)
        2025-12-03T05:39:01.027Z	DEBUG	middleware/gzip_mw.go:19	try compress
        2025-12-03T05:39:01.027Z	INFO	service/base_metrics_service.go:44	Retrieved gauge: HeapInuse = 1990656.000000
        2025-12-03T05:39:01.028Z	INFO	handler/metrics_handler_json.go:173	return gauge metric %s value %fHeapInuse1.990656e+06
        2025-12-03T05:39:01.028Z	DEBUG	middleware/sign_mw.go:47	sign ----------> cU8/wHTRLepbt4LH+LCZ5XkJmXUJpIUOGzh7rgA9d2Q=
        2025/12/03 05:39:01 http: superfluous response.WriteHeader call from github.com/mrPTqp/metrics/internal/server/middleware.(*loggingResponseWriter).WriteHeader (logging_mw.go:30)
        2025-12-03T05:39:01.028Z	INFO	middleware/logging_mw.go:69	uri /value/ method POST duration 522.806µs status 200 size 72
        2025-12-03T05:39:01.128Z	DEBUG	middleware/gzip_mw.go:15	accept encoding value gzip
        2025-12-03T05:39:01.128Z	DEBUG	middleware/gzip_mw.go:17	supports gzip %!b(bool=true)
        2025-12-03T05:39:01.128Z	DEBUG	middleware/gzip_mw.go:19	try compress
        2025-12-03T05:39:01.129Z	INFO	service/base_metrics_service.go:44	Retrieved gauge: HeapObjects = 1293.000000
        2025-12-03T05:39:01.129Z	INFO	handler/metrics_handler_json.go:173	return gauge metric %s value %fHeapObjects1293
        2025-12-03T05:39:01.129Z	DEBUG	middleware/sign_mw.go:47	sign ----------> 4EiAMOd5555wTbRPIGsdfPtkh2q/jiN2Xu1xy12v5lo=
        2025/12/03 05:39:01 http: superfluous response.WriteHeader call from github.com/mrPTqp/metrics/internal/server/middleware.(*loggingResponseWriter).WriteHeader (logging_mw.go:30)
        2025-12-03T05:39:01.129Z	INFO	middleware/logging_mw.go:69	uri /value/ method POST duration 932.305µs status 200 size 73
        2025-12-03T05:39:01.230Z	DEBUG	middleware/gzip_mw.go:15	accept encoding value gzip
        2025-12-03T05:39:01.230Z	DEBUG	middleware/gzip_mw.go:17	supports gzip %!b(bool=true)
        2025-12-03T05:39:01.230Z	DEBUG	middleware/gzip_mw.go:19	try compress
        2025-12-03T05:39:01.230Z	INFO	service/base_metrics_service.go:44	Retrieved gauge: Mallocs = 1363.000000
        2025-12-03T05:39:01.230Z	INFO	handler/metrics_handler_json.go:173	return gauge metric %s value %fMallocs1363
        2025-12-03T05:39:01.230Z	DEBUG	middleware/sign_mw.go:47	sign ----------> 3Lne+qLyIgpBLs4GXy1i+B6Sl24zNsQS8XvcuW9Tazg=
        2025/12/03 05:39:01 http: superfluous response.WriteHeader call from github.com/mrPTqp/metrics/internal/server/middleware.(*loggingResponseWriter).WriteHeader (logging_mw.go:30)
        2025-12-03T05:39:01.230Z	INFO	middleware/logging_mw.go:69	uri /value/ method POST duration 512.596µs status 200 size 69
        2025-12-03T05:39:01.331Z	DEBUG	middleware/gzip_mw.go:15	accept encoding value gzip
        2025-12-03T05:39:01.331Z	DEBUG	middleware/gzip_mw.go:17	supports gzip %!b(bool=true)
        2025-12-03T05:39:01.331Z	DEBUG	middleware/gzip_mw.go:19	try compress
        2025-12-03T05:39:01.331Z	INFO	service/base_metrics_service.go:44	Retrieved gauge: TotalAlloc = 1341904.000000
        2025-12-03T05:39:01.331Z	INFO	handler/metrics_handler_json.go:173	return gauge metric %s value %fTotalAlloc1.341904e+06
        2025-12-03T05:39:01.331Z	DEBUG	middleware/sign_mw.go:47	sign ----------> v+tB4NqhJyc/zpyPLLM5KoZjQ7QBs3Uz6XRrHwQlmdM=
        2025/12/03 05:39:01 http: superfluous response.WriteHeader call from github.com/mrPTqp/metrics/internal/server/middleware.(*loggingResponseWriter).WriteHeader (logging_mw.go:30)
        2025-12-03T05:39:01.331Z	INFO	middleware/logging_mw.go:69	uri /value/ method POST duration 346.455µs status 200 size 75
        2025-12-03T05:39:01.432Z	DEBUG	middleware/gzip_mw.go:15	accept encoding value gzip
        2025-12-03T05:39:01.432Z	DEBUG	middleware/gzip_mw.go:17	supports gzip %!b(bool=true)
        2025-12-03T05:39:01.432Z	DEBUG	middleware/gzip_mw.go:19	try compress
        2025-12-03T05:39:01.432Z	INFO	service/base_metrics_service.go:53	Retrieved counter: PollCount = 474
        2025-12-03T05:39:01.433Z	INFO	handler/metrics_handler_json.go:190	return counter metric %s value %dPollCount474
        2025-12-03T05:39:01.433Z	DEBUG	middleware/sign_mw.go:47	sign ----------> hW+1wI0R/x66EOYRdIergjJLWdGUqPBrKnM6zz5Qr0g=
        2025/12/03 05:39:01 http: superfluous response.WriteHeader call from github.com/mrPTqp/metrics/internal/server/middleware.(*loggingResponseWriter).WriteHeader (logging_mw.go:30)
        2025-12-03T05:39:01.433Z	INFO	middleware/logging_mw.go:69	uri /value/ method POST duration 781.563µs status 200 size 70
        2025-12-03T05:39:01.533Z	DEBUG	middleware/gzip_mw.go:15	accept encoding value gzip
        2025-12-03T05:39:01.533Z	DEBUG	middleware/gzip_mw.go:17	supports gzip %!b(bool=true)
        2025-12-03T05:39:01.533Z	DEBUG	middleware/gzip_mw.go:19	try compress
        2025-12-03T05:39:01.533Z	INFO	service/base_metrics_service.go:44	Retrieved gauge: RandomValue = 0.490846
        2025-12-03T05:39:01.534Z	INFO	handler/metrics_handler_json.go:173	return gauge metric %s value %fRandomValue0.4908458140365596
        2025-12-03T05:39:01.534Z	DEBUG	middleware/sign_mw.go:47	sign ----------> aR+xitNsjQCwv9u4I5BbNK1KTKyP8OMZ+ghKcUnBzJY=
        2025/12/03 05:39:01 http: superfluous response.WriteHeader call from github.com/mrPTqp/metrics/internal/server/middleware.(*loggingResponseWriter).WriteHeader (logging_mw.go:30)
        2025-12-03T05:39:01.534Z	INFO	middleware/logging_mw.go:69	uri /value/ method POST duration 427.877µs status 200 size 82
        2025-12-03T05:39:01.634Z	DEBUG	middleware/gzip_mw.go:15	accept encoding value gzip
        2025-12-03T05:39:01.634Z	DEBUG	middleware/gzip_mw.go:17	supports gzip %!b(bool=true)
        2025-12-03T05:39:01.634Z	DEBUG	middleware/gzip_mw.go:19	try compress
        2025-12-03T05:39:01.634Z	INFO	service/base_metrics_service.go:44	Retrieved gauge: Alloc = 1341904.000000
        2025-12-03T05:39:01.635Z	INFO	handler/metrics_handler_json.go:173	return gauge metric %s value %fAlloc1.341904e+06
        2025-12-03T05:39:01.635Z	DEBUG	middleware/sign_mw.go:47	sign ----------> xTp24yQonkTNuRurmq+e9lqc43CO7Af5Xbz2lLHWgu8=
        2025/12/03 05:39:01 http: superfluous response.WriteHeader call from github.com/mrPTqp/metrics/internal/server/middleware.(*loggingResponseWriter).WriteHeader (logging_mw.go:30)
        2025-12-03T05:39:01.635Z	INFO	middleware/logging_mw.go:69	uri /value/ method POST duration 368.715µs status 200 size 70
        2025-12-03T05:39:01.735Z	DEBUG	middleware/gzip_mw.go:15	accept encoding value gzip
        2025-12-03T05:39:01.735Z	DEBUG	middleware/gzip_mw.go:17	supports gzip %!b(bool=true)
        2025-12-03T05:39:01.735Z	DEBUG	middleware/gzip_mw.go:19	try compress
        2025-12-03T05:39:01.735Z	INFO	service/base_metrics_service.go:44	Retrieved gauge: Frees = 70.000000
        2025-12-03T05:39:01.736Z	INFO	handler/metrics_handler_json.go:173	return gauge metric %s value %fFrees70
        2025-12-03T05:39:01.736Z	DEBUG	middleware/sign_mw.go:47	sign ----------> uJle0mAH8hU7VxS2Z0YjMgOQMs/8vSAdAgPkQGnpZS0=
        2025/12/03 05:39:01 http: superfluous response.WriteHeader call from github.com/mrPTqp/metrics/internal/server/middleware.(*loggingResponseWriter).WriteHeader (logging_mw.go:30)
        2025-12-03T05:39:01.736Z	INFO	middleware/logging_mw.go:69	uri /value/ method POST duration 666.513µs status 200 size 65
        2025-12-03T05:39:01.836Z	DEBUG	middleware/gzip_mw.go:15	accept encoding value gzip
        2025-12-03T05:39:01.836Z	DEBUG	middleware/gzip_mw.go:17	supports gzip %!b(bool=true)
        2025-12-03T05:39:01.836Z	DEBUG	middleware/gzip_mw.go:19	try compress
        2025-12-03T05:39:01.836Z	INFO	service/base_metrics_service.go:44	Retrieved gauge: HeapAlloc = 1341904.000000
        2025-12-03T05:39:01.837Z	INFO	handler/metrics_handler_json.go:173	return gauge metric %s value %fHeapAlloc1.341904e+06
        2025-12-03T05:39:01.837Z	DEBUG	middleware/sign_mw.go:47	sign ----------> wx/B5OVIzNdcl1PTB8RupD/YZjb4xHIQ+gYD/neHjA0=
        2025/12/03 05:39:01 http: superfluous response.WriteHeader call from github.com/mrPTqp/metrics/internal/server/middleware.(*loggingResponseWriter).WriteHeader (logging_mw.go:30)
        2025-12-03T05:39:01.837Z	INFO	middleware/logging_mw.go:69	uri /value/ method POST duration 357.572µs status 200 size 74
        2025-12-03T05:39:01.937Z	DEBUG	middleware/gzip_mw.go:15	accept encoding value gzip
        2025-12-03T05:39:01.937Z	DEBUG	middleware/gzip_mw.go:17	supports gzip %!b(bool=true)
        2025-12-03T05:39:01.937Z	DEBUG	middleware/gzip_mw.go:19	try compress
        2025-12-03T05:39:01.938Z	INFO	service/base_metrics_service.go:44	Retrieved gauge: HeapIdle = 1875968.000000
        2025-12-03T05:39:01.938Z	INFO	handler/metrics_handler_json.go:173	return gauge metric %s value %fHeapIdle1.875968e+06
        2025-12-03T05:39:01.938Z	DEBUG	middleware/sign_mw.go:47	sign ----------> Z1RzU7z2hAlwykMhV5Cv1AkgFn5T7UZ+inlrkFzF5nI=
        2025/12/03 05:39:01 http: superfluous response.WriteHeader call from github.com/mrPTqp/metrics/internal/server/middleware.(*loggingResponseWriter).WriteHeader (logging_mw.go:30)
        2025-12-03T05:39:01.938Z	INFO	middleware/logging_mw.go:69	uri /value/ method POST duration 536.719µs status 200 size 71
        2025-12-03T05:39:02.039Z	DEBUG	middleware/gzip_mw.go:15	accept encoding value gzip
        2025-12-03T05:39:02.039Z	DEBUG	middleware/gzip_mw.go:17	supports gzip %!b(bool=true)
        2025-12-03T05:39:02.039Z	DEBUG	middleware/gzip_mw.go:19	try compress
        2025-12-03T05:39:02.039Z	INFO	service/base_metrics_service.go:44	Retrieved gauge: HeapInuse = 1990656.000000
        2025-12-03T05:39:02.039Z	INFO	handler/metrics_handler_json.go:173	return gauge metric %s value %fHeapInuse1.990656e+06
        2025-12-03T05:39:02.039Z	DEBUG	middleware/sign_mw.go:47	sign ----------> cU8/wHTRLepbt4LH+LCZ5XkJmXUJpIUOGzh7rgA9d2Q=
        2025/12/03 05:39:02 http: superfluous response.WriteHeader call from github.com/mrPTqp/metrics/internal/server/middleware.(*loggingResponseWriter).WriteHeader (logging_mw.go:30)
        2025-12-03T05:39:02.039Z	INFO	middleware/logging_mw.go:69	uri /value/ method POST duration 765.693µs status 200 size 72
        2025-12-03T05:39:02.140Z	DEBUG	middleware/gzip_mw.go:15	accept encoding value gzip
        2025-12-03T05:39:02.140Z	DEBUG	middleware/gzip_mw.go:17	supports gzip %!b(bool=true)
        2025-12-03T05:39:02.140Z	DEBUG	middleware/gzip_mw.go:19	try compress
        2025-12-03T05:39:02.141Z	INFO	service/base_metrics_service.go:44	Retrieved gauge: HeapObjects = 1293.000000
        2025-12-03T05:39:02.141Z	INFO	handler/metrics_handler_json.go:173	return gauge metric %s value %fHeapObjects1293
        2025-12-03T05:39:02.141Z	DEBUG	middleware/sign_mw.go:47	sign ----------> 4EiAMOd5555wTbRPIGsdfPtkh2q/jiN2Xu1xy12v5lo=
        2025/12/03 05:39:02 http: superfluous response.WriteHeader call from github.com/mrPTqp/metrics/internal/server/middleware.(*loggingResponseWriter).WriteHeader (logging_mw.go:30)
        2025-12-03T05:39:02.141Z	INFO	middleware/logging_mw.go:69	uri /value/ method POST duration 555.582µs status 200 size 73
        2025-12-03T05:39:02.242Z	DEBUG	middleware/gzip_mw.go:15	accept encoding value gzip
        2025-12-03T05:39:02.242Z	DEBUG	middleware/gzip_mw.go:17	supports gzip %!b(bool=true)
        2025-12-03T05:39:02.242Z	DEBUG	middleware/gzip_mw.go:19	try compress
        2025-12-03T05:39:02.242Z	INFO	service/base_metrics_service.go:44	Retrieved gauge: Mallocs = 1363.000000
        2025-12-03T05:39:02.242Z	INFO	handler/metrics_handler_json.go:173	return gauge metric %s value %fMallocs1363
        2025-12-03T05:39:02.242Z	DEBUG	middleware/sign_mw.go:47	sign ----------> 3Lne+qLyIgpBLs4GXy1i+B6Sl24zNsQS8XvcuW9Tazg=
        2025/12/03 05:39:02 http: superfluous response.WriteHeader call from github.com/mrPTqp/metrics/internal/server/middleware.(*loggingResponseWriter).WriteHeader (logging_mw.go:30)
        2025-12-03T05:39:02.242Z	INFO	middleware/logging_mw.go:69	uri /value/ method POST duration 537.643µs status 200 size 69
        2025-12-03T05:39:02.343Z	DEBUG	middleware/gzip_mw.go:15	accept encoding value gzip
        2025-12-03T05:39:02.343Z	DEBUG	middleware/gzip_mw.go:17	supports gzip %!b(bool=true)
        2025-12-03T05:39:02.343Z	DEBUG	middleware/gzip_mw.go:19	try compress
        2025-12-03T05:39:02.343Z	INFO	service/base_metrics_service.go:44	Retrieved gauge: TotalAlloc = 1341904.000000
        2025-12-03T05:39:02.344Z	INFO	handler/metrics_handler_json.go:173	return gauge metric %s value %fTotalAlloc1.341904e+06
        2025-12-03T05:39:02.344Z	DEBUG	middleware/sign_mw.go:47	sign ----------> v+tB4NqhJyc/zpyPLLM5KoZjQ7QBs3Uz6XRrHwQlmdM=
        2025/12/03 05:39:02 http: superfluous response.WriteHeader call from github.com/mrPTqp/metrics/internal/server/middleware.(*loggingResponseWriter).WriteHeader (logging_mw.go:30)
        2025-12-03T05:39:02.344Z	INFO	middleware/logging_mw.go:69	uri /value/ method POST duration 878.577µs status 200 size 75
        2025-12-03T05:39:02.444Z	DEBUG	middleware/gzip_mw.go:15	accept encoding value gzip
        2025-12-03T05:39:02.444Z	DEBUG	middleware/gzip_mw.go:17	supports gzip %!b(bool=true)
        2025-12-03T05:39:02.444Z	DEBUG	middleware/gzip_mw.go:19	try compress
        2025-12-03T05:39:02.445Z	INFO	service/base_metrics_service.go:53	Retrieved counter: PollCount = 474
        2025-12-03T05:39:02.445Z	INFO	handler/metrics_handler_json.go:190	return counter metric %s value %dPollCount474
        2025-12-03T05:39:02.445Z	DEBUG	middleware/sign_mw.go:47	sign ----------> hW+1wI0R/x66EOYRdIergjJLWdGUqPBrKnM6zz5Qr0g=
        2025/12/03 05:39:02 http: superfluous response.WriteHeader call from github.com/mrPTqp/metrics/internal/server/middleware.(*loggingResponseWriter).WriteHeader (logging_mw.go:30)
        2025-12-03T05:39:02.445Z	INFO	middleware/logging_mw.go:69	uri /value/ method POST duration 551.237µs status 200 size 70
        2025-12-03T05:39:02.546Z	DEBUG	middleware/gzip_mw.go:15	accept encoding value gzip
        2025-12-03T05:39:02.546Z	DEBUG	middleware/gzip_mw.go:17	supports gzip %!b(bool=true)
        2025-12-03T05:39:02.546Z	DEBUG	middleware/gzip_mw.go:19	try compress
        2025-12-03T05:39:02.546Z	INFO	service/base_metrics_service.go:44	Retrieved gauge: RandomValue = 0.490846
        2025-12-03T05:39:02.546Z	INFO	handler/metrics_handler_json.go:173	return gauge metric %s value %fRandomValue0.4908458140365596
        2025-12-03T05:39:02.546Z	DEBUG	middleware/sign_mw.go:47	sign ----------> aR+xitNsjQCwv9u4I5BbNK1KTKyP8OMZ+ghKcUnBzJY=
        2025/12/03 05:39:02 http: superfluous response.WriteHeader call from github.com/mrPTqp/metrics/internal/server/middleware.(*loggingResponseWriter).WriteHeader (logging_mw.go:30)
        2025-12-03T05:39:02.546Z	INFO	middleware/logging_mw.go:69	uri /value/ method POST duration 432.502µs status 200 size 82
        2025-12-03T05:39:02.647Z	DEBUG	middleware/gzip_mw.go:15	accept encoding value gzip
        2025-12-03T05:39:02.647Z	DEBUG	middleware/gzip_mw.go:17	supports gzip %!b(bool=true)
        2025-12-03T05:39:02.647Z	DEBUG	middleware/gzip_mw.go:19	try compress
        2025-12-03T05:39:02.647Z	INFO	service/base_metrics_service.go:44	Retrieved gauge: Alloc = 1341904.000000
        2025-12-03T05:39:02.647Z	INFO	handler/metrics_handler_json.go:173	return gauge metric %s value %fAlloc1.341904e+06
        2025-12-03T05:39:02.647Z	DEBUG	middleware/sign_mw.go:47	sign ----------> xTp24yQonkTNuRurmq+e9lqc43CO7Af5Xbz2lLHWgu8=
        2025/12/03 05:39:02 http: superfluous response.WriteHeader call from github.com/mrPTqp/metrics/internal/server/middleware.(*loggingResponseWriter).WriteHeader (logging_mw.go:30)
        2025-12-03T05:39:02.647Z	INFO	middleware/logging_mw.go:69	uri /value/ method POST duration 713.616µs status 200 size 70
        2025-12-03T05:39:02.748Z	DEBUG	middleware/gzip_mw.go:15	accept encoding value gzip
        2025-12-03T05:39:02.748Z	DEBUG	middleware/gzip_mw.go:17	supports gzip %!b(bool=true)
        2025-12-03T05:39:02.748Z	DEBUG	middleware/gzip_mw.go:19	try compress
        2025-12-03T05:39:02.748Z	INFO	service/base_metrics_service.go:44	Retrieved gauge: Frees = 70.000000
        2025-12-03T05:39:02.749Z	INFO	handler/metrics_handler_json.go:173	return gauge metric %s value %fFrees70
        2025-12-03T05:39:02.749Z	DEBUG	middleware/sign_mw.go:47	sign ----------> uJle0mAH8hU7VxS2Z0YjMgOQMs/8vSAdAgPkQGnpZS0=
        2025/12/03 05:39:02 http: superfluous response.WriteHeader call from github.com/mrPTqp/metrics/internal/server/middleware.(*loggingResponseWriter).WriteHeader (logging_mw.go:30)
        2025-12-03T05:39:02.749Z	INFO	middleware/logging_mw.go:69	uri /value/ method POST duration 544.434µs status 200 size 65
        2025-12-03T05:39:02.849Z	DEBUG	middleware/gzip_mw.go:15	accept encoding value gzip
        2025-12-03T05:39:02.849Z	DEBUG	middleware/gzip_mw.go:17	supports gzip %!b(bool=true)
        2025-12-03T05:39:02.849Z	DEBUG	middleware/gzip_mw.go:19	try compress
        2025-12-03T05:39:02.850Z	INFO	service/base_metrics_service.go:44	Retrieved gauge: HeapAlloc = 1341904.000000
        2025-12-03T05:39:02.850Z	INFO	handler/metrics_handler_json.go:173	return gauge metric %s value %fHeapAlloc1.341904e+06
        2025-12-03T05:39:02.850Z	DEBUG	middleware/sign_mw.go:47	sign ----------> wx/B5OVIzNdcl1PTB8RupD/YZjb4xHIQ+gYD/neHjA0=
        2025/12/03 05:39:02 http: superfluous response.WriteHeader call from github.com/mrPTqp/metrics/internal/server/middleware.(*loggingResponseWriter).WriteHeader (logging_mw.go:30)
        2025-12-03T05:39:02.850Z	INFO	middleware/logging_mw.go:69	uri /value/ method POST duration 519.877µs status 200 size 74
        2025-12-03T05:39:02.951Z	DEBUG	middleware/gzip_mw.go:15	accept encoding value gzip
        2025-12-03T05:39:02.951Z	DEBUG	middleware/gzip_mw.go:17	supports gzip %!b(bool=true)
        2025-12-03T05:39:02.951Z	DEBUG	middleware/gzip_mw.go:19	try compress
        2025-12-03T05:39:02.951Z	INFO	service/base_metrics_service.go:44	Retrieved gauge: HeapIdle = 1875968.000000
        2025-12-03T05:39:02.952Z	INFO	handler/metrics_handler_json.go:173	return gauge metric %s value %fHeapIdle1.875968e+06
        2025-12-03T05:39:02.952Z	DEBUG	middleware/sign_mw.go:47	sign ----------> Z1RzU7z2hAlwykMhV5Cv1AkgFn5T7UZ+inlrkFzF5nI=
        2025/12/03 05:39:02 http: superfluous response.WriteHeader call from github.com/mrPTqp/metrics/internal/server/middleware.(*loggingResponseWriter).WriteHeader (logging_mw.go:30)
        2025-12-03T05:39:02.952Z	INFO	middleware/logging_mw.go:69	uri /value/ method POST duration 956.019µs status 200 size 71
        2025-12-03T05:39:03.052Z	DEBUG	middleware/gzip_mw.go:15	accept encoding value gzip
        2025-12-03T05:39:03.052Z	DEBUG	middleware/gzip_mw.go:17	supports gzip %!b(bool=true)
        2025-12-03T05:39:03.052Z	DEBUG	middleware/gzip_mw.go:19	try compress
        2025-12-03T05:39:03.053Z	INFO	service/base_metrics_service.go:44	Retrieved gauge: HeapInuse = 1990656.000000
        2025-12-03T05:39:03.053Z	INFO	handler/metrics_handler_json.go:173	return gauge metric %s value %fHeapInuse1.990656e+06
        2025-12-03T05:39:03.053Z	DEBUG	middleware/sign_mw.go:47	sign ----------> cU8/wHTRLepbt4LH+LCZ5XkJmXUJpIUOGzh7rgA9d2Q=
        2025/12/03 05:39:03 http: superfluous response.WriteHeader call from github.com/mrPTqp/metrics/internal/server/middleware.(*loggingResponseWriter).WriteHeader (logging_mw.go:30)
        2025-12-03T05:39:03.053Z	INFO	middleware/logging_mw.go:69	uri /value/ method POST duration 554.224µs status 200 size 72
        2025-12-03T05:39:03.154Z	DEBUG	middleware/gzip_mw.go:15	accept encoding value gzip
        2025-12-03T05:39:03.154Z	DEBUG	middleware/gzip_mw.go:17	supports gzip %!b(bool=true)
        2025-12-03T05:39:03.154Z	DEBUG	middleware/gzip_mw.go:19	try compress
        2025-12-03T05:39:03.154Z	INFO	service/base_metrics_service.go:44	Retrieved gauge: HeapObjects = 1293.000000
        2025-12-03T05:39:03.154Z	INFO	handler/metrics_handler_json.go:173	return gauge metric %s value %fHeapObjects1293
        2025-12-03T05:39:03.154Z	DEBUG	middleware/sign_mw.go:47	sign ----------> 4EiAMOd5555wTbRPIGsdfPtkh2q/jiN2Xu1xy12v5lo=
        2025/12/03 05:39:03 http: superfluous response.WriteHeader call from github.com/mrPTqp/metrics/internal/server/middleware.(*loggingResponseWriter).WriteHeader (logging_mw.go:30)
        2025-12-03T05:39:03.154Z	INFO	middleware/logging_mw.go:69	uri /value/ method POST duration 527.754µs status 200 size 73
        2025-12-03T05:39:03.255Z	DEBUG	middleware/gzip_mw.go:15	accept encoding value gzip
        2025-12-03T05:39:03.255Z	DEBUG	middleware/gzip_mw.go:17	supports gzip %!b(bool=true)
        2025-12-03T05:39:03.255Z	DEBUG	middleware/gzip_mw.go:19	try compress
        2025-12-03T05:39:03.255Z	INFO	service/base_metrics_service.go:44	Retrieved gauge: Mallocs = 1363.000000
        2025-12-03T05:39:03.256Z	INFO	handler/metrics_handler_json.go:173	return gauge metric %s value %fMallocs1363
        2025-12-03T05:39:03.256Z	DEBUG	middleware/sign_mw.go:47	sign ----------> 3Lne+qLyIgpBLs4GXy1i+B6Sl24zNsQS8XvcuW9Tazg=
        2025/12/03 05:39:03 http: superfluous response.WriteHeader call from github.com/mrPTqp/metrics/internal/server/middleware.(*loggingResponseWriter).WriteHeader (logging_mw.go:30)
        2025-12-03T05:39:03.256Z	INFO	middleware/logging_mw.go:69	uri /value/ method POST duration 829.945µs status 200 size 69
        2025-12-03T05:39:03.356Z	DEBUG	middleware/gzip_mw.go:15	accept encoding value gzip
        2025-12-03T05:39:03.356Z	DEBUG	middleware/gzip_mw.go:17	supports gzip %!b(bool=true)
        2025-12-03T05:39:03.356Z	DEBUG	middleware/gzip_mw.go:19	try compress
        2025-12-03T05:39:03.357Z	INFO	service/base_metrics_service.go:44	Retrieved gauge: TotalAlloc = 1341904.000000
        2025-12-03T05:39:03.357Z	INFO	handler/metrics_handler_json.go:173	return gauge metric %s value %fTotalAlloc1.341904e+06
        2025-12-03T05:39:03.357Z	DEBUG	middleware/sign_mw.go:47	sign ----------> v+tB4NqhJyc/zpyPLLM5KoZjQ7QBs3Uz6XRrHwQlmdM=
        2025/12/03 05:39:03 http: superfluous response.WriteHeader call from github.com/mrPTqp/metrics/internal/server/middleware.(*loggingResponseWriter).WriteHeader (logging_mw.go:30)
        2025-12-03T05:39:03.357Z	INFO	middleware/logging_mw.go:69	uri /value/ method POST duration 574.838µs status 200 size 75
        2025-12-03T05:39:03.458Z	DEBUG	middleware/gzip_mw.go:15	accept encoding value gzip
        2025-12-03T05:39:03.458Z	DEBUG	middleware/gzip_mw.go:17	supports gzip %!b(bool=true)
        2025-12-03T05:39:03.458Z	DEBUG	middleware/gzip_mw.go:19	try compress
        2025-12-03T05:39:03.458Z	INFO	service/base_metrics_service.go:53	Retrieved counter: PollCount = 474
        2025-12-03T05:39:03.458Z	INFO	handler/metrics_handler_json.go:190	return counter metric %s value %dPollCount474
        2025-12-03T05:39:03.458Z	DEBUG	middleware/sign_mw.go:47	sign ----------> hW+1wI0R/x66EOYRdIergjJLWdGUqPBrKnM6zz5Qr0g=
        2025/12/03 05:39:03 http: superfluous response.WriteHeader call from github.com/mrPTqp/metrics/internal/server/middleware.(*loggingResponseWriter).WriteHeader (logging_mw.go:30)
        2025-12-03T05:39:03.458Z	INFO	middleware/logging_mw.go:69	uri /value/ method POST duration 556.624µs status 200 size 70
        2025-12-03T05:39:03.559Z	DEBUG	middleware/gzip_mw.go:15	accept encoding value gzip
        2025-12-03T05:39:03.559Z	DEBUG	middleware/gzip_mw.go:17	supports gzip %!b(bool=true)
        2025-12-03T05:39:03.559Z	DEBUG	middleware/gzip_mw.go:19	try compress
        2025-12-03T05:39:03.559Z	INFO	service/base_metrics_service.go:44	Retrieved gauge: RandomValue = 0.490846
        2025-12-03T05:39:03.560Z	INFO	handler/metrics_handler_json.go:173	return gauge metric %s value %fRandomValue0.4908458140365596
        2025-12-03T05:39:03.560Z	DEBUG	middleware/sign_mw.go:47	sign ----------> aR+xitNsjQCwv9u4I5BbNK1KTKyP8OMZ+ghKcUnBzJY=
        2025/12/03 05:39:03 http: superfluous response.WriteHeader call from github.com/mrPTqp/metrics/internal/server/middleware.(*loggingResponseWriter).WriteHeader (logging_mw.go:30)
        2025-12-03T05:39:03.560Z	INFO	middleware/logging_mw.go:69	uri /value/ method POST duration 856.185µs status 200 size 82
        2025-12-03T05:39:03.660Z	DEBUG	middleware/gzip_mw.go:15	accept encoding value gzip
        2025-12-03T05:39:03.660Z	DEBUG	middleware/gzip_mw.go:17	supports gzip %!b(bool=true)
        2025-12-03T05:39:03.660Z	DEBUG	middleware/gzip_mw.go:19	try compress
        2025-12-03T05:39:03.660Z	INFO	service/base_metrics_service.go:44	Retrieved gauge: Alloc = 1341904.000000
        2025-12-03T05:39:03.660Z	INFO	handler/metrics_handler_json.go:173	return gauge metric %s value %fAlloc1.341904e+06
        2025-12-03T05:39:03.661Z	DEBUG	middleware/sign_mw.go:47	sign ----------> xTp24yQonkTNuRurmq+e9lqc43CO7Af5Xbz2lLHWgu8=
        2025/12/03 05:39:03 http: superfluous response.WriteHeader call from github.com/mrPTqp/metrics/internal/server/middleware.(*loggingResponseWriter).WriteHeader (logging_mw.go:30)
        2025-12-03T05:39:03.661Z	INFO	middleware/logging_mw.go:69	uri /value/ method POST duration 349.515µs status 200 size 70
        2025-12-03T05:39:03.761Z	DEBUG	middleware/gzip_mw.go:15	accept encoding value gzip
        2025-12-03T05:39:03.761Z	DEBUG	middleware/gzip_mw.go:17	supports gzip %!b(bool=true)
        2025-12-03T05:39:03.761Z	DEBUG	middleware/gzip_mw.go:19	try compress
        2025-12-03T05:39:03.761Z	INFO	service/base_metrics_service.go:44	Retrieved gauge: Frees = 70.000000
        2025-12-03T05:39:03.761Z	INFO	handler/metrics_handler_json.go:173	return gauge metric %s value %fFrees70
        2025-12-03T05:39:03.761Z	DEBUG	middleware/sign_mw.go:47	sign ----------> uJle0mAH8hU7VxS2Z0YjMgOQMs/8vSAdAgPkQGnpZS0=
        2025/12/03 05:39:03 http: superfluous response.WriteHeader call from github.com/mrPTqp/metrics/internal/server/middleware.(*loggingResponseWriter).WriteHeader (logging_mw.go:30)
        2025-12-03T05:39:03.761Z	INFO	middleware/logging_mw.go:69	uri /value/ method POST duration 396.98µs status 200 size 65
        2025-12-03T05:39:03.862Z	DEBUG	middleware/gzip_mw.go:15	accept encoding value gzip
        2025-12-03T05:39:03.862Z	DEBUG	middleware/gzip_mw.go:17	supports gzip %!b(bool=true)
        2025-12-03T05:39:03.862Z	DEBUG	middleware/gzip_mw.go:19	try compress
        2025-12-03T05:39:03.862Z	INFO	service/base_metrics_service.go:44	Retrieved gauge: HeapAlloc = 1341904.000000
        2025-12-03T05:39:03.863Z	INFO	handler/metrics_handler_json.go:173	return gauge metric %s value %fHeapAlloc1.341904e+06
        2025-12-03T05:39:03.863Z	DEBUG	middleware/sign_mw.go:47	sign ----------> wx/B5OVIzNdcl1PTB8RupD/YZjb4xHIQ+gYD/neHjA0=
        2025/12/03 05:39:03 http: superfluous response.WriteHeader call from github.com/mrPTqp/metrics/internal/server/middleware.(*loggingResponseWriter).WriteHeader (logging_mw.go:30)
        2025-12-03T05:39:03.863Z	INFO	middleware/logging_mw.go:69	uri /value/ method POST duration 686.277µs status 200 size 74
        2025-12-03T05:39:03.963Z	DEBUG	middleware/gzip_mw.go:15	accept encoding value gzip
        2025-12-03T05:39:03.963Z	DEBUG	middleware/gzip_mw.go:17	supports gzip %!b(bool=true)
        2025-12-03T05:39:03.963Z	DEBUG	middleware/gzip_mw.go:19	try compress
        2025-12-03T05:39:03.964Z	INFO	service/base_metrics_service.go:44	Retrieved gauge: HeapIdle = 1875968.000000
        2025-12-03T05:39:03.964Z	INFO	handler/metrics_handler_json.go:173	return gauge metric %s value %fHeapIdle1.875968e+06
        2025-12-03T05:39:03.964Z	DEBUG	middleware/sign_mw.go:47	sign ----------> Z1RzU7z2hAlwykMhV5Cv1AkgFn5T7UZ+inlrkFzF5nI=
        2025/12/03 05:39:03 http: superfluous response.WriteHeader call from github.com/mrPTqp/metrics/internal/server/middleware.(*loggingResponseWriter).WriteHeader (logging_mw.go:30)
        2025-12-03T05:39:03.964Z	INFO	middleware/logging_mw.go:69	uri /value/ method POST duration 405.794µs status 200 size 71
        2025-12-03T05:39:04.064Z	DEBUG	middleware/gzip_mw.go:15	accept encoding value gzip
        2025-12-03T05:39:04.064Z	DEBUG	middleware/gzip_mw.go:17	supports gzip %!b(bool=true)
        2025-12-03T05:39:04.064Z	DEBUG	middleware/gzip_mw.go:19	try compress
        2025-12-03T05:39:04.064Z	INFO	service/base_metrics_service.go:44	Retrieved gauge: HeapInuse = 1990656.000000
        2025-12-03T05:39:04.064Z	INFO	handler/metrics_handler_json.go:173	return gauge metric %s value %fHeapInuse1.990656e+06
        2025-12-03T05:39:04.065Z	DEBUG	middleware/sign_mw.go:47	sign ----------> cU8/wHTRLepbt4LH+LCZ5XkJmXUJpIUOGzh7rgA9d2Q=
        2025/12/03 05:39:04 http: superfluous response.WriteHeader call from github.com/mrPTqp/metrics/internal/server/middleware.(*loggingResponseWriter).WriteHeader (logging_mw.go:30)
        2025-12-03T05:39:04.065Z	INFO	middleware/logging_mw.go:69	uri /value/ method POST duration 358.699µs status 200 size 72
        2025-12-03T05:39:04.165Z	DEBUG	middleware/gzip_mw.go:15	accept encoding value gzip
        2025-12-03T05:39:04.165Z	DEBUG	middleware/gzip_mw.go:17	supports gzip %!b(bool=true)
        2025-12-03T05:39:04.165Z	DEBUG	middleware/gzip_mw.go:19	try compress
        2025-12-03T05:39:04.165Z	INFO	service/base_metrics_service.go:44	Retrieved gauge: HeapObjects = 1293.000000
        2025-12-03T05:39:04.166Z	INFO	handler/metrics_handler_json.go:173	return gauge metric %s value %fHeapObjects1293
        2025-12-03T05:39:04.166Z	DEBUG	middleware/sign_mw.go:47	sign ----------> 4EiAMOd5555wTbRPIGsdfPtkh2q/jiN2Xu1xy12v5lo=
        2025/12/03 05:39:04 http: superfluous response.WriteHeader call from github.com/mrPTqp/metrics/internal/server/middleware.(*loggingResponseWriter).WriteHeader (logging_mw.go:30)
        2025-12-03T05:39:04.166Z	INFO	middleware/logging_mw.go:69	uri /value/ method POST duration 664.739µs status 200 size 73
        2025-12-03T05:39:04.266Z	DEBUG	middleware/gzip_mw.go:15	accept encoding value gzip
        2025-12-03T05:39:04.266Z	DEBUG	middleware/gzip_mw.go:17	supports gzip %!b(bool=true)
        2025-12-03T05:39:04.266Z	DEBUG	middleware/gzip_mw.go:19	try compress
        2025-12-03T05:39:04.267Z	INFO	service/base_metrics_service.go:44	Retrieved gauge: Mallocs = 1363.000000
        2025-12-03T05:39:04.267Z	INFO	handler/metrics_handler_json.go:173	return gauge metric %s value %fMallocs1363
        2025-12-03T05:39:04.267Z	DEBUG	middleware/sign_mw.go:47	sign ----------> 3Lne+qLyIgpBLs4GXy1i+B6Sl24zNsQS8XvcuW9Tazg=
        2025/12/03 05:39:04 http: superfluous response.WriteHeader call from github.com/mrPTqp/metrics/internal/server/middleware.(*loggingResponseWriter).WriteHeader (logging_mw.go:30)
        2025-12-03T05:39:04.267Z	INFO	middleware/logging_mw.go:69	uri /value/ method POST duration 437.642µs status 200 size 69
        2025-12-03T05:39:04.367Z	DEBUG	middleware/gzip_mw.go:15	accept encoding value gzip
        2025-12-03T05:39:04.367Z	DEBUG	middleware/gzip_mw.go:17	supports gzip %!b(bool=true)
        2025-12-03T05:39:04.367Z	DEBUG	middleware/gzip_mw.go:19	try compress
        2025-12-03T05:39:04.368Z	INFO	service/base_metrics_service.go:44	Retrieved gauge: TotalAlloc = 1341904.000000
        2025-12-03T05:39:04.368Z	INFO	handler/metrics_handler_json.go:173	return gauge metric %s value %fTotalAlloc1.341904e+06
        2025-12-03T05:39:04.368Z	DEBUG	middleware/sign_mw.go:47	sign ----------> v+tB4NqhJyc/zpyPLLM5KoZjQ7QBs3Uz6XRrHwQlmdM=
        2025/12/03 05:39:04 http: superfluous response.WriteHeader call from github.com/mrPTqp/metrics/internal/server/middleware.(*loggingResponseWriter).WriteHeader (logging_mw.go:30)
        2025-12-03T05:39:04.368Z	INFO	middleware/logging_mw.go:69	uri /value/ method POST duration 373.322µs status 200 size 75
        2025-12-03T05:39:04.468Z	DEBUG	middleware/gzip_mw.go:15	accept encoding value gzip
        2025-12-03T05:39:04.468Z	DEBUG	middleware/gzip_mw.go:17	supports gzip %!b(bool=true)
        2025-12-03T05:39:04.468Z	DEBUG	middleware/gzip_mw.go:19	try compress
        2025-12-03T05:39:04.469Z	INFO	service/base_metrics_service.go:53	Retrieved counter: PollCount = 474
        2025-12-03T05:39:04.469Z	INFO	handler/metrics_handler_json.go:190	return counter metric %s value %dPollCount474
        2025-12-03T05:39:04.469Z	DEBUG	middleware/sign_mw.go:47	sign ----------> hW+1wI0R/x66EOYRdIergjJLWdGUqPBrKnM6zz5Qr0g=
        2025/12/03 05:39:04 http: superfluous response.WriteHeader call from github.com/mrPTqp/metrics/internal/server/middleware.(*loggingResponseWriter).WriteHeader (logging_mw.go:30)
        2025-12-03T05:39:04.469Z	INFO	middleware/logging_mw.go:69	uri /value/ method POST duration 831.253µs status 200 size 70
        2025-12-03T05:39:04.570Z	DEBUG	middleware/gzip_mw.go:15	accept encoding value gzip
        2025-12-03T05:39:04.570Z	DEBUG	middleware/gzip_mw.go:17	supports gzip %!b(bool=true)
        2025-12-03T05:39:04.570Z	DEBUG	middleware/gzip_mw.go:19	try compress
        2025-12-03T05:39:04.570Z	INFO	service/base_metrics_service.go:44	Retrieved gauge: RandomValue = 0.490846
        2025-12-03T05:39:04.570Z	INFO	handler/metrics_handler_json.go:173	return gauge metric %s value %fRandomValue0.4908458140365596
        2025-12-03T05:39:04.570Z	DEBUG	middleware/sign_mw.go:47	sign ----------> aR+xitNsjQCwv9u4I5BbNK1KTKyP8OMZ+ghKcUnBzJY=
        2025/12/03 05:39:04 http: superfluous response.WriteHeader call from github.com/mrPTqp/metrics/internal/server/middleware.(*loggingResponseWriter).WriteHeader (logging_mw.go:30)
        2025-12-03T05:39:04.570Z	INFO	middleware/logging_mw.go:69	uri /value/ method POST duration 403.811µs status 200 size 82
        2025-12-03T05:39:04.671Z	DEBUG	middleware/gzip_mw.go:15	accept encoding value gzip
        2025-12-03T05:39:04.671Z	DEBUG	middleware/gzip_mw.go:17	supports gzip %!b(bool=true)
        2025-12-03T05:39:04.671Z	DEBUG	middleware/gzip_mw.go:19	try compress
        2025-12-03T05:39:04.671Z	INFO	service/base_metrics_service.go:44	Retrieved gauge: Alloc = 1341904.000000
        2025-12-03T05:39:04.671Z	INFO	handler/metrics_handler_json.go:173	return gauge metric %s value %fAlloc1.341904e+06
        2025-12-03T05:39:04.671Z	DEBUG	middleware/sign_mw.go:47	sign ----------> xTp24yQonkTNuRurmq+e9lqc43CO7Af5Xbz2lLHWgu8=
        2025/12/03 05:39:04 http: superfluous response.WriteHeader call from github.com/mrPTqp/metrics/internal/server/middleware.(*loggingResponseWriter).WriteHeader (logging_mw.go:30)
        2025-12-03T05:39:04.671Z	INFO	middleware/logging_mw.go:69	uri /value/ method POST duration 318.993µs status 200 size 70
        2025-12-03T05:39:04.771Z	DEBUG	middleware/gzip_mw.go:15	accept encoding value gzip
        2025-12-03T05:39:04.771Z	DEBUG	middleware/gzip_mw.go:17	supports gzip %!b(bool=true)
        2025-12-03T05:39:04.771Z	DEBUG	middleware/gzip_mw.go:19	try compress
        2025-12-03T05:39:04.772Z	INFO	service/base_metrics_service.go:44	Retrieved gauge: Frees = 70.000000
        2025-12-03T05:39:04.772Z	INFO	handler/metrics_handler_json.go:173	return gauge metric %s value %fFrees70
        2025-12-03T05:39:04.772Z	DEBUG	middleware/sign_mw.go:47	sign ----------> uJle0mAH8hU7VxS2Z0YjMgOQMs/8vSAdAgPkQGnpZS0=
        2025/12/03 05:39:04 http: superfluous response.WriteHeader call from github.com/mrPTqp/metrics/internal/server/middleware.(*loggingResponseWriter).WriteHeader (logging_mw.go:30)
        2025-12-03T05:39:04.772Z	INFO	middleware/logging_mw.go:69	uri /value/ method POST duration 687.822µs status 200 size 65
        2025-12-03T05:39:04.873Z	DEBUG	middleware/gzip_mw.go:15	accept encoding value gzip
        2025-12-03T05:39:04.873Z	DEBUG	middleware/gzip_mw.go:17	supports gzip %!b(bool=true)
        2025-12-03T05:39:04.873Z	DEBUG	middleware/gzip_mw.go:19	try compress
        2025-12-03T05:39:04.873Z	INFO	service/base_metrics_service.go:44	Retrieved gauge: HeapAlloc = 1341904.000000
        2025-12-03T05:39:04.873Z	INFO	handler/metrics_handler_json.go:173	return gauge metric %s value %fHeapAlloc1.341904e+06
        2025-12-03T05:39:04.873Z	DEBUG	middleware/sign_mw.go:47	sign ----------> wx/B5OVIzNdcl1PTB8RupD/YZjb4xHIQ+gYD/neHjA0=
        2025/12/03 05:39:04 http: superfluous response.WriteHeader call from github.com/mrPTqp/metrics/internal/server/middleware.(*loggingResponseWriter).WriteHeader (logging_mw.go:30)
        2025-12-03T05:39:04.873Z	INFO	middleware/logging_mw.go:69	uri /value/ method POST duration 378.861µs status 200 size 74
        2025-12-03T05:39:04.974Z	DEBUG	middleware/gzip_mw.go:15	accept encoding value gzip
        2025-12-03T05:39:04.974Z	DEBUG	middleware/gzip_mw.go:17	supports gzip %!b(bool=true)
        2025-12-03T05:39:04.974Z	DEBUG	middleware/gzip_mw.go:19	try compress
        2025-12-03T05:39:04.974Z	INFO	service/base_metrics_service.go:44	Retrieved gauge: HeapIdle = 1875968.000000
        2025-12-03T05:39:04.974Z	INFO	handler/metrics_handler_json.go:173	return gauge metric %s value %fHeapIdle1.875968e+06
        2025-12-03T05:39:04.974Z	DEBUG	middleware/sign_mw.go:47	sign ----------> Z1RzU7z2hAlwykMhV5Cv1AkgFn5T7UZ+inlrkFzF5nI=
        2025/12/03 05:39:04 http: superfluous response.WriteHeader call from github.com/mrPTqp/metrics/internal/server/middleware.(*loggingResponseWriter).WriteHeader (logging_mw.go:30)
        2025-12-03T05:39:04.974Z	INFO	middleware/logging_mw.go:69	uri /value/ method POST duration 504.727µs status 200 size 71
        2025-12-03T05:39:05.075Z	DEBUG	middleware/gzip_mw.go:15	accept encoding value gzip
        2025-12-03T05:39:05.075Z	DEBUG	middleware/gzip_mw.go:17	supports gzip %!b(bool=true)
        2025-12-03T05:39:05.075Z	DEBUG	middleware/gzip_mw.go:19	try compress
        2025-12-03T05:39:05.075Z	INFO	service/base_metrics_service.go:44	Retrieved gauge: HeapInuse = 1990656.000000
        2025-12-03T05:39:05.076Z	INFO	handler/metrics_handler_json.go:173	return gauge metric %s value %fHeapInuse1.990656e+06
        2025-12-03T05:39:05.076Z	DEBUG	middleware/sign_mw.go:47	sign ----------> cU8/wHTRLepbt4LH+LCZ5XkJmXUJpIUOGzh7rgA9d2Q=
        2025/12/03 05:39:05 http: superfluous response.WriteHeader call from github.com/mrPTqp/metrics/internal/server/middleware.(*loggingResponseWriter).WriteHeader (logging_mw.go:30)
        2025-12-03T05:39:05.076Z	INFO	middleware/logging_mw.go:69	uri /value/ method POST duration 856.09µs status 200 size 72
        2025-12-03T05:39:05.176Z	DEBUG	middleware/gzip_mw.go:15	accept encoding value gzip
        2025-12-03T05:39:05.176Z	DEBUG	middleware/gzip_mw.go:17	supports gzip %!b(bool=true)
        2025-12-03T05:39:05.176Z	DEBUG	middleware/gzip_mw.go:19	try compress
        2025-12-03T05:39:05.177Z	INFO	service/base_metrics_service.go:44	Retrieved gauge: HeapObjects = 1293.000000
        2025-12-03T05:39:05.177Z	INFO	handler/metrics_handler_json.go:173	return gauge metric %s value %fHeapObjects1293
        2025-12-03T05:39:05.177Z	DEBUG	middleware/sign_mw.go:47	sign ----------> 4EiAMOd5555wTbRPIGsdfPtkh2q/jiN2Xu1xy12v5lo=
        2025/12/03 05:39:05 http: superfluous response.WriteHeader call from github.com/mrPTqp/metrics/internal/server/middleware.(*loggingResponseWriter).WriteHeader (logging_mw.go:30)
        2025-12-03T05:39:05.177Z	INFO	middleware/logging_mw.go:69	uri /value/ method POST duration 466.705µs status 200 size 73
        2025-12-03T05:39:05.277Z	DEBUG	middleware/gzip_mw.go:15	accept encoding value gzip
        2025-12-03T05:39:05.278Z	DEBUG	middleware/gzip_mw.go:17	supports gzip %!b(bool=true)
        2025-12-03T05:39:05.278Z	DEBUG	middleware/gzip_mw.go:19	try compress
        2025-12-03T05:39:05.278Z	INFO	service/base_metrics_service.go:44	Retrieved gauge: Mallocs = 1363.000000
        2025-12-03T05:39:05.278Z	INFO	handler/metrics_handler_json.go:173	return gauge metric %s value %fMallocs1363
        2025-12-03T05:39:05.278Z	DEBUG	middleware/sign_mw.go:47	sign ----------> 3Lne+qLyIgpBLs4GXy1i+B6Sl24zNsQS8XvcuW9Tazg=
        2025/12/03 05:39:05 http: superfluous response.WriteHeader call from github.com/mrPTqp/metrics/internal/server/middleware.(*loggingResponseWriter).WriteHeader (logging_mw.go:30)
        2025-12-03T05:39:05.278Z	INFO	middleware/logging_mw.go:69	uri /value/ method POST duration 604.885µs status 200 size 69
        2025-12-03T05:39:05.379Z	DEBUG	middleware/gzip_mw.go:15	accept encoding value gzip
        2025-12-03T05:39:05.379Z	DEBUG	middleware/gzip_mw.go:17	supports gzip %!b(bool=true)
        2025-12-03T05:39:05.379Z	DEBUG	middleware/gzip_mw.go:19	try compress
        2025-12-03T05:39:05.379Z	INFO	service/base_metrics_service.go:44	Retrieved gauge: TotalAlloc = 1341904.000000
        2025-12-03T05:39:05.380Z	INFO	handler/metrics_handler_json.go:173	return gauge metric %s value %fTotalAlloc1.341904e+06
        2025-12-03T05:39:05.380Z	DEBUG	middleware/sign_mw.go:47	sign ----------> v+tB4NqhJyc/zpyPLLM5KoZjQ7QBs3Uz6XRrHwQlmdM=
        2025/12/03 05:39:05 http: superfluous response.WriteHeader call from github.com/mrPTqp/metrics/internal/server/middleware.(*loggingResponseWriter).WriteHeader (logging_mw.go:30)
        2025-12-03T05:39:05.380Z	INFO	middleware/logging_mw.go:69	uri /value/ method POST duration 868.149µs status 200 size 75
        2025-12-03T05:39:05.481Z	DEBUG	middleware/gzip_mw.go:15	accept encoding value gzip
        2025-12-03T05:39:05.481Z	DEBUG	middleware/gzip_mw.go:17	supports gzip %!b(bool=true)
        2025-12-03T05:39:05.481Z	DEBUG	middleware/gzip_mw.go:19	try compress
        2025-12-03T05:39:05.481Z	INFO	service/base_metrics_service.go:53	Retrieved counter: PollCount = 474
        2025-12-03T05:39:05.481Z	INFO	handler/metrics_handler_json.go:190	return counter metric %s value %dPollCount474
        2025-12-03T05:39:05.481Z	DEBUG	middleware/sign_mw.go:47	sign ----------> hW+1wI0R/x66EOYRdIergjJLWdGUqPBrKnM6zz5Qr0g=
        2025/12/03 05:39:05 http: superfluous response.WriteHeader call from github.com/mrPTqp/metrics/internal/server/middleware.(*loggingResponseWriter).WriteHeader (logging_mw.go:30)
        2025-12-03T05:39:05.481Z	INFO	middleware/logging_mw.go:69	uri /value/ method POST duration 643.284µs status 200 size 70
        2025-12-03T05:39:05.582Z	DEBUG	middleware/gzip_mw.go:15	accept encoding value gzip
        2025-12-03T05:39:05.582Z	DEBUG	middleware/gzip_mw.go:17	supports gzip %!b(bool=true)
        2025-12-03T05:39:05.582Z	DEBUG	middleware/gzip_mw.go:19	try compress
        2025-12-03T05:39:05.582Z	INFO	service/base_metrics_service.go:44	Retrieved gauge: RandomValue = 0.490846
        2025-12-03T05:39:05.582Z	INFO	handler/metrics_handler_json.go:173	return gauge metric %s value %fRandomValue0.4908458140365596
        2025-12-03T05:39:05.582Z	DEBUG	middleware/sign_mw.go:47	sign ----------> aR+xitNsjQCwv9u4I5BbNK1KTKyP8OMZ+ghKcUnBzJY=
        2025/12/03 05:39:05 http: superfluous response.WriteHeader call from github.com/mrPTqp/metrics/internal/server/middleware.(*loggingResponseWriter).WriteHeader (logging_mw.go:30)
        2025-12-03T05:39:05.582Z	INFO	middleware/logging_mw.go:69	uri /value/ method POST duration 455.609µs status 200 size 82
        2025-12-03T05:39:05.683Z	DEBUG	middleware/gzip_mw.go:15	accept encoding value gzip
        2025-12-03T05:39:05.683Z	DEBUG	middleware/gzip_mw.go:17	supports gzip %!b(bool=true)
        2025-12-03T05:39:05.683Z	DEBUG	middleware/gzip_mw.go:19	try compress
        2025-12-03T05:39:05.683Z	INFO	service/base_metrics_service.go:44	Retrieved gauge: Alloc = 1341904.000000
        2025-12-03T05:39:05.683Z	INFO	handler/metrics_handler_json.go:173	return gauge metric %s value %fAlloc1.341904e+06
        2025-12-03T05:39:05.683Z	DEBUG	middleware/sign_mw.go:47	sign ----------> xTp24yQonkTNuRurmq+e9lqc43CO7Af5Xbz2lLHWgu8=
        2025/12/03 05:39:05 http: superfluous response.WriteHeader call from github.com/mrPTqp/metrics/internal/server/middleware.(*loggingResponseWriter).WriteHeader (logging_mw.go:30)
        2025-12-03T05:39:05.684Z	INFO	middleware/logging_mw.go:69	uri /value/ method POST duration 726.813µs status 200 size 70
        2025-12-03T05:39:05.784Z	DEBUG	middleware/gzip_mw.go:15	accept encoding value gzip
        2025-12-03T05:39:05.784Z	DEBUG	middleware/gzip_mw.go:17	supports gzip %!b(bool=true)
        2025-12-03T05:39:05.784Z	DEBUG	middleware/gzip_mw.go:19	try compress
        2025-12-03T05:39:05.784Z	INFO	service/base_metrics_service.go:44	Retrieved gauge: Frees = 70.000000
        2025-12-03T05:39:05.784Z	INFO	handler/metrics_handler_json.go:173	return gauge metric %s value %fFrees70
        2025-12-03T05:39:05.784Z	DEBUG	middleware/sign_mw.go:47	sign ----------> uJle0mAH8hU7VxS2Z0YjMgOQMs/8vSAdAgPkQGnpZS0=
        2025/12/03 05:39:05 http: superfluous response.WriteHeader call from github.com/mrPTqp/metrics/internal/server/middleware.(*loggingResponseWriter).WriteHeader (logging_mw.go:30)
        2025-12-03T05:39:05.784Z	INFO	middleware/logging_mw.go:69	uri /value/ method POST duration 394.849µs status 200 size 65
        2025-12-03T05:39:05.885Z	DEBUG	middleware/gzip_mw.go:15	accept encoding value gzip
        2025-12-03T05:39:05.885Z	DEBUG	middleware/gzip_mw.go:17	supports gzip %!b(bool=true)
        2025-12-03T05:39:05.885Z	DEBUG	middleware/gzip_mw.go:19	try compress
        2025-12-03T05:39:05.886Z	INFO	service/base_metrics_service.go:44	Retrieved gauge: HeapAlloc = 1341904.000000
        2025-12-03T05:39:05.886Z	INFO	handler/metrics_handler_json.go:173	return gauge metric %s value %fHeapAlloc1.341904e+06
        2025-12-03T05:39:05.886Z	DEBUG	middleware/sign_mw.go:47	sign ----------> wx/B5OVIzNdcl1PTB8RupD/YZjb4xHIQ+gYD/neHjA0=
        2025/12/03 05:39:05 http: superfluous response.WriteHeader call from github.com/mrPTqp/metrics/internal/server/middleware.(*loggingResponseWriter).WriteHeader (logging_mw.go:30)
        2025-12-03T05:39:05.886Z	INFO	middleware/logging_mw.go:69	uri /value/ method POST duration 520.32µs status 200 size 74
        2025-12-03T05:39:05.987Z	DEBUG	middleware/gzip_mw.go:15	accept encoding value gzip
        2025-12-03T05:39:05.987Z	DEBUG	middleware/gzip_mw.go:17	supports gzip %!b(bool=true)
        2025-12-03T05:39:05.987Z	DEBUG	middleware/gzip_mw.go:19	try compress
        2025-12-03T05:39:05.987Z	INFO	service/base_metrics_service.go:44	Retrieved gauge: HeapIdle = 1875968.000000
        2025-12-03T05:39:05.987Z	INFO	handler/metrics_handler_json.go:173	return gauge metric %s value %fHeapIdle1.875968e+06
        2025-12-03T05:39:05.987Z	DEBUG	middleware/sign_mw.go:47	sign ----------> Z1RzU7z2hAlwykMhV5Cv1AkgFn5T7UZ+inlrkFzF5nI=
        2025/12/03 05:39:05 http: superfluous response.WriteHeader call from github.com/mrPTqp/metrics/internal/server/middleware.(*loggingResponseWriter).WriteHeader (logging_mw.go:30)
        2025-12-03T05:39:05.988Z	INFO	middleware/logging_mw.go:69	uri /value/ method POST duration 898.579µs status 200 size 71
        2025-12-03T05:39:06.088Z	DEBUG	middleware/gzip_mw.go:15	accept encoding value gzip
        2025-12-03T05:39:06.088Z	DEBUG	middleware/gzip_mw.go:17	supports gzip %!b(bool=true)
        2025-12-03T05:39:06.088Z	DEBUG	middleware/gzip_mw.go:19	try compress
        2025-12-03T05:39:06.089Z	INFO	service/base_metrics_service.go:44	Retrieved gauge: HeapInuse = 1990656.000000
        2025-12-03T05:39:06.089Z	INFO	handler/metrics_handler_json.go:173	return gauge metric %s value %fHeapInuse1.990656e+06
        2025-12-03T05:39:06.089Z	DEBUG	middleware/sign_mw.go:47	sign ----------> cU8/wHTRLepbt4LH+LCZ5XkJmXUJpIUOGzh7rgA9d2Q=
        2025/12/03 05:39:06 http: superfluous response.WriteHeader call from github.com/mrPTqp/metrics/internal/server/middleware.(*loggingResponseWriter).WriteHeader (logging_mw.go:30)
        2025-12-03T05:39:06.089Z	INFO	middleware/logging_mw.go:69	uri /value/ method POST duration 516.651µs status 200 size 72
        2025-12-03T05:39:06.190Z	DEBUG	middleware/gzip_mw.go:15	accept encoding value gzip
        2025-12-03T05:39:06.190Z	DEBUG	middleware/gzip_mw.go:17	supports gzip %!b(bool=true)
        2025-12-03T05:39:06.190Z	DEBUG	middleware/gzip_mw.go:19	try compress
        2025-12-03T05:39:06.190Z	INFO	service/base_metrics_service.go:44	Retrieved gauge: HeapObjects = 1293.000000
        2025-12-03T05:39:06.190Z	INFO	handler/metrics_handler_json.go:173	return gauge metric %s value %fHeapObjects1293
        2025-12-03T05:39:06.190Z	DEBUG	middleware/sign_mw.go:47	sign ----------> 4EiAMOd5555wTbRPIGsdfPtkh2q/jiN2Xu1xy12v5lo=
        2025/12/03 05:39:06 http: superfluous response.WriteHeader call from github.com/mrPTqp/metrics/internal/server/middleware.(*loggingResponseWriter).WriteHeader (logging_mw.go:30)
        2025-12-03T05:39:06.190Z	INFO	middleware/logging_mw.go:69	uri /value/ method POST duration 558.311µs status 200 size 73
        2025-12-03T05:39:06.291Z	DEBUG	middleware/gzip_mw.go:15	accept encoding value gzip
        2025-12-03T05:39:06.291Z	DEBUG	middleware/gzip_mw.go:17	supports gzip %!b(bool=true)
        2025-12-03T05:39:06.291Z	DEBUG	middleware/gzip_mw.go:19	try compress
        2025-12-03T05:39:06.291Z	INFO	service/base_metrics_service.go:44	Retrieved gauge: Mallocs = 1363.000000
        2025-12-03T05:39:06.292Z	INFO	handler/metrics_handler_json.go:173	return gauge metric %s value %fMallocs1363
        2025-12-03T05:39:06.292Z	DEBUG	middleware/sign_mw.go:47	sign ----------> 3Lne+qLyIgpBLs4GXy1i+B6Sl24zNsQS8XvcuW9Tazg=
        2025/12/03 05:39:06 http: superfluous response.WriteHeader call from github.com/mrPTqp/metrics/internal/server/middleware.(*loggingResponseWriter).WriteHeader (logging_mw.go:30)
        2025-12-03T05:39:06.292Z	INFO	middleware/logging_mw.go:69	uri /value/ method POST duration 892.668µs status 200 size 69
        2025-12-03T05:39:06.392Z	DEBUG	middleware/gzip_mw.go:15	accept encoding value gzip
        2025-12-03T05:39:06.392Z	DEBUG	middleware/gzip_mw.go:17	supports gzip %!b(bool=true)
        2025-12-03T05:39:06.392Z	DEBUG	middleware/gzip_mw.go:19	try compress
        2025-12-03T05:39:06.393Z	INFO	service/base_metrics_service.go:44	Retrieved gauge: TotalAlloc = 1341904.000000
        2025-12-03T05:39:06.393Z	INFO	handler/metrics_handler_json.go:173	return gauge metric %s value %fTotalAlloc1.341904e+06
        2025-12-03T05:39:06.393Z	DEBUG	middleware/sign_mw.go:47	sign ----------> v+tB4NqhJyc/zpyPLLM5KoZjQ7QBs3Uz6XRrHwQlmdM=
        2025/12/03 05:39:06 http: superfluous response.WriteHeader call from github.com/mrPTqp/metrics/internal/server/middleware.(*loggingResponseWriter).WriteHeader (logging_mw.go:30)
        2025-12-03T05:39:06.393Z	INFO	middleware/logging_mw.go:69	uri /value/ method POST duration 439.287µs status 200 size 75
        2025-12-03T05:39:06.493Z	DEBUG	middleware/gzip_mw.go:15	accept encoding value gzip
        2025-12-03T05:39:06.494Z	DEBUG	middleware/gzip_mw.go:17	supports gzip %!b(bool=true)
        2025-12-03T05:39:06.494Z	DEBUG	middleware/gzip_mw.go:19	try compress
        2025-12-03T05:39:06.494Z	INFO	service/base_metrics_service.go:53	Retrieved counter: PollCount = 474
        2025-12-03T05:39:06.494Z	INFO	handler/metrics_handler_json.go:190	return counter metric %s value %dPollCount474
        2025-12-03T05:39:06.494Z	DEBUG	middleware/sign_mw.go:47	sign ----------> hW+1wI0R/x66EOYRdIergjJLWdGUqPBrKnM6zz5Qr0g=
        2025/12/03 05:39:06 http: superfluous response.WriteHeader call from github.com/mrPTqp/metrics/internal/server/middleware.(*loggingResponseWriter).WriteHeader (logging_mw.go:30)
        2025-12-03T05:39:06.494Z	INFO	middleware/logging_mw.go:69	uri /value/ method POST duration 557.93µs status 200 size 70
        2025-12-03T05:39:06.595Z	DEBUG	middleware/gzip_mw.go:15	accept encoding value gzip
        2025-12-03T05:39:06.595Z	DEBUG	middleware/gzip_mw.go:17	supports gzip %!b(bool=true)
        2025-12-03T05:39:06.595Z	DEBUG	middleware/gzip_mw.go:19	try compress
        2025-12-03T05:39:06.595Z	INFO	service/base_metrics_service.go:44	Retrieved gauge: RandomValue = 0.490846
        2025-12-03T05:39:06.596Z	INFO	handler/metrics_handler_json.go:173	return gauge metric %s value %fRandomValue0.4908458140365596
        2025-12-03T05:39:06.596Z	DEBUG	middleware/sign_mw.go:47	sign ----------> aR+xitNsjQCwv9u4I5BbNK1KTKyP8OMZ+ghKcUnBzJY=
        2025/12/03 05:39:06 http: superfluous response.WriteHeader call from github.com/mrPTqp/metrics/internal/server/middleware.(*loggingResponseWriter).WriteHeader (logging_mw.go:30)
        2025-12-03T05:39:06.596Z	INFO	middleware/logging_mw.go:69	uri /value/ method POST duration 855.165µs status 200 size 82
        2025-12-03T05:39:06.696Z	DEBUG	middleware/gzip_mw.go:15	accept encoding value gzip
        2025-12-03T05:39:06.696Z	DEBUG	middleware/gzip_mw.go:17	supports gzip %!b(bool=true)
        2025-12-03T05:39:06.696Z	DEBUG	middleware/gzip_mw.go:19	try compress
        2025-12-03T05:39:06.697Z	INFO	service/base_metrics_service.go:44	Retrieved gauge: Alloc = 1341904.000000
        2025-12-03T05:39:06.697Z	INFO	handler/metrics_handler_json.go:173	return gauge metric %s value %fAlloc1.341904e+06
        2025-12-03T05:39:06.697Z	DEBUG	middleware/sign_mw.go:47	sign ----------> xTp24yQonkTNuRurmq+e9lqc43CO7Af5Xbz2lLHWgu8=
        2025/12/03 05:39:06 http: superfluous response.WriteHeader call from github.com/mrPTqp/metrics/internal/server/middleware.(*loggingResponseWriter).WriteHeader (logging_mw.go:30)
        2025-12-03T05:39:06.697Z	INFO	middleware/logging_mw.go:69	uri /value/ method POST duration 500.532µs status 200 size 70
        2025-12-03T05:39:06.797Z	DEBUG	middleware/gzip_mw.go:15	accept encoding value gzip
        2025-12-03T05:39:06.798Z	DEBUG	middleware/gzip_mw.go:17	supports gzip %!b(bool=true)
        2025-12-03T05:39:06.798Z	DEBUG	middleware/gzip_mw.go:19	try compress
        2025-12-03T05:39:06.798Z	INFO	service/base_metrics_service.go:44	Retrieved gauge: Frees = 70.000000
        2025-12-03T05:39:06.798Z	INFO	handler/metrics_handler_json.go:173	return gauge metric %s value %fFrees70
        2025-12-03T05:39:06.798Z	DEBUG	middleware/sign_mw.go:47	sign ----------> uJle0mAH8hU7VxS2Z0YjMgOQMs/8vSAdAgPkQGnpZS0=
        2025/12/03 05:39:06 http: superfluous response.WriteHeader call from github.com/mrPTqp/metrics/internal/server/middleware.(*loggingResponseWriter).WriteHeader (logging_mw.go:30)
        2025-12-03T05:39:06.798Z	INFO	middleware/logging_mw.go:69	uri /value/ method POST duration 510.595µs status 200 size 65
        2025-12-03T05:39:06.899Z	DEBUG	middleware/gzip_mw.go:15	accept encoding value gzip
        2025-12-03T05:39:06.899Z	DEBUG	middleware/gzip_mw.go:17	supports gzip %!b(bool=true)
        2025-12-03T05:39:06.899Z	DEBUG	middleware/gzip_mw.go:19	try compress
        2025-12-03T05:39:06.899Z	INFO	service/base_metrics_service.go:44	Retrieved gauge: HeapAlloc = 1341904.000000
        2025-12-03T05:39:06.899Z	INFO	handler/metrics_handler_json.go:173	return gauge metric %s value %fHeapAlloc1.341904e+06
        2025-12-03T05:39:06.899Z	DEBUG	middleware/sign_mw.go:47	sign ----------> wx/B5OVIzNdcl1PTB8RupD/YZjb4xHIQ+gYD/neHjA0=
        2025/12/03 05:39:06 http: superfluous response.WriteHeader call from github.com/mrPTqp/metrics/internal/server/middleware.(*loggingResponseWriter).WriteHeader (logging_mw.go:30)
        2025-12-03T05:39:06.899Z	INFO	middleware/logging_mw.go:69	uri /value/ method POST duration 828.276µs status 200 size 74
        2025-12-03T05:39:07.000Z	DEBUG	middleware/gzip_mw.go:15	accept encoding value gzip
        2025-12-03T05:39:07.000Z	DEBUG	middleware/gzip_mw.go:17	supports gzip %!b(bool=true)
        2025-12-03T05:39:07.000Z	DEBUG	middleware/gzip_mw.go:19	try compress
        2025-12-03T05:39:07.000Z	INFO	service/base_metrics_service.go:44	Retrieved gauge: HeapIdle = 1875968.000000
        2025-12-03T05:39:07.000Z	INFO	handler/metrics_handler_json.go:173	return gauge metric %s value %fHeapIdle1.875968e+06
        2025-12-03T05:39:07.000Z	DEBUG	middleware/sign_mw.go:47	sign ----------> Z1RzU7z2hAlwykMhV5Cv1AkgFn5T7UZ+inlrkFzF5nI=
        2025/12/03 05:39:07 http: superfluous response.WriteHeader call from github.com/mrPTqp/metrics/internal/server/middleware.(*loggingResponseWriter).WriteHeader (logging_mw.go:30)
        2025-12-03T05:39:07.000Z	INFO	middleware/logging_mw.go:69	uri /value/ method POST duration 388.19µs status 200 size 71
        2025-12-03T05:39:07.101Z	DEBUG	middleware/gzip_mw.go:15	accept encoding value gzip
        2025-12-03T05:39:07.101Z	DEBUG	middleware/gzip_mw.go:17	supports gzip %!b(bool=true)
        2025-12-03T05:39:07.101Z	DEBUG	middleware/gzip_mw.go:19	try compress
        2025-12-03T05:39:07.101Z	INFO	service/base_metrics_service.go:44	Retrieved gauge: HeapInuse = 1990656.000000
        2025-12-03T05:39:07.101Z	INFO	handler/metrics_handler_json.go:173	return gauge metric %s value %fHeapInuse1.990656e+06
        2025-12-03T05:39:07.101Z	DEBUG	middleware/sign_mw.go:47	sign ----------> cU8/wHTRLepbt4LH+LCZ5XkJmXUJpIUOGzh7rgA9d2Q=
        2025/12/03 05:39:07 http: superfluous response.WriteHeader call from github.com/mrPTqp/metrics/internal/server/middleware.(*loggingResponseWriter).WriteHeader (logging_mw.go:30)
        2025-12-03T05:39:07.101Z	INFO	middleware/logging_mw.go:69	uri /value/ method POST duration 403.082µs status 200 size 72
        2025-12-03T05:39:07.202Z	DEBUG	middleware/gzip_mw.go:15	accept encoding value gzip
        2025-12-03T05:39:07.202Z	DEBUG	middleware/gzip_mw.go:17	supports gzip %!b(bool=true)
        2025-12-03T05:39:07.202Z	DEBUG	middleware/gzip_mw.go:19	try compress
        2025-12-03T05:39:07.202Z	INFO	service/base_metrics_service.go:44	Retrieved gauge: HeapObjects = 1293.000000
        2025-12-03T05:39:07.203Z	INFO	handler/metrics_handler_json.go:173	return gauge metric %s value %fHeapObjects1293
        2025-12-03T05:39:07.203Z	DEBUG	middleware/sign_mw.go:47	sign ----------> 4EiAMOd5555wTbRPIGsdfPtkh2q/jiN2Xu1xy12v5lo=
        2025/12/03 05:39:07 http: superfluous response.WriteHeader call from github.com/mrPTqp/metrics/internal/server/middleware.(*loggingResponseWriter).WriteHeader (logging_mw.go:30)
        2025-12-03T05:39:07.203Z	INFO	middleware/logging_mw.go:69	uri /value/ method POST duration 697.576µs status 200 size 73
        2025-12-03T05:39:07.303Z	DEBUG	middleware/gzip_mw.go:15	accept encoding value gzip
        2025-12-03T05:39:07.303Z	DEBUG	middleware/gzip_mw.go:17	supports gzip %!b(bool=true)
        2025-12-03T05:39:07.303Z	DEBUG	middleware/gzip_mw.go:19	try compress
        2025-12-03T05:39:07.304Z	INFO	service/base_metrics_service.go:44	Retrieved gauge: Mallocs = 1363.000000
        2025-12-03T05:39:07.304Z	INFO	handler/metrics_handler_json.go:173	return gauge metric %s value %fMallocs1363
        2025-12-03T05:39:07.304Z	DEBUG	middleware/sign_mw.go:47	sign ----------> 3Lne+qLyIgpBLs4GXy1i+B6Sl24zNsQS8XvcuW9Tazg=
        2025/12/03 05:39:07 http: superfluous response.WriteHeader call from github.com/mrPTqp/metrics/internal/server/middleware.(*loggingResponseWriter).WriteHeader (logging_mw.go:30)
        2025-12-03T05:39:07.304Z	INFO	middleware/logging_mw.go:69	uri /value/ method POST duration 543.956µs status 200 size 69
        2025-12-03T05:39:07.404Z	DEBUG	middleware/gzip_mw.go:15	accept encoding value gzip
        2025-12-03T05:39:07.405Z	DEBUG	middleware/gzip_mw.go:17	supports gzip %!b(bool=true)
        2025-12-03T05:39:07.405Z	DEBUG	middleware/gzip_mw.go:19	try compress
        2025-12-03T05:39:07.405Z	INFO	service/base_metrics_service.go:44	Retrieved gauge: TotalAlloc = 1341904.000000
        2025-12-03T05:39:07.405Z	INFO	handler/metrics_handler_json.go:173	return gauge metric %s value %fTotalAlloc1.341904e+06
        2025-12-03T05:39:07.405Z	DEBUG	middleware/sign_mw.go:47	sign ----------> v+tB4NqhJyc/zpyPLLM5KoZjQ7QBs3Uz6XRrHwQlmdM=
        2025/12/03 05:39:07 http: superfluous response.WriteHeader call from github.com/mrPTqp/metrics/internal/server/middleware.(*loggingResponseWriter).WriteHeader (logging_mw.go:30)
        2025-12-03T05:39:07.405Z	INFO	middleware/logging_mw.go:69	uri /value/ method POST duration 503.38µs status 200 size 75
        2025-12-03T05:39:07.506Z	DEBUG	middleware/gzip_mw.go:15	accept encoding value gzip
        2025-12-03T05:39:07.506Z	DEBUG	middleware/gzip_mw.go:17	supports gzip %!b(bool=true)
        2025-12-03T05:39:07.506Z	DEBUG	middleware/gzip_mw.go:19	try compress
        2025-12-03T05:39:07.506Z	INFO	service/base_metrics_service.go:53	Retrieved counter: PollCount = 474
        2025-12-03T05:39:07.506Z	INFO	handler/metrics_handler_json.go:190	return counter metric %s value %dPollCount474
        2025-12-03T05:39:07.507Z	DEBUG	middleware/sign_mw.go:47	sign ----------> hW+1wI0R/x66EOYRdIergjJLWdGUqPBrKnM6zz5Qr0g=
        2025/12/03 05:39:07 http: superfluous response.WriteHeader call from github.com/mrPTqp/metrics/internal/server/middleware.(*loggingResponseWriter).WriteHeader (logging_mw.go:30)
        2025-12-03T05:39:07.507Z	INFO	middleware/logging_mw.go:69	uri /value/ method POST duration 966.337µs status 200 size 70
        2025-12-03T05:39:07.607Z	DEBUG	middleware/gzip_mw.go:15	accept encoding value gzip
        2025-12-03T05:39:07.607Z	DEBUG	middleware/gzip_mw.go:17	supports gzip %!b(bool=true)
        2025-12-03T05:39:07.607Z	DEBUG	middleware/gzip_mw.go:19	try compress
        2025-12-03T05:39:07.608Z	INFO	service/base_metrics_service.go:44	Retrieved gauge: RandomValue = 0.490846
        2025-12-03T05:39:07.608Z	INFO	handler/metrics_handler_json.go:173	return gauge metric %s value %fRandomValue0.4908458140365596
        2025-12-03T05:39:07.608Z	DEBUG	middleware/sign_mw.go:47	sign ----------> aR+xitNsjQCwv9u4I5BbNK1KTKyP8OMZ+ghKcUnBzJY=
        2025/12/03 05:39:07 http: superfluous response.WriteHeader call from github.com/mrPTqp/metrics/internal/server/middleware.(*loggingResponseWriter).WriteHeader (logging_mw.go:30)
        2025-12-03T05:39:07.608Z	INFO	middleware/logging_mw.go:69	uri /value/ method POST duration 511.577µs status 200 size 82
        2025-12-03T05:39:07.709Z	DEBUG	middleware/gzip_mw.go:15	accept encoding value gzip
        2025-12-03T05:39:07.709Z	DEBUG	middleware/gzip_mw.go:17	supports gzip %!b(bool=true)
        2025-12-03T05:39:07.709Z	DEBUG	middleware/gzip_mw.go:19	try compress
        2025-12-03T05:39:07.709Z	INFO	service/base_metrics_service.go:44	Retrieved gauge: Alloc = 1341904.000000
        2025-12-03T05:39:07.709Z	INFO	handler/metrics_handler_json.go:173	return gauge metric %s value %fAlloc1.341904e+06
        2025-12-03T05:39:07.709Z	DEBUG	middleware/sign_mw.go:47	sign ----------> xTp24yQonkTNuRurmq+e9lqc43CO7Af5Xbz2lLHWgu8=
        2025/12/03 05:39:07 http: superfluous response.WriteHeader call from github.com/mrPTqp/metrics/internal/server/middleware.(*loggingResponseWriter).WriteHeader (logging_mw.go:30)
        2025-12-03T05:39:07.709Z	INFO	middleware/logging_mw.go:69	uri /value/ method POST duration 581.21µs status 200 size 70
        2025-12-03T05:39:07.810Z	DEBUG	middleware/gzip_mw.go:15	accept encoding value gzip
        2025-12-03T05:39:07.810Z	DEBUG	middleware/gzip_mw.go:17	supports gzip %!b(bool=true)
        2025-12-03T05:39:07.810Z	DEBUG	middleware/gzip_mw.go:19	try compress
        2025-12-03T05:39:07.810Z	INFO	service/base_metrics_service.go:44	Retrieved gauge: Frees = 70.000000
        2025-12-03T05:39:07.811Z	INFO	handler/metrics_handler_json.go:173	return gauge metric %s value %fFrees70
        2025-12-03T05:39:07.811Z	DEBUG	middleware/sign_mw.go:47	sign ----------> uJle0mAH8hU7VxS2Z0YjMgOQMs/8vSAdAgPkQGnpZS0=
        2025/12/03 05:39:07 http: superfluous response.WriteHeader call from github.com/mrPTqp/metrics/internal/server/middleware.(*loggingResponseWriter).WriteHeader (logging_mw.go:30)
        2025-12-03T05:39:07.811Z	INFO	middleware/logging_mw.go:69	uri /value/ method POST duration 869.911µs status 200 size 65
        2025-12-03T05:39:07.912Z	DEBUG	middleware/gzip_mw.go:15	accept encoding value gzip
        2025-12-03T05:39:07.912Z	DEBUG	middleware/gzip_mw.go:17	supports gzip %!b(bool=true)
        2025-12-03T05:39:07.912Z	DEBUG	middleware/gzip_mw.go:19	try compress
        2025-12-03T05:39:07.912Z	INFO	service/base_metrics_service.go:44	Retrieved gauge: HeapAlloc = 1341904.000000
        2025-12-03T05:39:07.912Z	INFO	handler/metrics_handler_json.go:173	return gauge metric %s value %fHeapAlloc1.341904e+06
        2025-12-03T05:39:07.912Z	DEBUG	middleware/sign_mw.go:47	sign ----------> wx/B5OVIzNdcl1PTB8RupD/YZjb4xHIQ+gYD/neHjA0=
        2025/12/03 05:39:07 http: superfluous response.WriteHeader call from github.com/mrPTqp/metrics/internal/server/middleware.(*loggingResponseWriter).WriteHeader (logging_mw.go:30)
        2025-12-03T05:39:07.912Z	INFO	middleware/logging_mw.go:69	uri /value/ method POST duration 573.656µs status 200 size 74
        2025-12-03T05:39:08.013Z	DEBUG	middleware/gzip_mw.go:15	accept encoding value gzip
        2025-12-03T05:39:08.013Z	DEBUG	middleware/gzip_mw.go:17	supports gzip %!b(bool=true)
        2025-12-03T05:39:08.013Z	DEBUG	middleware/gzip_mw.go:19	try compress
        2025-12-03T05:39:08.013Z	INFO	service/base_metrics_service.go:44	Retrieved gauge: HeapIdle = 1875968.000000
        2025-12-03T05:39:08.014Z	INFO	handler/metrics_handler_json.go:173	return gauge metric %s value %fHeapIdle1.875968e+06
        2025-12-03T05:39:08.014Z	DEBUG	middleware/sign_mw.go:47	sign ----------> Z1RzU7z2hAlwykMhV5Cv1AkgFn5T7UZ+inlrkFzF5nI=
        2025/12/03 05:39:08 http: superfluous response.WriteHeader call from github.com/mrPTqp/metrics/internal/server/middleware.(*loggingResponseWriter).WriteHeader (logging_mw.go:30)
        2025-12-03T05:39:08.014Z	INFO	middleware/logging_mw.go:69	uri /value/ method POST duration 528.601µs status 200 size 71
        2025-12-03T05:39:08.114Z	DEBUG	middleware/gzip_mw.go:15	accept encoding value gzip
        2025-12-03T05:39:08.115Z	DEBUG	middleware/gzip_mw.go:17	supports gzip %!b(bool=true)
        2025-12-03T05:39:08.115Z	DEBUG	middleware/gzip_mw.go:19	try compress
        2025-12-03T05:39:08.115Z	INFO	service/base_metrics_service.go:44	Retrieved gauge: HeapInuse = 1990656.000000
        2025-12-03T05:39:08.115Z	INFO	handler/metrics_handler_json.go:173	return gauge metric %s value %fHeapInuse1.990656e+06
        2025-12-03T05:39:08.115Z	DEBUG	middleware/sign_mw.go:47	sign ----------> cU8/wHTRLepbt4LH+LCZ5XkJmXUJpIUOGzh7rgA9d2Q=
        2025/12/03 05:39:08 http: superfluous response.WriteHeader call from github.com/mrPTqp/metrics/internal/server/middleware.(*loggingResponseWriter).WriteHeader (logging_mw.go:30)
        2025-12-03T05:39:08.115Z	INFO	middleware/logging_mw.go:69	uri /value/ method POST duration 1.017685ms status 200 size 72
        2025-12-03T05:39:08.216Z	DEBUG	middleware/gzip_mw.go:15	accept encoding value gzip
        2025-12-03T05:39:08.216Z	DEBUG	middleware/gzip_mw.go:17	supports gzip %!b(bool=true)
        2025-12-03T05:39:08.216Z	DEBUG	middleware/gzip_mw.go:19	try compress
        2025-12-03T05:39:08.217Z	INFO	service/base_metrics_service.go:44	Retrieved gauge: HeapObjects = 1293.000000
        2025-12-03T05:39:08.217Z	INFO	handler/metrics_handler_json.go:173	return gauge metric %s value %fHeapObjects1293
        2025-12-03T05:39:08.217Z	DEBUG	middleware/sign_mw.go:47	sign ----------> 4EiAMOd5555wTbRPIGsdfPtkh2q/jiN2Xu1xy12v5lo=
        2025/12/03 05:39:08 http: superfluous response.WriteHeader call from github.com/mrPTqp/metrics/internal/server/middleware.(*loggingResponseWriter).WriteHeader (logging_mw.go:30)
        2025-12-03T05:39:08.217Z	INFO	middleware/logging_mw.go:69	uri /value/ method POST duration 574.106µs status 200 size 73
        2025-12-03T05:39:08.318Z	DEBUG	middleware/gzip_mw.go:15	accept encoding value gzip
        2025-12-03T05:39:08.318Z	DEBUG	middleware/gzip_mw.go:17	supports gzip %!b(bool=true)
        2025-12-03T05:39:08.318Z	DEBUG	middleware/gzip_mw.go:19	try compress
        2025-12-03T05:39:08.318Z	INFO	service/base_metrics_service.go:44	Retrieved gauge: Mallocs = 1363.000000
        2025-12-03T05:39:08.318Z	INFO	handler/metrics_handler_json.go:173	return gauge metric %s value %fMallocs1363
        2025-12-03T05:39:08.318Z	DEBUG	middleware/sign_mw.go:47	sign ----------> 3Lne+qLyIgpBLs4GXy1i+B6Sl24zNsQS8XvcuW9Tazg=
        2025/12/03 05:39:08 http: superfluous response.WriteHeader call from github.com/mrPTqp/metrics/internal/server/middleware.(*loggingResponseWriter).WriteHeader (logging_mw.go:30)
        2025-12-03T05:39:08.318Z	INFO	middleware/logging_mw.go:69	uri /value/ method POST duration 573.378µs status 200 size 69
        2025-12-03T05:39:08.419Z	DEBUG	middleware/gzip_mw.go:15	accept encoding value gzip
        2025-12-03T05:39:08.419Z	DEBUG	middleware/gzip_mw.go:17	supports gzip %!b(bool=true)
        2025-12-03T05:39:08.419Z	DEBUG	middleware/gzip_mw.go:19	try compress
        2025-12-03T05:39:08.420Z	INFO	service/base_metrics_service.go:44	Retrieved gauge: TotalAlloc = 1341904.000000
        2025-12-03T05:39:08.420Z	INFO	handler/metrics_handler_json.go:173	return gauge metric %s value %fTotalAlloc1.341904e+06
        2025-12-03T05:39:08.420Z	DEBUG	middleware/sign_mw.go:47	sign ----------> v+tB4NqhJyc/zpyPLLM5KoZjQ7QBs3Uz6XRrHwQlmdM=
        2025/12/03 05:39:08 http: superfluous response.WriteHeader call from github.com/mrPTqp/metrics/internal/server/middleware.(*loggingResponseWriter).WriteHeader (logging_mw.go:30)
        2025-12-03T05:39:08.420Z	INFO	middleware/logging_mw.go:69	uri /value/ method POST duration 975.553µs status 200 size 75
        2025-12-03T05:39:08.521Z	DEBUG	middleware/gzip_mw.go:15	accept encoding value gzip
        2025-12-03T05:39:08.521Z	DEBUG	middleware/gzip_mw.go:17	supports gzip %!b(bool=true)
        2025-12-03T05:39:08.521Z	DEBUG	middleware/gzip_mw.go:19	try compress
        2025-12-03T05:39:08.521Z	INFO	service/base_metrics_service.go:53	Retrieved counter: PollCount = 474
        2025-12-03T05:39:08.522Z	INFO	handler/metrics_handler_json.go:190	return counter metric %s value %dPollCount474
        2025-12-03T05:39:08.522Z	DEBUG	middleware/sign_mw.go:47	sign ----------> hW+1wI0R/x66EOYRdIergjJLWdGUqPBrKnM6zz5Qr0g=
        2025/12/03 05:39:08 http: superfluous response.WriteHeader call from github.com/mrPTqp/metrics/internal/server/middleware.(*loggingResponseWriter).WriteHeader (logging_mw.go:30)
        2025-12-03T05:39:08.522Z	INFO	middleware/logging_mw.go:69	uri /value/ method POST duration 638.76µs status 200 size 70
        2025-12-03T05:39:08.622Z	DEBUG	middleware/gzip_mw.go:15	accept encoding value gzip
        2025-12-03T05:39:08.622Z	DEBUG	middleware/gzip_mw.go:17	supports gzip %!b(bool=true)
        2025-12-03T05:39:08.622Z	DEBUG	middleware/gzip_mw.go:19	try compress
        2025-12-03T05:39:08.623Z	INFO	service/base_metrics_service.go:44	Retrieved gauge: RandomValue = 0.490846
        2025-12-03T05:39:08.623Z	INFO	handler/metrics_handler_json.go:173	return gauge metric %s value %fRandomValue0.4908458140365596
        2025-12-03T05:39:08.623Z	DEBUG	middleware/sign_mw.go:47	sign ----------> aR+xitNsjQCwv9u4I5BbNK1KTKyP8OMZ+ghKcUnBzJY=
        2025/12/03 05:39:08 http: superfluous response.WriteHeader call from github.com/mrPTqp/metrics/internal/server/middleware.(*loggingResponseWriter).WriteHeader (logging_mw.go:30)
        2025-12-03T05:39:08.623Z	INFO	middleware/logging_mw.go:69	uri /value/ method POST duration 550.506µs status 200 size 82
        2025-12-03T05:39:08.724Z	DEBUG	middleware/gzip_mw.go:15	accept encoding value gzip
        2025-12-03T05:39:08.724Z	DEBUG	middleware/gzip_mw.go:17	supports gzip %!b(bool=true)
        2025-12-03T05:39:08.724Z	DEBUG	middleware/gzip_mw.go:19	try compress
        2025-12-03T05:39:08.724Z	INFO	service/base_metrics_service.go:44	Retrieved gauge: Alloc = 1341904.000000
        2025-12-03T05:39:08.725Z	INFO	handler/metrics_handler_json.go:173	return gauge metric %s value %fAlloc1.341904e+06
        2025-12-03T05:39:08.725Z	DEBUG	middleware/sign_mw.go:47	sign ----------> xTp24yQonkTNuRurmq+e9lqc43CO7Af5Xbz2lLHWgu8=
        2025/12/03 05:39:08 http: superfluous response.WriteHeader call from github.com/mrPTqp/metrics/internal/server/middleware.(*loggingResponseWriter).WriteHeader (logging_mw.go:30)
        2025-12-03T05:39:08.725Z	INFO	middleware/logging_mw.go:69	uri /value/ method POST duration 891.44µs status 200 size 70
        2025-12-03T05:39:08.825Z	DEBUG	middleware/gzip_mw.go:15	accept encoding value gzip
        2025-12-03T05:39:08.825Z	DEBUG	middleware/gzip_mw.go:17	supports gzip %!b(bool=true)
        2025-12-03T05:39:08.825Z	DEBUG	middleware/gzip_mw.go:19	try compress
        2025-12-03T05:39:08.826Z	INFO	service/base_metrics_service.go:44	Retrieved gauge: Frees = 70.000000
        2025-12-03T05:39:08.826Z	INFO	handler/metrics_handler_json.go:173	return gauge metric %s value %fFrees70
        2025-12-03T05:39:08.826Z	DEBUG	middleware/sign_mw.go:47	sign ----------> uJle0mAH8hU7VxS2Z0YjMgOQMs/8vSAdAgPkQGnpZS0=
        2025/12/03 05:39:08 http: superfluous response.WriteHeader call from github.com/mrPTqp/metrics/internal/server/middleware.(*loggingResponseWriter).WriteHeader (logging_mw.go:30)
        2025-12-03T05:39:08.826Z	INFO	middleware/logging_mw.go:69	uri /value/ method POST duration 539.031µs status 200 size 65
        2025-12-03T05:39:08.927Z	DEBUG	middleware/gzip_mw.go:15	accept encoding value gzip
        2025-12-03T05:39:08.927Z	DEBUG	middleware/gzip_mw.go:17	supports gzip %!b(bool=true)
        2025-12-03T05:39:08.927Z	DEBUG	middleware/gzip_mw.go:19	try compress
        2025-12-03T05:39:08.927Z	INFO	service/base_metrics_service.go:44	Retrieved gauge: HeapAlloc = 1341904.000000
        2025-12-03T05:39:08.927Z	INFO	handler/metrics_handler_json.go:173	return gauge metric %s value %fHeapAlloc1.341904e+06
        2025-12-03T05:39:08.927Z	DEBUG	middleware/sign_mw.go:47	sign ----------> wx/B5OVIzNdcl1PTB8RupD/YZjb4xHIQ+gYD/neHjA0=
        2025/12/03 05:39:08 http: superfluous response.WriteHeader call from github.com/mrPTqp/metrics/internal/server/middleware.(*loggingResponseWriter).WriteHeader (logging_mw.go:30)
        2025-12-03T05:39:08.927Z	INFO	middleware/logging_mw.go:69	uri /value/ method POST duration 612.013µs status 200 size 74
        2025-12-03T05:39:09.028Z	DEBUG	middleware/gzip_mw.go:15	accept encoding value gzip
        2025-12-03T05:39:09.028Z	DEBUG	middleware/gzip_mw.go:17	supports gzip %!b(bool=true)
        2025-12-03T05:39:09.028Z	DEBUG	middleware/gzip_mw.go:19	try compress
        2025-12-03T05:39:09.028Z	INFO	service/base_metrics_service.go:44	Retrieved gauge: HeapIdle = 1875968.000000
        2025-12-03T05:39:09.029Z	INFO	handler/metrics_handler_json.go:173	return gauge metric %s value %fHeapIdle1.875968e+06
        2025-12-03T05:39:09.029Z	DEBUG	middleware/sign_mw.go:47	sign ----------> Z1RzU7z2hAlwykMhV5Cv1AkgFn5T7UZ+inlrkFzF5nI=
        2025/12/03 05:39:09 http: superfluous response.WriteHeader call from github.com/mrPTqp/metrics/internal/server/middleware.(*loggingResponseWriter).WriteHeader (logging_mw.go:30)
        2025-12-03T05:39:09.029Z	INFO	middleware/logging_mw.go:69	uri /value/ method POST duration 945.638µs status 200 size 71
        2025-12-03T05:39:09.130Z	DEBUG	middleware/gzip_mw.go:15	accept encoding value gzip
        2025-12-03T05:39:09.130Z	DEBUG	middleware/gzip_mw.go:17	supports gzip %!b(bool=true)
        2025-12-03T05:39:09.130Z	DEBUG	middleware/gzip_mw.go:19	try compress
        2025-12-03T05:39:09.130Z	INFO	service/base_metrics_service.go:44	Retrieved gauge: HeapInuse = 1990656.000000
        2025-12-03T05:39:09.130Z	INFO	handler/metrics_handler_json.go:173	return gauge metric %s value %fHeapInuse1.990656e+06
        2025-12-03T05:39:09.130Z	DEBUG	middleware/sign_mw.go:47	sign ----------> cU8/wHTRLepbt4LH+LCZ5XkJmXUJpIUOGzh7rgA9d2Q=
        2025/12/03 05:39:09 http: superfluous response.WriteHeader call from github.com/mrPTqp/metrics/internal/server/middleware.(*loggingResponseWriter).WriteHeader (logging_mw.go:30)
        2025-12-03T05:39:09.130Z	INFO	middleware/logging_mw.go:69	uri /value/ method POST duration 569.454µs status 200 size 72
        2025-12-03T05:39:09.231Z	DEBUG	middleware/gzip_mw.go:15	accept encoding value gzip
        2025-12-03T05:39:09.231Z	DEBUG	middleware/gzip_mw.go:17	supports gzip %!b(bool=true)
        2025-12-03T05:39:09.231Z	DEBUG	middleware/gzip_mw.go:19	try compress
        2025-12-03T05:39:09.231Z	INFO	service/base_metrics_service.go:44	Retrieved gauge: HeapObjects = 1293.000000
        2025-12-03T05:39:09.232Z	INFO	handler/metrics_handler_json.go:173	return gauge metric %s value %fHeapObjects1293
        2025-12-03T05:39:09.232Z	DEBUG	middleware/sign_mw.go:47	sign ----------> 4EiAMOd5555wTbRPIGsdfPtkh2q/jiN2Xu1xy12v5lo=
        2025/12/03 05:39:09 http: superfluous response.WriteHeader call from github.com/mrPTqp/metrics/internal/server/middleware.(*loggingResponseWriter).WriteHeader (logging_mw.go:30)
        2025-12-03T05:39:09.232Z	INFO	middleware/logging_mw.go:69	uri /value/ method POST duration 539.013µs status 200 size 73
        2025-12-03T05:39:09.332Z	DEBUG	middleware/gzip_mw.go:15	accept encoding value gzip
        2025-12-03T05:39:09.332Z	DEBUG	middleware/gzip_mw.go:17	supports gzip %!b(bool=true)
        2025-12-03T05:39:09.332Z	DEBUG	middleware/gzip_mw.go:19	try compress
        2025-12-03T05:39:09.333Z	INFO	service/base_metrics_service.go:44	Retrieved gauge: Mallocs = 1363.000000
        2025-12-03T05:39:09.333Z	INFO	handler/metrics_handler_json.go:173	return gauge metric %s value %fMallocs1363
        2025-12-03T05:39:09.333Z	DEBUG	middleware/sign_mw.go:47	sign ----------> 3Lne+qLyIgpBLs4GXy1i+B6Sl24zNsQS8XvcuW9Tazg=
        2025/12/03 05:39:09 http: superfluous response.WriteHeader call from github.com/mrPTqp/metrics/internal/server/middleware.(*loggingResponseWriter).WriteHeader (logging_mw.go:30)
        2025-12-03T05:39:09.333Z	INFO	middleware/logging_mw.go:69	uri /value/ method POST duration 923.043µs status 200 size 69
        2025-12-03T05:39:09.434Z	DEBUG	middleware/gzip_mw.go:15	accept encoding value gzip
        2025-12-03T05:39:09.434Z	DEBUG	middleware/gzip_mw.go:17	supports gzip %!b(bool=true)
        2025-12-03T05:39:09.434Z	DEBUG	middleware/gzip_mw.go:19	try compress
        2025-12-03T05:39:09.434Z	INFO	service/base_metrics_service.go:44	Retrieved gauge: TotalAlloc = 1341904.000000
        2025-12-03T05:39:09.435Z	INFO	handler/metrics_handler_json.go:173	return gauge metric %s value %fTotalAlloc1.341904e+06
        2025-12-03T05:39:09.435Z	DEBUG	middleware/sign_mw.go:47	sign ----------> v+tB4NqhJyc/zpyPLLM5KoZjQ7QBs3Uz6XRrHwQlmdM=
        2025/12/03 05:39:09 http: superfluous response.WriteHeader call from github.com/mrPTqp/metrics/internal/server/middleware.(*loggingResponseWriter).WriteHeader (logging_mw.go:30)
        2025-12-03T05:39:09.435Z	INFO	middleware/logging_mw.go:69	uri /value/ method POST duration 532.956µs status 200 size 75
        2025-12-03T05:39:09.535Z	DEBUG	middleware/gzip_mw.go:15	accept encoding value gzip
        2025-12-03T05:39:09.535Z	DEBUG	middleware/gzip_mw.go:17	supports gzip %!b(bool=true)
        2025-12-03T05:39:09.535Z	DEBUG	middleware/gzip_mw.go:19	try compress
        2025-12-03T05:39:09.536Z	INFO	service/base_metrics_service.go:53	Retrieved counter: PollCount = 474
        2025-12-03T05:39:09.536Z	INFO	handler/metrics_handler_json.go:190	return counter metric %s value %dPollCount474
        2025-12-03T05:39:09.536Z	DEBUG	middleware/sign_mw.go:47	sign ----------> hW+1wI0R/x66EOYRdIergjJLWdGUqPBrKnM6zz5Qr0g=
        2025/12/03 05:39:09 http: superfluous response.WriteHeader call from github.com/mrPTqp/metrics/internal/server/middleware.(*loggingResponseWriter).WriteHeader (logging_mw.go:30)
        2025-12-03T05:39:09.536Z	INFO	middleware/logging_mw.go:69	uri /value/ method POST duration 605.974µs status 200 size 70
        2025-12-03T05:39:09.637Z	DEBUG	middleware/gzip_mw.go:15	accept encoding value gzip
        2025-12-03T05:39:09.637Z	DEBUG	middleware/gzip_mw.go:17	supports gzip %!b(bool=true)
        2025-12-03T05:39:09.637Z	DEBUG	middleware/gzip_mw.go:19	try compress
        2025-12-03T05:39:09.637Z	INFO	service/base_metrics_service.go:44	Retrieved gauge: RandomValue = 0.490846
        2025-12-03T05:39:09.638Z	INFO	handler/metrics_handler_json.go:173	return gauge metric %s value %fRandomValue0.4908458140365596
        2025-12-03T05:39:09.638Z	DEBUG	middleware/sign_mw.go:47	sign ----------> aR+xitNsjQCwv9u4I5BbNK1KTKyP8OMZ+ghKcUnBzJY=
        2025/12/03 05:39:09 http: superfluous response.WriteHeader call from github.com/mrPTqp/metrics/internal/server/middleware.(*loggingResponseWriter).WriteHeader (logging_mw.go:30)
        2025-12-03T05:39:09.638Z	INFO	middleware/logging_mw.go:69	uri /value/ method POST duration 874.522µs status 200 size 82
        2025-12-03T05:39:09.738Z	DEBUG	middleware/gzip_mw.go:15	accept encoding value gzip
        2025-12-03T05:39:09.738Z	DEBUG	middleware/gzip_mw.go:17	supports gzip %!b(bool=true)
        2025-12-03T05:39:09.738Z	DEBUG	middleware/gzip_mw.go:19	try compress
        2025-12-03T05:39:09.739Z	INFO	service/base_metrics_service.go:44	Retrieved gauge: Alloc = 1341904.000000
        2025-12-03T05:39:09.739Z	INFO	handler/metrics_handler_json.go:173	return gauge metric %s value %fAlloc1.341904e+06
        2025-12-03T05:39:09.739Z	DEBUG	middleware/sign_mw.go:47	sign ----------> xTp24yQonkTNuRurmq+e9lqc43CO7Af5Xbz2lLHWgu8=
        2025/12/03 05:39:09 http: superfluous response.WriteHeader call from github.com/mrPTqp/metrics/internal/server/middleware.(*loggingResponseWriter).WriteHeader (logging_mw.go:30)
        2025-12-03T05:39:09.739Z	INFO	middleware/logging_mw.go:69	uri /value/ method POST duration 514.014µs status 200 size 70
        2025-12-03T05:39:09.840Z	DEBUG	middleware/gzip_mw.go:15	accept encoding value gzip
        2025-12-03T05:39:09.840Z	DEBUG	middleware/gzip_mw.go:17	supports gzip %!b(bool=true)
        2025-12-03T05:39:09.840Z	DEBUG	middleware/gzip_mw.go:19	try compress
        2025-12-03T05:39:09.840Z	INFO	service/base_metrics_service.go:44	Retrieved gauge: Frees = 70.000000
        2025-12-03T05:39:09.840Z	INFO	handler/metrics_handler_json.go:173	return gauge metric %s value %fFrees70
        2025-12-03T05:39:09.840Z	DEBUG	middleware/sign_mw.go:47	sign ----------> uJle0mAH8hU7VxS2Z0YjMgOQMs/8vSAdAgPkQGnpZS0=
        2025/12/03 05:39:09 http: superfluous response.WriteHeader call from github.com/mrPTqp/metrics/internal/server/middleware.(*loggingResponseWriter).WriteHeader (logging_mw.go:30)
        2025-12-03T05:39:09.840Z	INFO	middleware/logging_mw.go:69	uri /value/ method POST duration 613.214µs status 200 size 65
        2025-12-03T05:39:09.941Z	DEBUG	middleware/gzip_mw.go:15	accept encoding value gzip
        2025-12-03T05:39:09.941Z	DEBUG	middleware/gzip_mw.go:17	supports gzip %!b(bool=true)
        2025-12-03T05:39:09.941Z	DEBUG	middleware/gzip_mw.go:19	try compress
        2025-12-03T05:39:09.941Z	INFO	service/base_metrics_service.go:44	Retrieved gauge: HeapAlloc = 1341904.000000
        2025-12-03T05:39:09.942Z	INFO	handler/metrics_handler_json.go:173	return gauge metric %s value %fHeapAlloc1.341904e+06
        2025-12-03T05:39:09.942Z	DEBUG	middleware/sign_mw.go:47	sign ----------> wx/B5OVIzNdcl1PTB8RupD/YZjb4xHIQ+gYD/neHjA0=
        2025/12/03 05:39:09 http: superfluous response.WriteHeader call from github.com/mrPTqp/metrics/internal/server/middleware.(*loggingResponseWriter).WriteHeader (logging_mw.go:30)
        2025-12-03T05:39:09.942Z	INFO	middleware/logging_mw.go:69	uri /value/ method POST duration 896.974µs status 200 size 74
        2025-12-03T05:39:10.043Z	DEBUG	middleware/gzip_mw.go:15	accept encoding value gzip
        2025-12-03T05:39:10.043Z	DEBUG	middleware/gzip_mw.go:17	supports gzip %!b(bool=true)
        2025-12-03T05:39:10.043Z	DEBUG	middleware/gzip_mw.go:19	try compress
        2025-12-03T05:39:10.043Z	INFO	service/base_metrics_service.go:44	Retrieved gauge: HeapIdle = 1875968.000000
        2025-12-03T05:39:10.043Z	INFO	handler/metrics_handler_json.go:173	return gauge metric %s value %fHeapIdle1.875968e+06
        2025-12-03T05:39:10.043Z	DEBUG	middleware/sign_mw.go:47	sign ----------> Z1RzU7z2hAlwykMhV5Cv1AkgFn5T7UZ+inlrkFzF5nI=
        2025/12/03 05:39:10 http: superfluous response.WriteHeader call from github.com/mrPTqp/metrics/internal/server/middleware.(*loggingResponseWriter).WriteHeader (logging_mw.go:30)
        2025-12-03T05:39:10.043Z	INFO	middleware/logging_mw.go:69	uri /value/ method POST duration 599.025µs status 200 size 71
        2025-12-03T05:39:10.144Z	DEBUG	middleware/gzip_mw.go:15	accept encoding value gzip
        2025-12-03T05:39:10.144Z	DEBUG	middleware/gzip_mw.go:17	supports gzip %!b(bool=true)
        2025-12-03T05:39:10.144Z	DEBUG	middleware/gzip_mw.go:19	try compress
        2025-12-03T05:39:10.145Z	INFO	service/base_metrics_service.go:44	Retrieved gauge: HeapInuse = 1990656.000000
        2025-12-03T05:39:10.145Z	INFO	handler/metrics_handler_json.go:173	return gauge metric %s value %fHeapInuse1.990656e+06
        2025-12-03T05:39:10.145Z	DEBUG	middleware/sign_mw.go:47	sign ----------> cU8/wHTRLepbt4LH+LCZ5XkJmXUJpIUOGzh7rgA9d2Q=
        2025/12/03 05:39:10 http: superfluous response.WriteHeader call from github.com/mrPTqp/metrics/internal/server/middleware.(*loggingResponseWriter).WriteHeader (logging_mw.go:30)
        2025-12-03T05:39:10.145Z	INFO	middleware/logging_mw.go:69	uri /value/ method POST duration 579.472µs status 200 size 72
        2025-12-03T05:39:10.245Z	DEBUG	middleware/gzip_mw.go:15	accept encoding value gzip
        2025-12-03T05:39:10.246Z	DEBUG	middleware/gzip_mw.go:17	supports gzip %!b(bool=true)
        2025-12-03T05:39:10.246Z	DEBUG	middleware/gzip_mw.go:19	try compress
        2025-12-03T05:39:10.246Z	INFO	service/base_metrics_service.go:44	Retrieved gauge: HeapObjects = 1293.000000
        2025-12-03T05:39:10.246Z	INFO	handler/metrics_handler_json.go:173	return gauge metric %s value %fHeapObjects1293
        2025-12-03T05:39:10.246Z	DEBUG	middleware/sign_mw.go:47	sign ----------> 4EiAMOd5555wTbRPIGsdfPtkh2q/jiN2Xu1xy12v5lo=
        2025/12/03 05:39:10 http: superfluous response.WriteHeader call from github.com/mrPTqp/metrics/internal/server/middleware.(*loggingResponseWriter).WriteHeader (logging_mw.go:30)
        2025-12-03T05:39:10.247Z	INFO	middleware/logging_mw.go:69	uri /value/ method POST duration 1.051273ms status 200 size 73
        2025-12-03T05:39:10.347Z	DEBUG	middleware/gzip_mw.go:15	accept encoding value gzip
        2025-12-03T05:39:10.347Z	DEBUG	middleware/gzip_mw.go:17	supports gzip %!b(bool=true)
        2025-12-03T05:39:10.347Z	DEBUG	middleware/gzip_mw.go:19	try compress
        2025-12-03T05:39:10.348Z	INFO	service/base_metrics_service.go:44	Retrieved gauge: Mallocs = 1363.000000
        2025-12-03T05:39:10.348Z	INFO	handler/metrics_handler_json.go:173	return gauge metric %s value %fMallocs1363
        2025-12-03T05:39:10.348Z	DEBUG	middleware/sign_mw.go:47	sign ----------> 3Lne+qLyIgpBLs4GXy1i+B6Sl24zNsQS8XvcuW9Tazg=
        2025/12/03 05:39:10 http: superfluous response.WriteHeader call from github.com/mrPTqp/metrics/internal/server/middleware.(*loggingResponseWriter).WriteHeader (logging_mw.go:30)
        2025-12-03T05:39:10.348Z	INFO	middleware/logging_mw.go:69	uri /value/ method POST duration 517.499µs status 200 size 69
        2025-12-03T05:39:10.448Z	DEBUG	middleware/gzip_mw.go:15	accept encoding value gzip
        2025-12-03T05:39:10.449Z	DEBUG	middleware/gzip_mw.go:17	supports gzip %!b(bool=true)
        2025-12-03T05:39:10.449Z	DEBUG	middleware/gzip_mw.go:19	try compress
        2025-12-03T05:39:10.449Z	INFO	service/base_metrics_service.go:44	Retrieved gauge: TotalAlloc = 1341904.000000
        2025-12-03T05:39:10.449Z	INFO	handler/metrics_handler_json.go:173	return gauge metric %s value %fTotalAlloc1.341904e+06
        2025-12-03T05:39:10.449Z	DEBUG	middleware/sign_mw.go:47	sign ----------> v+tB4NqhJyc/zpyPLLM5KoZjQ7QBs3Uz6XRrHwQlmdM=
        2025/12/03 05:39:10 http: superfluous response.WriteHeader call from github.com/mrPTqp/metrics/internal/server/middleware.(*loggingResponseWriter).WriteHeader (logging_mw.go:30)
        2025-12-03T05:39:10.449Z	INFO	middleware/logging_mw.go:69	uri /value/ method POST duration 568.997µs status 200 size 75
        2025-12-03T05:39:10.550Z	DEBUG	middleware/gzip_mw.go:15	accept encoding value gzip
        2025-12-03T05:39:10.550Z	DEBUG	middleware/gzip_mw.go:17	supports gzip %!b(bool=true)
        2025-12-03T05:39:10.550Z	DEBUG	middleware/gzip_mw.go:19	try compress
        2025-12-03T05:39:10.550Z	INFO	service/base_metrics_service.go:53	Retrieved counter: PollCount = 474
        2025-12-03T05:39:10.551Z	INFO	handler/metrics_handler_json.go:190	return counter metric %s value %dPollCount474
        2025-12-03T05:39:10.551Z	DEBUG	middleware/sign_mw.go:47	sign ----------> hW+1wI0R/x66EOYRdIergjJLWdGUqPBrKnM6zz5Qr0g=
        2025/12/03 05:39:10 http: superfluous response.WriteHeader call from github.com/mrPTqp/metrics/internal/server/middleware.(*loggingResponseWriter).WriteHeader (logging_mw.go:30)
        2025-12-03T05:39:10.551Z	INFO	middleware/logging_mw.go:69	uri /value/ method POST duration 860.621µs status 200 size 70
        2025-12-03T05:39:10.651Z	DEBUG	middleware/gzip_mw.go:15	accept encoding value gzip
        2025-12-03T05:39:10.651Z	DEBUG	middleware/gzip_mw.go:17	supports gzip %!b(bool=true)
        2025-12-03T05:39:10.651Z	DEBUG	middleware/gzip_mw.go:19	try compress
        2025-12-03T05:39:10.652Z	INFO	service/base_metrics_service.go:44	Retrieved gauge: RandomValue = 0.490846
        2025-12-03T05:39:10.652Z	INFO	handler/metrics_handler_json.go:173	return gauge metric %s value %fRandomValue0.4908458140365596
        2025-12-03T05:39:10.652Z	DEBUG	middleware/sign_mw.go:47	sign ----------> aR+xitNsjQCwv9u4I5BbNK1KTKyP8OMZ+ghKcUnBzJY=
        2025/12/03 05:39:10 http: superfluous response.WriteHeader call from github.com/mrPTqp/metrics/internal/server/middleware.(*loggingResponseWriter).WriteHeader (logging_mw.go:30)
        2025-12-03T05:39:10.652Z	INFO	middleware/logging_mw.go:69	uri /value/ method POST duration 471.698µs status 200 size 82
        2025-12-03T05:39:10.753Z	DEBUG	middleware/gzip_mw.go:15	accept encoding value gzip
        2025-12-03T05:39:10.753Z	DEBUG	middleware/gzip_mw.go:17	supports gzip %!b(bool=true)
        2025-12-03T05:39:10.753Z	DEBUG	middleware/gzip_mw.go:19	try compress
        2025-12-03T05:39:10.753Z	INFO	service/base_metrics_service.go:44	Retrieved gauge: Alloc = 1341904.000000
        2025-12-03T05:39:10.753Z	INFO	handler/metrics_handler_json.go:173	return gauge metric %s value %fAlloc1.341904e+06
        2025-12-03T05:39:10.753Z	DEBUG	middleware/sign_mw.go:47	sign ----------> xTp24yQonkTNuRurmq+e9lqc43CO7Af5Xbz2lLHWgu8=
        2025/12/03 05:39:10 http: superfluous response.WriteHeader call from github.com/mrPTqp/metrics/internal/server/middleware.(*loggingResponseWriter).WriteHeader (logging_mw.go:30)
        2025-12-03T05:39:10.753Z	INFO	middleware/logging_mw.go:69	uri /value/ method POST duration 401.401µs status 200 size 70
        2025-12-03T05:39:10.839Z	INFO	signer/signer.go:38	signature mismatch:
        expected: V2ioLMIZwiuQ3Olx7gM2mQL7uLBwhMpUEl0bgq1iUCw=
        received: 02RFwXMXNJ3iHhFCC2Qm4je58PU5q+rj91miPgKsP28=
        2025-12-03T05:39:10.839Z	WARN	middleware/sign_mw.go:36	invalid signature in request
        main.main.func1.SignMiddleware.1
        	/__w/metrics/metrics/internal/server/middleware/sign_mw.go:36
        net/http.HandlerFunc.ServeHTTP
        	/usr/local/go/src/net/http/server.go:2294
        github.com/mrPTqp/metrics/internal/server/middleware.LoggingMiddleware.func1
        	/__w/metrics/metrics/internal/server/middleware/logging_mw.go:78
        net/http.HandlerFunc.ServeHTTP
        	/usr/local/go/src/net/http/server.go:2294
        github.com/go-chi/chi/v5.(*Mux).routeHTTP
        	/go/pkg/mod/github.com/go-chi/chi/v5@v5.2.3/mux.go:477
        net/http.HandlerFunc.ServeHTTP
        	/usr/local/go/src/net/http/server.go:2294
        github.com/go-chi/chi/v5.(*Mux).ServeHTTP
        	/go/pkg/mod/github.com/go-chi/chi/v5@v5.2.3/mux.go:73
        github.com/go-chi/chi/v5.(*Mux).Mount.func1
        	/go/pkg/mod/github.com/go-chi/chi/v5@v5.2.3/mux.go:321
        net/http.HandlerFunc.ServeHTTP
        	/usr/local/go/src/net/http/server.go:2294
        github.com/go-chi/chi/v5.(*Mux).routeHTTP
        	/go/pkg/mod/github.com/go-chi/chi/v5@v5.2.3/mux.go:477
        net/http.HandlerFunc.ServeHTTP
        	/usr/local/go/src/net/http/server.go:2294
        github.com/go-chi/chi/v5.(*Mux).ServeHTTP
        	/go/pkg/mod/github.com/go-chi/chi/v5@v5.2.3/mux.go:90
        net/http.serverHandler.ServeHTTP
        	/usr/local/go/src/net/http/server.go:3301
        net/http.(*conn).serve
        	/usr/local/go/src/net/http/server.go:2102
        2025-12-03T05:39:10.839Z	INFO	middleware/logging_mw.go:69	uri /updates method POST duration 63.399µs status 400 size 30
        2025-12-03T05:39:10.853Z	DEBUG	middleware/gzip_mw.go:15	accept encoding value gzip
        2025-12-03T05:39:10.853Z	DEBUG	middleware/gzip_mw.go:17	supports gzip %!b(bool=true)
        2025-12-03T05:39:10.853Z	DEBUG	middleware/gzip_mw.go:19	try compress
        2025-12-03T05:39:10.854Z	INFO	service/base_metrics_service.go:44	Retrieved gauge: Frees = 70.000000
        2025-12-03T05:39:10.854Z	INFO	handler/metrics_handler_json.go:173	return gauge metric %s value %fFrees70
        2025-12-03T05:39:10.854Z	DEBUG	middleware/sign_mw.go:47	sign ----------> uJle0mAH8hU7VxS2Z0YjMgOQMs/8vSAdAgPkQGnpZS0=
        2025/12/03 05:39:10 http: superfluous response.WriteHeader call from github.com/mrPTqp/metrics/internal/server/middleware.(*loggingResponseWriter).WriteHeader (logging_mw.go:30)
        2025-12-03T05:39:10.854Z	INFO	middleware/logging_mw.go:69	uri /value/ method POST duration 778.257µs status 200 size 65
        2025-12-03T05:39:10.955Z	DEBUG	middleware/gzip_mw.go:15	accept encoding value gzip
        2025-12-03T05:39:10.955Z	DEBUG	middleware/gzip_mw.go:17	supports gzip %!b(bool=true)
        2025-12-03T05:39:10.955Z	DEBUG	middleware/gzip_mw.go:19	try compress
        2025-12-03T05:39:10.955Z	INFO	service/base_metrics_service.go:44	Retrieved gauge: HeapAlloc = 1341904.000000
        2025-12-03T05:39:10.955Z	INFO	handler/metrics_handler_json.go:173	return gauge metric %s value %fHeapAlloc1.341904e+06
        2025-12-03T05:39:10.955Z	DEBUG	middleware/sign_mw.go:47	sign ----------> wx/B5OVIzNdcl1PTB8RupD/YZjb4xHIQ+gYD/neHjA0=
        2025/12/03 05:39:10 http: superfluous response.WriteHeader call from github.com/mrPTqp/metrics/internal/server/middleware.(*loggingResponseWriter).WriteHeader (logging_mw.go:30)
        2025-12-03T05:39:10.955Z	INFO	middleware/logging_mw.go:69	uri /value/ method POST duration 449.747µs status 200 size 74
        2025-12-03T05:39:11.056Z	DEBUG	middleware/gzip_mw.go:15	accept encoding value gzip
        2025-12-03T05:39:11.056Z	DEBUG	middleware/gzip_mw.go:17	supports gzip %!b(bool=true)
        2025-12-03T05:39:11.056Z	DEBUG	middleware/gzip_mw.go:19	try compress
        2025-12-03T05:39:11.056Z	INFO	service/base_metrics_service.go:44	Retrieved gauge: HeapIdle = 1875968.000000
        2025-12-03T05:39:11.056Z	INFO	handler/metrics_handler_json.go:173	return gauge metric %s value %fHeapIdle1.875968e+06
        2025-12-03T05:39:11.056Z	DEBUG	middleware/sign_mw.go:47	sign ----------> Z1RzU7z2hAlwykMhV5Cv1AkgFn5T7UZ+inlrkFzF5nI=
        2025/12/03 05:39:11 http: superfluous response.WriteHeader call from github.com/mrPTqp/metrics/internal/server/middleware.(*loggingResponseWriter).WriteHeader (logging_mw.go:30)
        2025-12-03T05:39:11.056Z	INFO	middleware/logging_mw.go:69	uri /value/ method POST duration 415.207µs status 200 size 71
        2025-12-03T05:39:11.157Z	DEBUG	middleware/gzip_mw.go:15	accept encoding value gzip
        2025-12-03T05:39:11.157Z	DEBUG	middleware/gzip_mw.go:17	supports gzip %!b(bool=true)
        2025-12-03T05:39:11.157Z	DEBUG	middleware/gzip_mw.go:19	try compress
        2025-12-03T05:39:11.157Z	INFO	service/base_metrics_service.go:44	Retrieved gauge: HeapInuse = 1990656.000000
        2025-12-03T05:39:11.158Z	INFO	handler/metrics_handler_json.go:173	return gauge metric %s value %fHeapInuse1.990656e+06
        2025-12-03T05:39:11.158Z	DEBUG	middleware/sign_mw.go:47	sign ----------> cU8/wHTRLepbt4LH+LCZ5XkJmXUJpIUOGzh7rgA9d2Q=
        2025/12/03 05:39:11 http: superfluous response.WriteHeader call from github.com/mrPTqp/metrics/internal/server/middleware.(*loggingResponseWriter).WriteHeader (logging_mw.go:30)
        2025-12-03T05:39:11.158Z	INFO	middleware/logging_mw.go:69	uri /value/ method POST duration 972.385µs status 200 size 72
        2025-12-03T05:39:11.259Z	DEBUG	middleware/gzip_mw.go:15	accept encoding value gzip
        2025-12-03T05:39:11.259Z	DEBUG	middleware/gzip_mw.go:17	supports gzip %!b(bool=true)
        2025-12-03T05:39:11.259Z	DEBUG	middleware/gzip_mw.go:19	try compress
        2025-12-03T05:39:11.259Z	INFO	service/base_metrics_service.go:44	Retrieved gauge: HeapObjects = 1293.000000
        2025-12-03T05:39:11.259Z	INFO	handler/metrics_handler_json.go:173	return gauge metric %s value %fHeapObjects1293
        2025-12-03T05:39:11.259Z	DEBUG	middleware/sign_mw.go:47	sign ----------> 4EiAMOd5555wTbRPIGsdfPtkh2q/jiN2Xu1xy12v5lo=
        2025/12/03 05:39:11 http: superfluous response.WriteHeader call from github.com/mrPTqp/metrics/internal/server/middleware.(*loggingResponseWriter).WriteHeader (logging_mw.go:30)
        2025-12-03T05:39:11.259Z	INFO	middleware/logging_mw.go:69	uri /value/ method POST duration 592.167µs status 200 size 73
        2025-12-03T05:39:11.360Z	DEBUG	middleware/gzip_mw.go:15	accept encoding value gzip
        2025-12-03T05:39:11.360Z	DEBUG	middleware/gzip_mw.go:17	supports gzip %!b(bool=true)
        2025-12-03T05:39:11.360Z	DEBUG	middleware/gzip_mw.go:19	try compress
        2025-12-03T05:39:11.360Z	INFO	service/base_metrics_service.go:44	Retrieved gauge: Mallocs = 1363.000000
        2025-12-03T05:39:11.360Z	INFO	handler/metrics_handler_json.go:173	return gauge metric %s value %fMallocs1363
        2025-12-03T05:39:11.360Z	DEBUG	middleware/sign_mw.go:47	sign ----------> 3Lne+qLyIgpBLs4GXy1i+B6Sl24zNsQS8XvcuW9Tazg=
        2025/12/03 05:39:11 http: superfluous response.WriteHeader call from github.com/mrPTqp/metrics/internal/server/middleware.(*loggingResponseWriter).WriteHeader (logging_mw.go:30)
        2025-12-03T05:39:11.360Z	INFO	middleware/logging_mw.go:69	uri /value/ method POST duration 570.266µs status 200 size 69
        2025-12-03T05:39:11.461Z	DEBUG	middleware/gzip_mw.go:15	accept encoding value gzip
        2025-12-03T05:39:11.461Z	DEBUG	middleware/gzip_mw.go:17	supports gzip %!b(bool=true)
        2025-12-03T05:39:11.461Z	DEBUG	middleware/gzip_mw.go:19	try compress
        2025-12-03T05:39:11.462Z	INFO	service/base_metrics_service.go:44	Retrieved gauge: TotalAlloc = 1341904.000000
        2025-12-03T05:39:11.462Z	INFO	handler/metrics_handler_json.go:173	return gauge metric %s value %fTotalAlloc1.341904e+06
        2025-12-03T05:39:11.462Z	DEBUG	middleware/sign_mw.go:47	sign ----------> v+tB4NqhJyc/zpyPLLM5KoZjQ7QBs3Uz6XRrHwQlmdM=
        2025/12/03 05:39:11 http: superfluous response.WriteHeader call from github.com/mrPTqp/metrics/internal/server/middleware.(*loggingResponseWriter).WriteHeader (logging_mw.go:30)
        2025-12-03T05:39:11.462Z	INFO	middleware/logging_mw.go:69	uri /value/ method POST duration 1.045016ms status 200 size 75
        2025-12-03T05:39:11.563Z	DEBUG	middleware/gzip_mw.go:15	accept encoding value gzip
        2025-12-03T05:39:11.563Z	DEBUG	middleware/gzip_mw.go:17	supports gzip %!b(bool=true)
        2025-12-03T05:39:11.563Z	DEBUG	middleware/gzip_mw.go:19	try compress
        2025-12-03T05:39:11.563Z	INFO	service/base_metrics_service.go:53	Retrieved counter: PollCount = 474
        2025-12-03T05:39:11.563Z	INFO	handler/metrics_handler_json.go:190	return counter metric %s value %dPollCount474
        2025-12-03T05:39:11.563Z	DEBUG	middleware/sign_mw.go:47	sign ----------> hW+1wI0R/x66EOYRdIergjJLWdGUqPBrKnM6zz5Qr0g=
        2025/12/03 05:39:11 http: superfluous response.WriteHeader call from github.com/mrPTqp/metrics/internal/server/middleware.(*loggingResponseWriter).WriteHeader (logging_mw.go:30)
        2025-12-03T05:39:11.564Z	INFO	middleware/logging_mw.go:69	uri /value/ method POST duration 549.486µs status 200 size 70
        2025-12-03T05:39:11.664Z	DEBUG	middleware/gzip_mw.go:15	accept encoding value gzip
        2025-12-03T05:39:11.664Z	DEBUG	middleware/gzip_mw.go:17	supports gzip %!b(bool=true)
        2025-12-03T05:39:11.664Z	DEBUG	middleware/gzip_mw.go:19	try compress
        2025-12-03T05:39:11.665Z	INFO	service/base_metrics_service.go:44	Retrieved gauge: RandomValue = 0.490846
        2025-12-03T05:39:11.665Z	INFO	handler/metrics_handler_json.go:173	return gauge metric %s value %fRandomValue0.4908458140365596
        2025-12-03T05:39:11.665Z	DEBUG	middleware/sign_mw.go:47	sign ----------> aR+xitNsjQCwv9u4I5BbNK1KTKyP8OMZ+ghKcUnBzJY=
        2025/12/03 05:39:11 http: superfluous response.WriteHeader call from github.com/mrPTqp/metrics/internal/server/middleware.(*loggingResponseWriter).WriteHeader (logging_mw.go:30)
        2025-12-03T05:39:11.665Z	INFO	middleware/logging_mw.go:69	uri /value/ method POST duration 519.665µs status 200 size 82
        2025-12-03T05:39:11.766Z	DEBUG	middleware/gzip_mw.go:15	accept encoding value gzip
        2025-12-03T05:39:11.766Z	DEBUG	middleware/gzip_mw.go:17	supports gzip %!b(bool=true)
        2025-12-03T05:39:11.766Z	DEBUG	middleware/gzip_mw.go:19	try compress
        2025-12-03T05:39:11.766Z	INFO	service/base_metrics_service.go:44	Retrieved gauge: Alloc = 1341904.000000
        2025-12-03T05:39:11.766Z	INFO	handler/metrics_handler_json.go:173	return gauge metric %s value %fAlloc1.341904e+06
        2025-12-03T05:39:11.766Z	DEBUG	middleware/sign_mw.go:47	sign ----------> xTp24yQonkTNuRurmq+e9lqc43CO7Af5Xbz2lLHWgu8=
        2025/12/03 05:39:11 http: superfluous response.WriteHeader call from github.com/mrPTqp/metrics/internal/server/middleware.(*loggingResponseWriter).WriteHeader (logging_mw.go:30)
        2025-12-03T05:39:11.766Z	INFO	middleware/logging_mw.go:69	uri /value/ method POST duration 893.397µs status 200 size 70
        2025-12-03T05:39:11.867Z	DEBUG	middleware/gzip_mw.go:15	accept encoding value gzip
        2025-12-03T05:39:11.867Z	DEBUG	middleware/gzip_mw.go:17	supports gzip %!b(bool=true)
        2025-12-03T05:39:11.867Z	DEBUG	middleware/gzip_mw.go:19	try compress
        2025-12-03T05:39:11.868Z	INFO	service/base_metrics_service.go:44	Retrieved gauge: Frees = 70.000000
        2025-12-03T05:39:11.868Z	INFO	handler/metrics_handler_json.go:173	return gauge metric %s value %fFrees70
        2025-12-03T05:39:11.868Z	DEBUG	middleware/sign_mw.go:47	sign ----------> uJle0mAH8hU7VxS2Z0YjMgOQMs/8vSAdAgPkQGnpZS0=
        2025/12/03 05:39:11 http: superfluous response.WriteHeader call from github.com/mrPTqp/metrics/internal/server/middleware.(*loggingResponseWriter).WriteHeader (logging_mw.go:30)
        2025-12-03T05:39:11.868Z	INFO	middleware/logging_mw.go:69	uri /value/ method POST duration 500.749µs status 200 size 65
        2025-12-03T05:39:11.969Z	DEBUG	middleware/gzip_mw.go:15	accept encoding value gzip
        2025-12-03T05:39:11.969Z	DEBUG	middleware/gzip_mw.go:17	supports gzip %!b(bool=true)
        2025-12-03T05:39:11.969Z	DEBUG	middleware/gzip_mw.go:19	try compress
        2025-12-03T05:39:11.969Z	INFO	service/base_metrics_service.go:44	Retrieved gauge: HeapAlloc = 1341904.000000
        2025-12-03T05:39:11.969Z	INFO	handler/metrics_handler_json.go:173	return gauge metric %s value %fHeapAlloc1.341904e+06
        2025-12-03T05:39:11.969Z	DEBUG	middleware/sign_mw.go:47	sign ----------> wx/B5OVIzNdcl1PTB8RupD/YZjb4xHIQ+gYD/neHjA0=
        2025/12/03 05:39:11 http: superfluous response.WriteHeader call from github.com/mrPTqp/metrics/internal/server/middleware.(*loggingResponseWriter).WriteHeader (logging_mw.go:30)
        2025-12-03T05:39:11.969Z	INFO	middleware/logging_mw.go:69	uri /value/ method POST duration 490.994µs status 200 size 74
        2025-12-03T05:39:12.070Z	DEBUG	middleware/gzip_mw.go:15	accept encoding value gzip
        2025-12-03T05:39:12.070Z	DEBUG	middleware/gzip_mw.go:17	supports gzip %!b(bool=true)
        2025-12-03T05:39:12.070Z	DEBUG	middleware/gzip_mw.go:19	try compress
        2025-12-03T05:39:12.070Z	INFO	service/base_metrics_service.go:44	Retrieved gauge: HeapIdle = 1875968.000000
        2025-12-03T05:39:12.071Z	INFO	handler/metrics_handler_json.go:173	return gauge metric %s value %fHeapIdle1.875968e+06
        2025-12-03T05:39:12.071Z	DEBUG	middleware/sign_mw.go:47	sign ----------> Z1RzU7z2hAlwykMhV5Cv1AkgFn5T7UZ+inlrkFzF5nI=
        2025/12/03 05:39:12 http: superfluous response.WriteHeader call from github.com/mrPTqp/metrics/internal/server/middleware.(*loggingResponseWriter).WriteHeader (logging_mw.go:30)
        2025-12-03T05:39:12.071Z	INFO	middleware/logging_mw.go:69	uri /value/ method POST duration 1.013309ms status 200 size 71
        2025-12-03T05:39:12.172Z	DEBUG	middleware/gzip_mw.go:15	accept encoding value gzip
        2025-12-03T05:39:12.172Z	DEBUG	middleware/gzip_mw.go:17	supports gzip %!b(bool=true)
        2025-12-03T05:39:12.172Z	DEBUG	middleware/gzip_mw.go:19	try compress
        2025-12-03T05:39:12.172Z	INFO	service/base_metrics_service.go:44	Retrieved gauge: HeapInuse = 1990656.000000
        2025-12-03T05:39:12.172Z	INFO	handler/metrics_handler_json.go:173	return gauge metric %s value %fHeapInuse1.990656e+06
        2025-12-03T05:39:12.172Z	DEBUG	middleware/sign_mw.go:47	sign ----------> cU8/wHTRLepbt4LH+LCZ5XkJmXUJpIUOGzh7rgA9d2Q=
        2025/12/03 05:39:12 http: superfluous response.WriteHeader call from github.com/mrPTqp/metrics/internal/server/middleware.(*loggingResponseWriter).WriteHeader (logging_mw.go:30)
        2025-12-03T05:39:12.172Z	INFO	middleware/logging_mw.go:69	uri /value/ method POST duration 578.908µs status 200 size 72
        2025-12-03T05:39:12.273Z	DEBUG	middleware/gzip_mw.go:15	accept encoding value gzip
        2025-12-03T05:39:12.273Z	DEBUG	middleware/gzip_mw.go:17	supports gzip %!b(bool=true)
        2025-12-03T05:39:12.273Z	DEBUG	middleware/gzip_mw.go:19	try compress
        2025-12-03T05:39:12.273Z	INFO	service/base_metrics_service.go:44	Retrieved gauge: HeapObjects = 1293.000000
        2025-12-03T05:39:12.273Z	INFO	handler/metrics_handler_json.go:173	return gauge metric %s value %fHeapObjects1293
        2025-12-03T05:39:12.274Z	DEBUG	middleware/sign_mw.go:47	sign ----------> 4EiAMOd5555wTbRPIGsdfPtkh2q/jiN2Xu1xy12v5lo=
        2025/12/03 05:39:12 http: superfluous response.WriteHeader call from github.com/mrPTqp/metrics/internal/server/middleware.(*loggingResponseWriter).WriteHeader (logging_mw.go:30)
        2025-12-03T05:39:12.274Z	INFO	middleware/logging_mw.go:69	uri /value/ method POST duration 564.413µs status 200 size 73
        2025-12-03T05:39:12.374Z	DEBUG	middleware/gzip_mw.go:15	accept encoding value gzip
        2025-12-03T05:39:12.374Z	DEBUG	middleware/gzip_mw.go:17	supports gzip %!b(bool=true)
        2025-12-03T05:39:12.374Z	DEBUG	middleware/gzip_mw.go:19	try compress
        2025-12-03T05:39:12.375Z	INFO	service/base_metrics_service.go:44	Retrieved gauge: Mallocs = 1363.000000
        2025-12-03T05:39:12.375Z	INFO	handler/metrics_handler_json.go:173	return gauge metric %s value %fMallocs1363
        2025-12-03T05:39:12.375Z	DEBUG	middleware/sign_mw.go:47	sign ----------> 3Lne+qLyIgpBLs4GXy1i+B6Sl24zNsQS8XvcuW9Tazg=
        2025/12/03 05:39:12 http: superfluous response.WriteHeader call from github.com/mrPTqp/metrics/internal/server/middleware.(*loggingResponseWriter).WriteHeader (logging_mw.go:30)
        2025-12-03T05:39:12.375Z	INFO	middleware/logging_mw.go:69	uri /value/ method POST duration 894.148µs status 200 size 69
        2025-12-03T05:39:12.476Z	DEBUG	middleware/gzip_mw.go:15	accept encoding value gzip
        2025-12-03T05:39:12.476Z	DEBUG	middleware/gzip_mw.go:17	supports gzip %!b(bool=true)
        2025-12-03T05:39:12.476Z	DEBUG	middleware/gzip_mw.go:19	try compress
        2025-12-03T05:39:12.476Z	INFO	service/base_metrics_service.go:44	Retrieved gauge: TotalAlloc = 1341904.000000
        2025-12-03T05:39:12.476Z	INFO	handler/metrics_handler_json.go:173	return gauge metric %s value %fTotalAlloc1.341904e+06
        2025-12-03T05:39:12.476Z	DEBUG	middleware/sign_mw.go:47	sign ----------> v+tB4NqhJyc/zpyPLLM5KoZjQ7QBs3Uz6XRrHwQlmdM=
        2025/12/03 05:39:12 http: superfluous response.WriteHeader call from github.com/mrPTqp/metrics/internal/server/middleware.(*loggingResponseWriter).WriteHeader (logging_mw.go:30)
        2025-12-03T05:39:12.477Z	INFO	middleware/logging_mw.go:69	uri /value/ method POST duration 555.352µs status 200 size 75
        2025-12-03T05:39:12.577Z	DEBUG	middleware/gzip_mw.go:15	accept encoding value gzip
        2025-12-03T05:39:12.577Z	DEBUG	middleware/gzip_mw.go:17	supports gzip %!b(bool=true)
        2025-12-03T05:39:12.577Z	DEBUG	middleware/gzip_mw.go:19	try compress
        2025-12-03T05:39:12.578Z	INFO	service/base_metrics_service.go:53	Retrieved counter: PollCount = 474
        2025-12-03T05:39:12.578Z	INFO	handler/metrics_handler_json.go:190	return counter metric %s value %dPollCount474
        2025-12-03T05:39:12.578Z	DEBUG	middleware/sign_mw.go:47	sign ----------> hW+1wI0R/x66EOYRdIergjJLWdGUqPBrKnM6zz5Qr0g=
        2025/12/03 05:39:12 http: superfluous response.WriteHeader call from github.com/mrPTqp/metrics/internal/server/middleware.(*loggingResponseWriter).WriteHeader (logging_mw.go:30)
        2025-12-03T05:39:12.578Z	INFO	middleware/logging_mw.go:69	uri /value/ method POST duration 574.205µs status 200 size 70
        2025-12-03T05:39:12.679Z	DEBUG	middleware/gzip_mw.go:15	accept encoding value gzip
        2025-12-03T05:39:12.679Z	DEBUG	middleware/gzip_mw.go:17	supports gzip %!b(bool=true)
        2025-12-03T05:39:12.679Z	DEBUG	middleware/gzip_mw.go:19	try compress
        2025-12-03T05:39:12.679Z	INFO	service/base_metrics_service.go:44	Retrieved gauge: RandomValue = 0.490846
        2025-12-03T05:39:12.679Z	INFO	handler/metrics_handler_json.go:173	return gauge metric %s value %fRandomValue0.4908458140365596
        2025-12-03T05:39:12.679Z	DEBUG	middleware/sign_mw.go:47	sign ----------> aR+xitNsjQCwv9u4I5BbNK1KTKyP8OMZ+ghKcUnBzJY=
        2025/12/03 05:39:12 http: superfluous response.WriteHeader call from github.com/mrPTqp/metrics/internal/server/middleware.(*loggingResponseWriter).WriteHeader (logging_mw.go:30)
        2025-12-03T05:39:12.679Z	INFO	middleware/logging_mw.go:69	uri /value/ method POST duration 823.484µs status 200 size 82
        2025-12-03T05:39:12.780Z	DEBUG	middleware/gzip_mw.go:15	accept encoding value gzip
        2025-12-03T05:39:12.780Z	DEBUG	middleware/gzip_mw.go:17	supports gzip %!b(bool=true)
        2025-12-03T05:39:12.780Z	DEBUG	middleware/gzip_mw.go:19	try compress
        2025-12-03T05:39:12.780Z	INFO	service/base_metrics_service.go:44	Retrieved gauge: Alloc = 1341904.000000
        2025-12-03T05:39:12.780Z	INFO	handler/metrics_handler_json.go:173	return gauge metric %s value %fAlloc1.341904e+06
        2025-12-03T05:39:12.780Z	DEBUG	middleware/sign_mw.go:47	sign ----------> xTp24yQonkTNuRurmq+e9lqc43CO7Af5Xbz2lLHWgu8=
        2025/12/03 05:39:12 http: superfluous response.WriteHeader call from github.com/mrPTqp/metrics/internal/server/middleware.(*loggingResponseWriter).WriteHeader (logging_mw.go:30)
        2025-12-03T05:39:12.780Z	INFO	middleware/logging_mw.go:69	uri /value/ method POST duration 436.114µs status 200 size 70
        2025-12-03T05:39:12.881Z	DEBUG	middleware/gzip_mw.go:15	accept encoding value gzip
        2025-12-03T05:39:12.881Z	DEBUG	middleware/gzip_mw.go:17	supports gzip %!b(bool=true)
        2025-12-03T05:39:12.881Z	DEBUG	middleware/gzip_mw.go:19	try compress
        2025-12-03T05:39:12.881Z	INFO	service/base_metrics_service.go:44	Retrieved gauge: Frees = 70.000000
        2025-12-03T05:39:12.881Z	INFO	handler/metrics_handler_json.go:173	return gauge metric %s value %fFrees70
        2025-12-03T05:39:12.881Z	DEBUG	middleware/sign_mw.go:47	sign ----------> uJle0mAH8hU7VxS2Z0YjMgOQMs/8vSAdAgPkQGnpZS0=
        2025/12/03 05:39:12 http: superfluous response.WriteHeader call from github.com/mrPTqp/metrics/internal/server/middleware.(*loggingResponseWriter).WriteHeader (logging_mw.go:30)
        2025-12-03T05:39:12.881Z	INFO	middleware/logging_mw.go:69	uri /value/ method POST duration 360.361µs status 200 size 65
        2025-12-03T05:39:12.982Z	DEBUG	middleware/gzip_mw.go:15	accept encoding value gzip
        2025-12-03T05:39:12.982Z	DEBUG	middleware/gzip_mw.go:17	supports gzip %!b(bool=true)
        2025-12-03T05:39:12.982Z	DEBUG	middleware/gzip_mw.go:19	try compress
        2025-12-03T05:39:12.982Z	INFO	service/base_metrics_service.go:44	Retrieved gauge: HeapAlloc = 1341904.000000
        2025-12-03T05:39:12.983Z	INFO	handler/metrics_handler_json.go:173	return gauge metric %s value %fHeapAlloc1.341904e+06
        2025-12-03T05:39:12.983Z	DEBUG	middleware/sign_mw.go:47	sign ----------> wx/B5OVIzNdcl1PTB8RupD/YZjb4xHIQ+gYD/neHjA0=
        2025/12/03 05:39:12 http: superfluous response.WriteHeader call from github.com/mrPTqp/metrics/internal/server/middleware.(*loggingResponseWriter).WriteHeader (logging_mw.go:30)
        2025-12-03T05:39:12.983Z	INFO	middleware/logging_mw.go:69	uri /value/ method POST duration 870.188µs status 200 size 74
        2025-12-03T05:39:13.084Z	DEBUG	middleware/gzip_mw.go:15	accept encoding value gzip
        2025-12-03T05:39:13.084Z	DEBUG	middleware/gzip_mw.go:17	supports gzip %!b(bool=true)
        2025-12-03T05:39:13.084Z	DEBUG	middleware/gzip_mw.go:19	try compress
        2025-12-03T05:39:13.084Z	INFO	service/base_metrics_service.go:44	Retrieved gauge: HeapIdle = 1875968.000000
        2025-12-03T05:39:13.084Z	INFO	handler/metrics_handler_json.go:173	return gauge metric %s value %fHeapIdle1.875968e+06
        2025-12-03T05:39:13.084Z	DEBUG	middleware/sign_mw.go:47	sign ----------> Z1RzU7z2hAlwykMhV5Cv1AkgFn5T7UZ+inlrkFzF5nI=
        2025/12/03 05:39:13 http: superfluous response.WriteHeader call from github.com/mrPTqp/metrics/internal/server/middleware.(*loggingResponseWriter).WriteHeader (logging_mw.go:30)
        2025-12-03T05:39:13.084Z	INFO	middleware/logging_mw.go:69	uri /value/ method POST duration 561.604µs status 200 size 71
        2025-12-03T05:39:13.185Z	DEBUG	middleware/gzip_mw.go:15	accept encoding value gzip
        2025-12-03T05:39:13.185Z	DEBUG	middleware/gzip_mw.go:17	supports gzip %!b(bool=true)
        2025-12-03T05:39:13.185Z	DEBUG	middleware/gzip_mw.go:19	try compress
        2025-12-03T05:39:13.185Z	INFO	service/base_metrics_service.go:44	Retrieved gauge: HeapInuse = 1990656.000000
        2025-12-03T05:39:13.185Z	INFO	handler/metrics_handler_json.go:173	return gauge metric %s value %fHeapInuse1.990656e+06
        2025-12-03T05:39:13.185Z	DEBUG	middleware/sign_mw.go:47	sign ----------> cU8/wHTRLepbt4LH+LCZ5XkJmXUJpIUOGzh7rgA9d2Q=
        2025/12/03 05:39:13 http: superfluous response.WriteHeader call from github.com/mrPTqp/metrics/internal/server/middleware.(*loggingResponseWriter).WriteHeader (logging_mw.go:30)
        2025-12-03T05:39:13.185Z	INFO	middleware/logging_mw.go:69	uri /value/ method POST duration 432.269µs status 200 size 72
        2025-12-03T05:39:13.286Z	DEBUG	middleware/gzip_mw.go:15	accept encoding value gzip
        2025-12-03T05:39:13.286Z	DEBUG	middleware/gzip_mw.go:17	supports gzip %!b(bool=true)
        2025-12-03T05:39:13.286Z	DEBUG	middleware/gzip_mw.go:19	try compress
        2025-12-03T05:39:13.286Z	INFO	service/base_metrics_service.go:44	Retrieved gauge: HeapObjects = 1293.000000
        2025-12-03T05:39:13.287Z	INFO	handler/metrics_handler_json.go:173	return gauge metric %s value %fHeapObjects1293
        2025-12-03T05:39:13.287Z	DEBUG	middleware/sign_mw.go:47	sign ----------> 4EiAMOd5555wTbRPIGsdfPtkh2q/jiN2Xu1xy12v5lo=
        2025/12/03 05:39:13 http: superfluous response.WriteHeader call from github.com/mrPTqp/metrics/internal/server/middleware.(*loggingResponseWriter).WriteHeader (logging_mw.go:30)
        2025-12-03T05:39:13.287Z	INFO	middleware/logging_mw.go:69	uri /value/ method POST duration 855.442µs status 200 size 73
        2025-12-03T05:39:13.387Z	DEBUG	middleware/gzip_mw.go:15	accept encoding value gzip
        2025-12-03T05:39:13.387Z	DEBUG	middleware/gzip_mw.go:17	supports gzip %!b(bool=true)
        2025-12-03T05:39:13.387Z	DEBUG	middleware/gzip_mw.go:19	try compress
        2025-12-03T05:39:13.388Z	INFO	service/base_metrics_service.go:44	Retrieved gauge: Mallocs = 1363.000000
        2025-12-03T05:39:13.388Z	INFO	handler/metrics_handler_json.go:173	return gauge metric %s value %fMallocs1363
        2025-12-03T05:39:13.388Z	DEBUG	middleware/sign_mw.go:47	sign ----------> 3Lne+qLyIgpBLs4GXy1i+B6Sl24zNsQS8XvcuW9Tazg=
        2025/12/03 05:39:13 http: superfluous response.WriteHeader call from github.com/mrPTqp/metrics/internal/server/middleware.(*loggingResponseWriter).WriteHeader (logging_mw.go:30)
        2025-12-03T05:39:13.388Z	INFO	middleware/logging_mw.go:69	uri /value/ method POST duration 428.107µs status 200 size 69
        2025-12-03T05:39:13.488Z	DEBUG	middleware/gzip_mw.go:15	accept encoding value gzip
        2025-12-03T05:39:13.488Z	DEBUG	middleware/gzip_mw.go:17	supports gzip %!b(bool=true)
        2025-12-03T05:39:13.489Z	DEBUG	middleware/gzip_mw.go:19	try compress
        2025-12-03T05:39:13.489Z	INFO	service/base_metrics_service.go:44	Retrieved gauge: TotalAlloc = 1341904.000000
        2025-12-03T05:39:13.489Z	INFO	handler/metrics_handler_json.go:173	return gauge metric %s value %fTotalAlloc1.341904e+06
        2025-12-03T05:39:13.489Z	DEBUG	middleware/sign_mw.go:47	sign ----------> v+tB4NqhJyc/zpyPLLM5KoZjQ7QBs3Uz6XRrHwQlmdM=
        2025/12/03 05:39:13 http: superfluous response.WriteHeader call from github.com/mrPTqp/metrics/internal/server/middleware.(*loggingResponseWriter).WriteHeader (logging_mw.go:30)
        2025-12-03T05:39:13.489Z	INFO	middleware/logging_mw.go:69	uri /value/ method POST duration 522.578µs status 200 size 75
        2025-12-03T05:39:13.590Z	DEBUG	middleware/gzip_mw.go:15	accept encoding value gzip
        2025-12-03T05:39:13.590Z	DEBUG	middleware/gzip_mw.go:17	supports gzip %!b(bool=true)
        2025-12-03T05:39:13.590Z	DEBUG	middleware/gzip_mw.go:19	try compress
        2025-12-03T05:39:13.590Z	INFO	service/base_metrics_service.go:53	Retrieved counter: PollCount = 474
        2025-12-03T05:39:13.590Z	INFO	handler/metrics_handler_json.go:190	return counter metric %s value %dPollCount474
        2025-12-03T05:39:13.590Z	DEBUG	middleware/sign_mw.go:47	sign ----------> hW+1wI0R/x66EOYRdIergjJLWdGUqPBrKnM6zz5Qr0g=
        2025/12/03 05:39:13 http: superfluous response.WriteHeader call from github.com/mrPTqp/metrics/internal/server/middleware.(*loggingResponseWriter).WriteHeader (logging_mw.go:30)
        2025-12-03T05:39:13.591Z	INFO	middleware/logging_mw.go:69	uri /value/ method POST duration 862.332µs status 200 size 70
        2025-12-03T05:39:13.691Z	DEBUG	middleware/gzip_mw.go:15	accept encoding value gzip
        2025-12-03T05:39:13.691Z	DEBUG	middleware/gzip_mw.go:17	supports gzip %!b(bool=true)
        2025-12-03T05:39:13.691Z	DEBUG	middleware/gzip_mw.go:19	try compress
        2025-12-03T05:39:13.691Z	INFO	service/base_metrics_service.go:44	Retrieved gauge: RandomValue = 0.490846
        2025-12-03T05:39:13.691Z	INFO	handler/metrics_handler_json.go:173	return gauge metric %s value %fRandomValue0.4908458140365596
        2025-12-03T05:39:13.692Z	DEBUG	middleware/sign_mw.go:47	sign ----------> aR+xitNsjQCwv9u4I5BbNK1KTKyP8OMZ+ghKcUnBzJY=
        2025/12/03 05:39:13 http: superfluous response.WriteHeader call from github.com/mrPTqp/metrics/internal/server/middleware.(*loggingResponseWriter).WriteHeader (logging_mw.go:30)
        2025-12-03T05:39:13.692Z	INFO	middleware/logging_mw.go:69	uri /value/ method POST duration 451.117µs status 200 size 82
        2025-12-03T05:39:13.792Z	DEBUG	middleware/gzip_mw.go:15	accept encoding value gzip
        2025-12-03T05:39:13.792Z	DEBUG	middleware/gzip_mw.go:17	supports gzip %!b(bool=true)
        2025-12-03T05:39:13.792Z	DEBUG	middleware/gzip_mw.go:19	try compress
        2025-12-03T05:39:13.792Z	INFO	service/base_metrics_service.go:44	Retrieved gauge: Alloc = 1341904.000000
        2025-12-03T05:39:13.793Z	INFO	handler/metrics_handler_json.go:173	return gauge metric %s value %fAlloc1.341904e+06
        2025-12-03T05:39:13.793Z	DEBUG	middleware/sign_mw.go:47	sign ----------> xTp24yQonkTNuRurmq+e9lqc43CO7Af5Xbz2lLHWgu8=
        2025/12/03 05:39:13 http: superfluous response.WriteHeader call from github.com/mrPTqp/metrics/internal/server/middleware.(*loggingResponseWriter).WriteHeader (logging_mw.go:30)
        2025-12-03T05:39:13.793Z	INFO	middleware/logging_mw.go:69	uri /value/ method POST duration 406.197µs status 200 size 70
        2025-12-03T05:39:13.893Z	DEBUG	middleware/gzip_mw.go:15	accept encoding value gzip
        2025-12-03T05:39:13.893Z	DEBUG	middleware/gzip_mw.go:17	supports gzip %!b(bool=true)
        2025-12-03T05:39:13.893Z	DEBUG	middleware/gzip_mw.go:19	try compress
        2025-12-03T05:39:13.893Z	INFO	service/base_metrics_service.go:44	Retrieved gauge: Frees = 70.000000
        2025-12-03T05:39:13.894Z	INFO	handler/metrics_handler_json.go:173	return gauge metric %s value %fFrees70
        2025-12-03T05:39:13.894Z	DEBUG	middleware/sign_mw.go:47	sign ----------> uJle0mAH8hU7VxS2Z0YjMgOQMs/8vSAdAgPkQGnpZS0=
        2025/12/03 05:39:13 http: superfluous response.WriteHeader call from github.com/mrPTqp/metrics/internal/server/middleware.(*loggingResponseWriter).WriteHeader (logging_mw.go:30)
        2025-12-03T05:39:13.894Z	INFO	middleware/logging_mw.go:69	uri /value/ method POST duration 763.737µs status 200 size 65
        2025-12-03T05:39:13.994Z	DEBUG	middleware/gzip_mw.go:15	accept encoding value gzip
        2025-12-03T05:39:13.995Z	DEBUG	middleware/gzip_mw.go:17	supports gzip %!b(bool=true)
        2025-12-03T05:39:13.995Z	DEBUG	middleware/gzip_mw.go:19	try compress
        2025-12-03T05:39:13.995Z	INFO	service/base_metrics_service.go:44	Retrieved gauge: HeapAlloc = 1341904.000000
        2025-12-03T05:39:13.995Z	INFO	handler/metrics_handler_json.go:173	return gauge metric %s value %fHeapAlloc1.341904e+06
        2025-12-03T05:39:13.995Z	DEBUG	middleware/sign_mw.go:47	sign ----------> wx/B5OVIzNdcl1PTB8RupD/YZjb4xHIQ+gYD/neHjA0=
        2025/12/03 05:39:13 http: superfluous response.WriteHeader call from github.com/mrPTqp/metrics/internal/server/middleware.(*loggingResponseWriter).WriteHeader (logging_mw.go:30)
        2025-12-03T05:39:13.995Z	INFO	middleware/logging_mw.go:69	uri /value/ method POST duration 351.241µs status 200 size 74
        2025-12-03T05:39:14.095Z	DEBUG	middleware/gzip_mw.go:15	accept encoding value gzip
        2025-12-03T05:39:14.095Z	DEBUG	middleware/gzip_mw.go:17	supports gzip %!b(bool=true)
        2025-12-03T05:39:14.095Z	DEBUG	middleware/gzip_mw.go:19	try compress
        2025-12-03T05:39:14.096Z	INFO	service/base_metrics_service.go:44	Retrieved gauge: HeapIdle = 1875968.000000
        2025-12-03T05:39:14.096Z	INFO	handler/metrics_handler_json.go:173	return gauge metric %s value %fHeapIdle1.875968e+06
        2025-12-03T05:39:14.096Z	DEBUG	middleware/sign_mw.go:47	sign ----------> Z1RzU7z2hAlwykMhV5Cv1AkgFn5T7UZ+inlrkFzF5nI=
        2025/12/03 05:39:14 http: superfluous response.WriteHeader call from github.com/mrPTqp/metrics/internal/server/middleware.(*loggingResponseWriter).WriteHeader (logging_mw.go:30)
        2025-12-03T05:39:14.096Z	INFO	middleware/logging_mw.go:69	uri /value/ method POST duration 323.331µs status 200 size 71
        2025-12-03T05:39:14.196Z	DEBUG	middleware/gzip_mw.go:15	accept encoding value gzip
        2025-12-03T05:39:14.196Z	DEBUG	middleware/gzip_mw.go:17	supports gzip %!b(bool=true)
        2025-12-03T05:39:14.196Z	DEBUG	middleware/gzip_mw.go:19	try compress
        2025-12-03T05:39:14.196Z	INFO	service/base_metrics_service.go:44	Retrieved gauge: HeapInuse = 1990656.000000
        2025-12-03T05:39:14.197Z	INFO	handler/metrics_handler_json.go:173	return gauge metric %s value %fHeapInuse1.990656e+06
        2025-12-03T05:39:14.197Z	DEBUG	middleware/sign_mw.go:47	sign ----------> cU8/wHTRLepbt4LH+LCZ5XkJmXUJpIUOGzh7rgA9d2Q=
        2025/12/03 05:39:14 http: superfluous response.WriteHeader call from github.com/mrPTqp/metrics/internal/server/middleware.(*loggingResponseWriter).WriteHeader (logging_mw.go:30)
        2025-12-03T05:39:14.197Z	INFO	middleware/logging_mw.go:69	uri /value/ method POST duration 626.057µs status 200 size 72
        2025-12-03T05:39:14.298Z	DEBUG	middleware/gzip_mw.go:15	accept encoding value gzip
        2025-12-03T05:39:14.298Z	DEBUG	middleware/gzip_mw.go:17	supports gzip %!b(bool=true)
        2025-12-03T05:39:14.298Z	DEBUG	middleware/gzip_mw.go:19	try compress
        2025-12-03T05:39:14.298Z	INFO	service/base_metrics_service.go:44	Retrieved gauge: HeapObjects = 1293.000000
        2025-12-03T05:39:14.298Z	INFO	handler/metrics_handler_json.go:173	return gauge metric %s value %fHeapObjects1293
        2025-12-03T05:39:14.298Z	DEBUG	middleware/sign_mw.go:47	sign ----------> 4EiAMOd5555wTbRPIGsdfPtkh2q/jiN2Xu1xy12v5lo=
        2025/12/03 05:39:14 http: superfluous response.WriteHeader call from github.com/mrPTqp/metrics/internal/server/middleware.(*loggingResponseWriter).WriteHeader (logging_mw.go:30)
        2025-12-03T05:39:14.298Z	INFO	middleware/logging_mw.go:69	uri /value/ method POST duration 575.494µs status 200 size 73
        2025-12-03T05:39:14.399Z	DEBUG	middleware/gzip_mw.go:15	accept encoding value gzip
        2025-12-03T05:39:14.399Z	DEBUG	middleware/gzip_mw.go:17	supports gzip %!b(bool=true)
        2025-12-03T05:39:14.399Z	DEBUG	middleware/gzip_mw.go:19	try compress
        2025-12-03T05:39:14.399Z	INFO	service/base_metrics_service.go:44	Retrieved gauge: Mallocs = 1363.000000
        2025-12-03T05:39:14.399Z	INFO	handler/metrics_handler_json.go:173	return gauge metric %s value %fMallocs1363
        2025-12-03T05:39:14.399Z	DEBUG	middleware/sign_mw.go:47	sign ----------> 3Lne+qLyIgpBLs4GXy1i+B6Sl24zNsQS8XvcuW9Tazg=
        2025/12/03 05:39:14 http: superfluous response.WriteHeader call from github.com/mrPTqp/metrics/internal/server/middleware.(*loggingResponseWriter).WriteHeader (logging_mw.go:30)
        2025-12-03T05:39:14.399Z	INFO	middleware/logging_mw.go:69	uri /value/ method POST duration 508.048µs status 200 size 69
        2025-12-03T05:39:14.500Z	DEBUG	middleware/gzip_mw.go:15	accept encoding value gzip
        2025-12-03T05:39:14.500Z	DEBUG	middleware/gzip_mw.go:17	supports gzip %!b(bool=true)
        2025-12-03T05:39:14.500Z	DEBUG	middleware/gzip_mw.go:19	try compress
        2025-12-03T05:39:14.501Z	INFO	service/base_metrics_service.go:44	Retrieved gauge: TotalAlloc = 1341904.000000
        2025-12-03T05:39:14.501Z	INFO	handler/metrics_handler_json.go:173	return gauge metric %s value %fTotalAlloc1.341904e+06
        2025-12-03T05:39:14.501Z	DEBUG	middleware/sign_mw.go:47	sign ----------> v+tB4NqhJyc/zpyPLLM5KoZjQ7QBs3Uz6XRrHwQlmdM=
        2025/12/03 05:39:14 http: superfluous response.WriteHeader call from github.com/mrPTqp/metrics/internal/server/middleware.(*loggingResponseWriter).WriteHeader (logging_mw.go:30)
        2025-12-03T05:39:14.501Z	INFO	middleware/logging_mw.go:69	uri /value/ method POST duration 1.003993ms status 200 size 75
        2025-12-03T05:39:14.602Z	DEBUG	middleware/gzip_mw.go:15	accept encoding value gzip
        2025-12-03T05:39:14.602Z	DEBUG	middleware/gzip_mw.go:17	supports gzip %!b(bool=true)
        2025-12-03T05:39:14.602Z	DEBUG	middleware/gzip_mw.go:19	try compress
        2025-12-03T05:39:14.603Z	INFO	service/base_metrics_service.go:53	Retrieved counter: PollCount = 474
        2025-12-03T05:39:14.603Z	INFO	handler/metrics_handler_json.go:190	return counter metric %s value %dPollCount474
        2025-12-03T05:39:14.603Z	DEBUG	middleware/sign_mw.go:47	sign ----------> hW+1wI0R/x66EOYRdIergjJLWdGUqPBrKnM6zz5Qr0g=
        2025/12/03 05:39:14 http: superfluous response.WriteHeader call from github.com/mrPTqp/metrics/internal/server/middleware.(*loggingResponseWriter).WriteHeader (logging_mw.go:30)
        2025-12-03T05:39:14.603Z	INFO	middleware/logging_mw.go:69	uri /value/ method POST duration 586.474µs status 200 size 70
        2025-12-03T05:39:14.703Z	DEBUG	middleware/gzip_mw.go:15	accept encoding value gzip
        2025-12-03T05:39:14.704Z	DEBUG	middleware/gzip_mw.go:17	supports gzip %!b(bool=true)
        2025-12-03T05:39:14.704Z	DEBUG	middleware/gzip_mw.go:19	try compress
        2025-12-03T05:39:14.704Z	INFO	service/base_metrics_service.go:44	Retrieved gauge: RandomValue = 0.490846
        2025-12-03T05:39:14.704Z	INFO	handler/metrics_handler_json.go:173	return gauge metric %s value %fRandomValue0.4908458140365596
        2025-12-03T05:39:14.704Z	DEBUG	middleware/sign_mw.go:47	sign ----------> aR+xitNsjQCwv9u4I5BbNK1KTKyP8OMZ+ghKcUnBzJY=
        2025/12/03 05:39:14 http: superfluous response.WriteHeader call from github.com/mrPTqp/metrics/internal/server/middleware.(*loggingResponseWriter).WriteHeader (logging_mw.go:30)
        2025-12-03T05:39:14.704Z	INFO	middleware/logging_mw.go:69	uri /value/ method POST duration 514.796µs status 200 size 82
        2025-12-03T05:39:14.805Z	DEBUG	middleware/gzip_mw.go:15	accept encoding value gzip
        2025-12-03T05:39:14.805Z	DEBUG	middleware/gzip_mw.go:17	supports gzip %!b(bool=true)
        2025-12-03T05:39:14.805Z	DEBUG	middleware/gzip_mw.go:19	try compress
        2025-12-03T05:39:14.805Z	INFO	service/base_metrics_service.go:44	Retrieved gauge: Alloc = 1341904.000000
        2025-12-03T05:39:14.806Z	INFO	handler/metrics_handler_json.go:173	return gauge metric %s value %fAlloc1.341904e+06
        2025-12-03T05:39:14.806Z	DEBUG	middleware/sign_mw.go:47	sign ----------> xTp24yQonkTNuRurmq+e9lqc43CO7Af5Xbz2lLHWgu8=
        2025/12/03 05:39:14 http: superfluous response.WriteHeader call from github.com/mrPTqp/metrics/internal/server/middleware.(*loggingResponseWriter).WriteHeader (logging_mw.go:30)
        2025-12-03T05:39:14.806Z	INFO	middleware/logging_mw.go:69	uri /value/ method POST duration 939.217µs status 200 size 70
        2025-12-03T05:39:14.906Z	DEBUG	middleware/gzip_mw.go:15	accept encoding value gzip
        2025-12-03T05:39:14.906Z	DEBUG	middleware/gzip_mw.go:17	supports gzip %!b(bool=true)
        2025-12-03T05:39:14.906Z	DEBUG	middleware/gzip_mw.go:19	try compress
        2025-12-03T05:39:14.907Z	INFO	service/base_metrics_service.go:44	Retrieved gauge: Frees = 70.000000
        2025-12-03T05:39:14.907Z	INFO	handler/metrics_handler_json.go:173	return gauge metric %s value %fFrees70
        2025-12-03T05:39:14.907Z	DEBUG	middleware/sign_mw.go:47	sign ----------> uJle0mAH8hU7VxS2Z0YjMgOQMs/8vSAdAgPkQGnpZS0=
        2025/12/03 05:39:14 http: superfluous response.WriteHeader call from github.com/mrPTqp/metrics/internal/server/middleware.(*loggingResponseWriter).WriteHeader (logging_mw.go:30)
        2025-12-03T05:39:14.907Z	INFO	middleware/logging_mw.go:69	uri /value/ method POST duration 467.595µs status 200 size 65
        2025-12-03T05:39:15.008Z	DEBUG	middleware/gzip_mw.go:15	accept encoding value gzip
        2025-12-03T05:39:15.008Z	DEBUG	middleware/gzip_mw.go:17	supports gzip %!b(bool=true)
        2025-12-03T05:39:15.008Z	DEBUG	middleware/gzip_mw.go:19	try compress
        2025-12-03T05:39:15.008Z	INFO	service/base_metrics_service.go:44	Retrieved gauge: HeapAlloc = 1341904.000000
        2025-12-03T05:39:15.008Z	INFO	handler/metrics_handler_json.go:173	return gauge metric %s value %fHeapAlloc1.341904e+06
        2025-12-03T05:39:15.008Z	DEBUG	middleware/sign_mw.go:47	sign ----------> wx/B5OVIzNdcl1PTB8RupD/YZjb4xHIQ+gYD/neHjA0=
        2025/12/03 05:39:15 http: superfluous response.WriteHeader call from github.com/mrPTqp/metrics/internal/server/middleware.(*loggingResponseWriter).WriteHeader (logging_mw.go:30)
        2025-12-03T05:39:15.008Z	INFO	middleware/logging_mw.go:69	uri /value/ method POST duration 573.26µs status 200 size 74
        2025-12-03T05:39:15.109Z	DEBUG	middleware/gzip_mw.go:15	accept encoding value gzip
        2025-12-03T05:39:15.109Z	DEBUG	middleware/gzip_mw.go:17	supports gzip %!b(bool=true)
        2025-12-03T05:39:15.109Z	DEBUG	middleware/gzip_mw.go:19	try compress
        2025-12-03T05:39:15.109Z	INFO	service/base_metrics_service.go:44	Retrieved gauge: HeapIdle = 1875968.000000
        2025-12-03T05:39:15.110Z	INFO	handler/metrics_handler_json.go:173	return gauge metric %s value %fHeapIdle1.875968e+06
        2025-12-03T05:39:15.110Z	DEBUG	middleware/sign_mw.go:47	sign ----------> Z1RzU7z2hAlwykMhV5Cv1AkgFn5T7UZ+inlrkFzF5nI=
        2025/12/03 05:39:15 http: superfluous response.WriteHeader call from github.com/mrPTqp/metrics/internal/server/middleware.(*loggingResponseWriter).WriteHeader (logging_mw.go:30)
        2025-12-03T05:39:15.110Z	INFO	middleware/logging_mw.go:69	uri /value/ method POST duration 918.907µs status 200 size 71
        2025-12-03T05:39:15.211Z	DEBUG	middleware/gzip_mw.go:15	accept encoding value gzip
        2025-12-03T05:39:15.211Z	DEBUG	middleware/gzip_mw.go:17	supports gzip %!b(bool=true)
        2025-12-03T05:39:15.211Z	DEBUG	middleware/gzip_mw.go:19	try compress
        2025-12-03T05:39:15.211Z	INFO	service/base_metrics_service.go:44	Retrieved gauge: HeapInuse = 1990656.000000
        2025-12-03T05:39:15.211Z	INFO	handler/metrics_handler_json.go:173	return gauge metric %s value %fHeapInuse1.990656e+06
        2025-12-03T05:39:15.211Z	DEBUG	middleware/sign_mw.go:47	sign ----------> cU8/wHTRLepbt4LH+LCZ5XkJmXUJpIUOGzh7rgA9d2Q=
        2025/12/03 05:39:15 http: superfluous response.WriteHeader call from github.com/mrPTqp/metrics/internal/server/middleware.(*loggingResponseWriter).WriteHeader (logging_mw.go:30)
        2025-12-03T05:39:15.211Z	INFO	middleware/logging_mw.go:69	uri /value/ method POST duration 563.078µs status 200 size 72
        2025-12-03T05:39:15.312Z	DEBUG	middleware/gzip_mw.go:15	accept encoding value gzip
        2025-12-03T05:39:15.312Z	DEBUG	middleware/gzip_mw.go:17	supports gzip %!b(bool=true)
        2025-12-03T05:39:15.312Z	DEBUG	middleware/gzip_mw.go:19	try compress
        2025-12-03T05:39:15.312Z	INFO	service/base_metrics_service.go:44	Retrieved gauge: HeapObjects = 1293.000000
        2025-12-03T05:39:15.312Z	INFO	handler/metrics_handler_json.go:173	return gauge metric %s value %fHeapObjects1293
        2025-12-03T05:39:15.312Z	DEBUG	middleware/sign_mw.go:47	sign ----------> 4EiAMOd5555wTbRPIGsdfPtkh2q/jiN2Xu1xy12v5lo=
        2025/12/03 05:39:15 http: superfluous response.WriteHeader call from github.com/mrPTqp/metrics/internal/server/middleware.(*loggingResponseWriter).WriteHeader (logging_mw.go:30)
        2025-12-03T05:39:15.312Z	INFO	middleware/logging_mw.go:69	uri /value/ method POST duration 487.063µs status 200 size 73
        2025-12-03T05:39:15.413Z	DEBUG	middleware/gzip_mw.go:15	accept encoding value gzip
        2025-12-03T05:39:15.413Z	DEBUG	middleware/gzip_mw.go:17	supports gzip %!b(bool=true)
        2025-12-03T05:39:15.413Z	DEBUG	middleware/gzip_mw.go:19	try compress
        2025-12-03T05:39:15.413Z	INFO	service/base_metrics_service.go:44	Retrieved gauge: Mallocs = 1363.000000
        2025-12-03T05:39:15.414Z	INFO	handler/metrics_handler_json.go:173	return gauge metric %s value %fMallocs1363
        2025-12-03T05:39:15.414Z	DEBUG	middleware/sign_mw.go:47	sign ----------> 3Lne+qLyIgpBLs4GXy1i+B6Sl24zNsQS8XvcuW9Tazg=
        2025/12/03 05:39:15 http: superfluous response.WriteHeader call from github.com/mrPTqp/metrics/internal/server/middleware.(*loggingResponseWriter).WriteHeader (logging_mw.go:30)
        2025-12-03T05:39:15.414Z	INFO	middleware/logging_mw.go:69	uri /value/ method POST duration 844.083µs status 200 size 69
        2025-12-03T05:39:15.514Z	DEBUG	middleware/gzip_mw.go:15	accept encoding value gzip
        2025-12-03T05:39:15.514Z	DEBUG	middleware/gzip_mw.go:17	supports gzip %!b(bool=true)
        2025-12-03T05:39:15.514Z	DEBUG	middleware/gzip_mw.go:19	try compress
        2025-12-03T05:39:15.515Z	INFO	service/base_metrics_service.go:44	Retrieved gauge: TotalAlloc = 1341904.000000
        2025-12-03T05:39:15.515Z	INFO	handler/metrics_handler_json.go:173	return gauge metric %s value %fTotalAlloc1.341904e+06
        2025-12-03T05:39:15.515Z	DEBUG	middleware/sign_mw.go:47	sign ----------> v+tB4NqhJyc/zpyPLLM5KoZjQ7QBs3Uz6XRrHwQlmdM=
        2025/12/03 05:39:15 http: superfluous response.WriteHeader call from github.com/mrPTqp/metrics/internal/server/middleware.(*loggingResponseWriter).WriteHeader (logging_mw.go:30)
        2025-12-03T05:39:15.515Z	INFO	middleware/logging_mw.go:69	uri /value/ method POST duration 370.672µs status 200 size 75
        2025-12-03T05:39:15.615Z	DEBUG	middleware/gzip_mw.go:15	accept encoding value gzip
        2025-12-03T05:39:15.615Z	DEBUG	middleware/gzip_mw.go:17	supports gzip %!b(bool=true)
        2025-12-03T05:39:15.615Z	DEBUG	middleware/gzip_mw.go:19	try compress
        2025-12-03T05:39:15.616Z	INFO	service/base_metrics_service.go:53	Retrieved counter: PollCount = 474
        2025-12-03T05:39:15.616Z	INFO	handler/metrics_handler_json.go:190	return counter metric %s value %dPollCount474
        2025-12-03T05:39:15.616Z	DEBUG	middleware/sign_mw.go:47	sign ----------> hW+1wI0R/x66EOYRdIergjJLWdGUqPBrKnM6zz5Qr0g=
        2025/12/03 05:39:15 http: superfluous response.WriteHeader call from github.com/mrPTqp/metrics/internal/server/middleware.(*loggingResponseWriter).WriteHeader (logging_mw.go:30)
        2025-12-03T05:39:15.616Z	INFO	middleware/logging_mw.go:69	uri /value/ method POST duration 401.669µs status 200 size 70
        2025-12-03T05:39:15.716Z	DEBUG	middleware/gzip_mw.go:15	accept encoding value gzip
        2025-12-03T05:39:15.716Z	DEBUG	middleware/gzip_mw.go:17	supports gzip %!b(bool=true)
        2025-12-03T05:39:15.716Z	DEBUG	middleware/gzip_mw.go:19	try compress
        2025-12-03T05:39:15.717Z	INFO	service/base_metrics_service.go:44	Retrieved gauge: RandomValue = 0.490846
        2025-12-03T05:39:15.717Z	INFO	handler/metrics_handler_json.go:173	return gauge metric %s value %fRandomValue0.4908458140365596
        2025-12-03T05:39:15.717Z	DEBUG	middleware/sign_mw.go:47	sign ----------> aR+xitNsjQCwv9u4I5BbNK1KTKyP8OMZ+ghKcUnBzJY=
        2025/12/03 05:39:15 http: superfluous response.WriteHeader call from github.com/mrPTqp/metrics/internal/server/middleware.(*loggingResponseWriter).WriteHeader (logging_mw.go:30)
        2025-12-03T05:39:15.717Z	INFO	middleware/logging_mw.go:69	uri /value/ method POST duration 735.187µs status 200 size 82
        2025-12-03T05:39:15.818Z	DEBUG	middleware/gzip_mw.go:15	accept encoding value gzip
        2025-12-03T05:39:15.818Z	DEBUG	middleware/gzip_mw.go:17	supports gzip %!b(bool=true)
        2025-12-03T05:39:15.818Z	DEBUG	middleware/gzip_mw.go:19	try compress
        2025-12-03T05:39:15.818Z	INFO	service/base_metrics_service.go:44	Retrieved gauge: Alloc = 1341904.000000
        2025-12-03T05:39:15.818Z	INFO	handler/metrics_handler_json.go:173	return gauge metric %s value %fAlloc1.341904e+06
        2025-12-03T05:39:15.818Z	DEBUG	middleware/sign_mw.go:47	sign ----------> xTp24yQonkTNuRurmq+e9lqc43CO7Af5Xbz2lLHWgu8=
        2025/12/03 05:39:15 http: superfluous response.WriteHeader call from github.com/mrPTqp/metrics/internal/server/middleware.(*loggingResponseWriter).WriteHeader (logging_mw.go:30)
        2025-12-03T05:39:15.818Z	INFO	middleware/logging_mw.go:69	uri /value/ method POST duration 338.874µs status 200 size 70
        2025-12-03T05:39:15.918Z	DEBUG	middleware/gzip_mw.go:15	accept encoding value gzip
        2025-12-03T05:39:15.919Z	DEBUG	middleware/gzip_mw.go:17	supports gzip %!b(bool=true)
        2025-12-03T05:39:15.919Z	DEBUG	middleware/gzip_mw.go:19	try compress
        2025-12-03T05:39:15.919Z	INFO	service/base_metrics_service.go:44	Retrieved gauge: Frees = 70.000000
        2025-12-03T05:39:15.919Z	INFO	handler/metrics_handler_json.go:173	return gauge metric %s value %fFrees70
        2025-12-03T05:39:15.919Z	DEBUG	middleware/sign_mw.go:47	sign ----------> uJle0mAH8hU7VxS2Z0YjMgOQMs/8vSAdAgPkQGnpZS0=
        2025/12/03 05:39:15 http: superfluous response.WriteHeader call from github.com/mrPTqp/metrics/internal/server/middleware.(*loggingResponseWriter).WriteHeader (logging_mw.go:30)
        2025-12-03T05:39:15.919Z	INFO	middleware/logging_mw.go:69	uri /value/ method POST duration 350.306µs status 200 size 65
        2025-12-03T05:39:16.019Z	DEBUG	middleware/gzip_mw.go:15	accept encoding value gzip
        2025-12-03T05:39:16.019Z	DEBUG	middleware/gzip_mw.go:17	supports gzip %!b(bool=true)
        2025-12-03T05:39:16.019Z	DEBUG	middleware/gzip_mw.go:19	try compress
        2025-12-03T05:39:16.020Z	INFO	service/base_metrics_service.go:44	Retrieved gauge: HeapAlloc = 1341904.000000
        2025-12-03T05:39:16.020Z	INFO	handler/metrics_handler_json.go:173	return gauge metric %s value %fHeapAlloc1.341904e+06
        2025-12-03T05:39:16.020Z	DEBUG	middleware/sign_mw.go:47	sign ----------> wx/B5OVIzNdcl1PTB8RupD/YZjb4xHIQ+gYD/neHjA0=
        2025/12/03 05:39:16 http: superfluous response.WriteHeader call from github.com/mrPTqp/metrics/internal/server/middleware.(*loggingResponseWriter).WriteHeader (logging_mw.go:30)
        2025-12-03T05:39:16.020Z	INFO	middleware/logging_mw.go:69	uri /value/ method POST duration 797.2µs status 200 size 74
        2025-12-03T05:39:16.121Z	DEBUG	middleware/gzip_mw.go:15	accept encoding value gzip
        2025-12-03T05:39:16.121Z	DEBUG	middleware/gzip_mw.go:17	supports gzip %!b(bool=true)
        2025-12-03T05:39:16.121Z	DEBUG	middleware/gzip_mw.go:19	try compress
        2025-12-03T05:39:16.121Z	INFO	service/base_metrics_service.go:44	Retrieved gauge: HeapIdle = 1875968.000000
        2025-12-03T05:39:16.121Z	INFO	handler/metrics_handler_json.go:173	return gauge metric %s value %fHeapIdle1.875968e+06
        2025-12-03T05:39:16.121Z	DEBUG	middleware/sign_mw.go:47	sign ----------> Z1RzU7z2hAlwykMhV5Cv1AkgFn5T7UZ+inlrkFzF5nI=
        2025/12/03 05:39:16 http: superfluous response.WriteHeader call from github.com/mrPTqp/metrics/internal/server/middleware.(*loggingResponseWriter).WriteHeader (logging_mw.go:30)
        2025-12-03T05:39:16.121Z	INFO	middleware/logging_mw.go:69	uri /value/ method POST duration 399.045µs status 200 size 71
        2025-12-03T05:39:16.222Z	DEBUG	middleware/gzip_mw.go:15	accept encoding value gzip
        2025-12-03T05:39:16.222Z	DEBUG	middleware/gzip_mw.go:17	supports gzip %!b(bool=true)
        2025-12-03T05:39:16.222Z	DEBUG	middleware/gzip_mw.go:19	try compress
        2025-12-03T05:39:16.222Z	INFO	service/base_metrics_service.go:44	Retrieved gauge: HeapInuse = 1990656.000000
        2025-12-03T05:39:16.222Z	INFO	handler/metrics_handler_json.go:173	return gauge metric %s value %fHeapInuse1.990656e+06
        2025-12-03T05:39:16.222Z	DEBUG	middleware/sign_mw.go:47	sign ----------> cU8/wHTRLepbt4LH+LCZ5XkJmXUJpIUOGzh7rgA9d2Q=
        2025/12/03 05:39:16 http: superfluous response.WriteHeader call from github.com/mrPTqp/metrics/internal/server/middleware.(*loggingResponseWriter).WriteHeader (logging_mw.go:30)
        2025-12-03T05:39:16.222Z	INFO	middleware/logging_mw.go:69	uri /value/ method POST duration 440.407µs status 200 size 72
        2025-12-03T05:39:16.323Z	DEBUG	middleware/gzip_mw.go:15	accept encoding value gzip
        2025-12-03T05:39:16.323Z	DEBUG	middleware/gzip_mw.go:17	supports gzip %!b(bool=true)
        2025-12-03T05:39:16.323Z	DEBUG	middleware/gzip_mw.go:19	try compress
        2025-12-03T05:39:16.323Z	INFO	service/base_metrics_service.go:44	Retrieved gauge: HeapObjects = 1293.000000
        2025-12-03T05:39:16.324Z	INFO	handler/metrics_handler_json.go:173	return gauge metric %s value %fHeapObjects1293
        2025-12-03T05:39:16.324Z	DEBUG	middleware/sign_mw.go:47	sign ----------> 4EiAMOd5555wTbRPIGsdfPtkh2q/jiN2Xu1xy12v5lo=
        2025/12/03 05:39:16 http: superfluous response.WriteHeader call from github.com/mrPTqp/metrics/internal/server/middleware.(*loggingResponseWriter).WriteHeader (logging_mw.go:30)
        2025-12-03T05:39:16.324Z	INFO	middleware/logging_mw.go:69	uri /value/ method POST duration 744.429µs status 200 size 73
        2025-12-03T05:39:16.424Z	DEBUG	middleware/gzip_mw.go:15	accept encoding value gzip
        2025-12-03T05:39:16.424Z	DEBUG	middleware/gzip_mw.go:17	supports gzip %!b(bool=true)
        2025-12-03T05:39:16.424Z	DEBUG	middleware/gzip_mw.go:19	try compress
        2025-12-03T05:39:16.424Z	INFO	service/base_metrics_service.go:44	Retrieved gauge: Mallocs = 1363.000000
        2025-12-03T05:39:16.424Z	INFO	handler/metrics_handler_json.go:173	return gauge metric %s value %fMallocs1363
        2025-12-03T05:39:16.424Z	DEBUG	middleware/sign_mw.go:47	sign ----------> 3Lne+qLyIgpBLs4GXy1i+B6Sl24zNsQS8XvcuW9Tazg=
        2025/12/03 05:39:16 http: superfluous response.WriteHeader call from github.com/mrPTqp/metrics/internal/server/middleware.(*loggingResponseWriter).WriteHeader (logging_mw.go:30)
        2025-12-03T05:39:16.424Z	INFO	middleware/logging_mw.go:69	uri /value/ method POST duration 359.971µs status 200 size 69
        2025-12-03T05:39:16.525Z	DEBUG	middleware/gzip_mw.go:15	accept encoding value gzip
        2025-12-03T05:39:16.525Z	DEBUG	middleware/gzip_mw.go:17	supports gzip %!b(bool=true)
        2025-12-03T05:39:16.525Z	DEBUG	middleware/gzip_mw.go:19	try compress
        2025-12-03T05:39:16.525Z	INFO	service/base_metrics_service.go:44	Retrieved gauge: TotalAlloc = 1341904.000000
        2025-12-03T05:39:16.525Z	INFO	handler/metrics_handler_json.go:173	return gauge metric %s value %fTotalAlloc1.341904e+06
        2025-12-03T05:39:16.525Z	DEBUG	middleware/sign_mw.go:47	sign ----------> v+tB4NqhJyc/zpyPLLM5KoZjQ7QBs3Uz6XRrHwQlmdM=
        2025/12/03 05:39:16 http: superfluous response.WriteHeader call from github.com/mrPTqp/metrics/internal/server/middleware.(*loggingResponseWriter).WriteHeader (logging_mw.go:30)
        2025-12-03T05:39:16.525Z	INFO	middleware/logging_mw.go:69	uri /value/ method POST duration 395.654µs status 200 size 75
        2025-12-03T05:39:16.626Z	DEBUG	middleware/gzip_mw.go:15	accept encoding value gzip
        2025-12-03T05:39:16.626Z	DEBUG	middleware/gzip_mw.go:17	supports gzip %!b(bool=true)
        2025-12-03T05:39:16.626Z	DEBUG	middleware/gzip_mw.go:19	try compress
        2025-12-03T05:39:16.626Z	INFO	service/base_metrics_service.go:53	Retrieved counter: PollCount = 474
        2025-12-03T05:39:16.627Z	INFO	handler/metrics_handler_json.go:190	return counter metric %s value %dPollCount474
        2025-12-03T05:39:16.627Z	DEBUG	middleware/sign_mw.go:47	sign ----------> hW+1wI0R/x66EOYRdIergjJLWdGUqPBrKnM6zz5Qr0g=
        2025/12/03 05:39:16 http: superfluous response.WriteHeader call from github.com/mrPTqp/metrics/internal/server/middleware.(*loggingResponseWriter).WriteHeader (logging_mw.go:30)
        2025-12-03T05:39:16.627Z	INFO	middleware/logging_mw.go:69	uri /value/ method POST duration 740.919µs status 200 size 70
        2025-12-03T05:39:16.727Z	DEBUG	middleware/gzip_mw.go:15	accept encoding value gzip
        2025-12-03T05:39:16.727Z	DEBUG	middleware/gzip_mw.go:17	supports gzip %!b(bool=true)
        2025-12-03T05:39:16.727Z	DEBUG	middleware/gzip_mw.go:19	try compress
        2025-12-03T05:39:16.727Z	INFO	service/base_metrics_service.go:44	Retrieved gauge: RandomValue = 0.490846
        2025-12-03T05:39:16.728Z	INFO	handler/metrics_handler_json.go:173	return gauge metric %s value %fRandomValue0.4908458140365596
        2025-12-03T05:39:16.728Z	DEBUG	middleware/sign_mw.go:47	sign ----------> aR+xitNsjQCwv9u4I5BbNK1KTKyP8OMZ+ghKcUnBzJY=
        2025/12/03 05:39:16 http: superfluous response.WriteHeader call from github.com/mrPTqp/metrics/internal/server/middleware.(*loggingResponseWriter).WriteHeader (logging_mw.go:30)
        2025-12-03T05:39:16.728Z	INFO	middleware/logging_mw.go:69	uri /value/ method POST duration 348.655µs status 200 size 82
        2025-12-03T05:39:16.828Z	DEBUG	middleware/gzip_mw.go:15	accept encoding value gzip
        2025-12-03T05:39:16.828Z	DEBUG	middleware/gzip_mw.go:17	supports gzip %!b(bool=true)
        2025-12-03T05:39:16.828Z	DEBUG	middleware/gzip_mw.go:19	try compress
        2025-12-03T05:39:16.828Z	INFO	service/base_metrics_service.go:44	Retrieved gauge: Alloc = 1341904.000000
        2025-12-03T05:39:16.828Z	INFO	handler/metrics_handler_json.go:173	return gauge metric %s value %fAlloc1.341904e+06
        2025-12-03T05:39:16.828Z	DEBUG	middleware/sign_mw.go:47	sign ----------> xTp24yQonkTNuRurmq+e9lqc43CO7Af5Xbz2lLHWgu8=
        2025/12/03 05:39:16 http: superfluous response.WriteHeader call from github.com/mrPTqp/metrics/internal/server/middleware.(*loggingResponseWriter).WriteHeader (logging_mw.go:30)
        2025-12-03T05:39:16.828Z	INFO	middleware/logging_mw.go:69	uri /value/ method POST duration 367.545µs status 200 size 70
        2025-12-03T05:39:16.929Z	DEBUG	middleware/gzip_mw.go:15	accept encoding value gzip
        2025-12-03T05:39:16.929Z	DEBUG	middleware/gzip_mw.go:17	supports gzip %!b(bool=true)
        2025-12-03T05:39:16.929Z	DEBUG	middleware/gzip_mw.go:19	try compress
        2025-12-03T05:39:16.929Z	INFO	service/base_metrics_service.go:44	Retrieved gauge: Frees = 70.000000
        2025-12-03T05:39:16.930Z	INFO	handler/metrics_handler_json.go:173	return gauge metric %s value %fFrees70
        2025-12-03T05:39:16.930Z	DEBUG	middleware/sign_mw.go:47	sign ----------> uJle0mAH8hU7VxS2Z0YjMgOQMs/8vSAdAgPkQGnpZS0=
        2025/12/03 05:39:16 http: superfluous response.WriteHeader call from github.com/mrPTqp/metrics/internal/server/middleware.(*loggingResponseWriter).WriteHeader (logging_mw.go:30)
        2025-12-03T05:39:16.930Z	INFO	middleware/logging_mw.go:69	uri /value/ method POST duration 770.759µs status 200 size 65
        2025-12-03T05:39:17.031Z	DEBUG	middleware/gzip_mw.go:15	accept encoding value gzip
        2025-12-03T05:39:17.031Z	DEBUG	middleware/gzip_mw.go:17	supports gzip %!b(bool=true)
        2025-12-03T05:39:17.031Z	DEBUG	middleware/gzip_mw.go:19	try compress
        2025-12-03T05:39:17.031Z	INFO	service/base_metrics_service.go:44	Retrieved gauge: HeapAlloc = 1341904.000000
        2025-12-03T05:39:17.031Z	INFO	handler/metrics_handler_json.go:173	return gauge metric %s value %fHeapAlloc1.341904e+06
        2025-12-03T05:39:17.031Z	DEBUG	middleware/sign_mw.go:47	sign ----------> wx/B5OVIzNdcl1PTB8RupD/YZjb4xHIQ+gYD/neHjA0=
        2025/12/03 05:39:17 http: superfluous response.WriteHeader call from github.com/mrPTqp/metrics/internal/server/middleware.(*loggingResponseWriter).WriteHeader (logging_mw.go:30)
        2025-12-03T05:39:17.031Z	INFO	middleware/logging_mw.go:69	uri /value/ method POST duration 613.717µs status 200 size 74
        2025-12-03T05:39:17.132Z	DEBUG	middleware/gzip_mw.go:15	accept encoding value gzip
        2025-12-03T05:39:17.132Z	DEBUG	middleware/gzip_mw.go:17	supports gzip %!b(bool=true)
        2025-12-03T05:39:17.132Z	DEBUG	middleware/gzip_mw.go:19	try compress
        2025-12-03T05:39:17.132Z	INFO	service/base_metrics_service.go:44	Retrieved gauge: HeapIdle = 1875968.000000
        2025-12-03T05:39:17.132Z	INFO	handler/metrics_handler_json.go:173	return gauge metric %s value %fHeapIdle1.875968e+06
        2025-12-03T05:39:17.132Z	DEBUG	middleware/sign_mw.go:47	sign ----------> Z1RzU7z2hAlwykMhV5Cv1AkgFn5T7UZ+inlrkFzF5nI=
        2025/12/03 05:39:17 http: superfluous response.WriteHeader call from github.com/mrPTqp/metrics/internal/server/middleware.(*loggingResponseWriter).WriteHeader (logging_mw.go:30)
        2025-12-03T05:39:17.132Z	INFO	middleware/logging_mw.go:69	uri /value/ method POST duration 546.087µs status 200 size 71
        2025-12-03T05:39:17.233Z	DEBUG	middleware/gzip_mw.go:15	accept encoding value gzip
        2025-12-03T05:39:17.233Z	DEBUG	middleware/gzip_mw.go:17	supports gzip %!b(bool=true)
        2025-12-03T05:39:17.233Z	DEBUG	middleware/gzip_mw.go:19	try compress
        2025-12-03T05:39:17.233Z	INFO	service/base_metrics_service.go:44	Retrieved gauge: HeapInuse = 1990656.000000
        2025-12-03T05:39:17.234Z	INFO	handler/metrics_handler_json.go:173	return gauge metric %s value %fHeapInuse1.990656e+06
        2025-12-03T05:39:17.234Z	DEBUG	middleware/sign_mw.go:47	sign ----------> cU8/wHTRLepbt4LH+LCZ5XkJmXUJpIUOGzh7rgA9d2Q=
        2025/12/03 05:39:17 http: superfluous response.WriteHeader call from github.com/mrPTqp/metrics/internal/server/middleware.(*loggingResponseWriter).WriteHeader (logging_mw.go:30)
        2025-12-03T05:39:17.234Z	INFO	middleware/logging_mw.go:69	uri /value/ method POST duration 879.689µs status 200 size 72
        2025-12-03T05:39:17.335Z	DEBUG	middleware/gzip_mw.go:15	accept encoding value gzip
        2025-12-03T05:39:17.335Z	DEBUG	middleware/gzip_mw.go:17	supports gzip %!b(bool=true)
        2025-12-03T05:39:17.335Z	DEBUG	middleware/gzip_mw.go:19	try compress
        2025-12-03T05:39:17.335Z	INFO	service/base_metrics_service.go:44	Retrieved gauge: HeapObjects = 1293.000000
        2025-12-03T05:39:17.335Z	INFO	handler/metrics_handler_json.go:173	return gauge metric %s value %fHeapObjects1293
        2025-12-03T05:39:17.335Z	DEBUG	middleware/sign_mw.go:47	sign ----------> 4EiAMOd5555wTbRPIGsdfPtkh2q/jiN2Xu1xy12v5lo=
        2025/12/03 05:39:17 http: superfluous response.WriteHeader call from github.com/mrPTqp/metrics/internal/server/middleware.(*loggingResponseWriter).WriteHeader (logging_mw.go:30)
        2025-12-03T05:39:17.335Z	INFO	middleware/logging_mw.go:69	uri /value/ method POST duration 587.895µs status 200 size 73
        2025-12-03T05:39:17.436Z	DEBUG	middleware/gzip_mw.go:15	accept encoding value gzip
        2025-12-03T05:39:17.436Z	DEBUG	middleware/gzip_mw.go:17	supports gzip %!b(bool=true)
        2025-12-03T05:39:17.436Z	DEBUG	middleware/gzip_mw.go:19	try compress
        2025-12-03T05:39:17.437Z	INFO	service/base_metrics_service.go:44	Retrieved gauge: Mallocs = 1363.000000
        2025-12-03T05:39:17.437Z	INFO	handler/metrics_handler_json.go:173	return gauge metric %s value %fMallocs1363
        2025-12-03T05:39:17.437Z	DEBUG	middleware/sign_mw.go:47	sign ----------> 3Lne+qLyIgpBLs4GXy1i+B6Sl24zNsQS8XvcuW9Tazg=
        2025/12/03 05:39:17 http: superfluous response.WriteHeader call from github.com/mrPTqp/metrics/internal/server/middleware.(*loggingResponseWriter).WriteHeader (logging_mw.go:30)
        2025-12-03T05:39:17.437Z	INFO	middleware/logging_mw.go:69	uri /value/ method POST duration 560.542µs status 200 size 69
        2025-12-03T05:39:17.537Z	DEBUG	middleware/gzip_mw.go:15	accept encoding value gzip
        2025-12-03T05:39:17.537Z	DEBUG	middleware/gzip_mw.go:17	supports gzip %!b(bool=true)
        2025-12-03T05:39:17.537Z	DEBUG	middleware/gzip_mw.go:19	try compress
        2025-12-03T05:39:17.538Z	INFO	service/base_metrics_service.go:44	Retrieved gauge: TotalAlloc = 1341904.000000
        2025-12-03T05:39:17.538Z	INFO	handler/metrics_handler_json.go:173	return gauge metric %s value %fTotalAlloc1.341904e+06
        2025-12-03T05:39:17.538Z	DEBUG	middleware/sign_mw.go:47	sign ----------> v+tB4NqhJyc/zpyPLLM5KoZjQ7QBs3Uz6XRrHwQlmdM=
        2025/12/03 05:39:17 http: superfluous response.WriteHeader call from github.com/mrPTqp/metrics/internal/server/middleware.(*loggingResponseWriter).WriteHeader (logging_mw.go:30)
        2025-12-03T05:39:17.538Z	INFO	middleware/logging_mw.go:69	uri /value/ method POST duration 966.146µs status 200 size 75
        2025-12-03T05:39:17.639Z	DEBUG	middleware/gzip_mw.go:15	accept encoding value gzip
        2025-12-03T05:39:17.639Z	DEBUG	middleware/gzip_mw.go:17	supports gzip %!b(bool=true)
        2025-12-03T05:39:17.639Z	DEBUG	middleware/gzip_mw.go:19	try compress
        2025-12-03T05:39:17.639Z	INFO	service/base_metrics_service.go:53	Retrieved counter: PollCount = 474
        2025-12-03T05:39:17.639Z	INFO	handler/metrics_handler_json.go:190	return counter metric %s value %dPollCount474
        2025-12-03T05:39:17.639Z	DEBUG	middleware/sign_mw.go:47	sign ----------> hW+1wI0R/x66EOYRdIergjJLWdGUqPBrKnM6zz5Qr0g=
        2025/12/03 05:39:17 http: superfluous response.WriteHeader call from github.com/mrPTqp/metrics/internal/server/middleware.(*loggingResponseWriter).WriteHeader (logging_mw.go:30)
        2025-12-03T05:39:17.639Z	INFO	middleware/logging_mw.go:69	uri /value/ method POST duration 522.478µs status 200 size 70
        2025-12-03T05:39:17.740Z	DEBUG	middleware/gzip_mw.go:15	accept encoding value gzip
        2025-12-03T05:39:17.740Z	DEBUG	middleware/gzip_mw.go:17	supports gzip %!b(bool=true)
        2025-12-03T05:39:17.740Z	DEBUG	middleware/gzip_mw.go:19	try compress
        2025-12-03T05:39:17.740Z	INFO	service/base_metrics_service.go:44	Retrieved gauge: RandomValue = 0.490846
        2025-12-03T05:39:17.741Z	INFO	handler/metrics_handler_json.go:173	return gauge metric %s value %fRandomValue0.4908458140365596
        2025-12-03T05:39:17.741Z	DEBUG	middleware/sign_mw.go:47	sign ----------> aR+xitNsjQCwv9u4I5BbNK1KTKyP8OMZ+ghKcUnBzJY=
        2025/12/03 05:39:17 http: superfluous response.WriteHeader call from github.com/mrPTqp/metrics/internal/server/middleware.(*loggingResponseWriter).WriteHeader (logging_mw.go:30)
        2025-12-03T05:39:17.741Z	INFO	middleware/logging_mw.go:69	uri /value/ method POST duration 521.08µs status 200 size 82
        2025-12-03T05:39:17.841Z	DEBUG	middleware/gzip_mw.go:15	accept encoding value gzip
        2025-12-03T05:39:17.841Z	DEBUG	middleware/gzip_mw.go:17	supports gzip %!b(bool=true)
        2025-12-03T05:39:17.841Z	DEBUG	middleware/gzip_mw.go:19	try compress
        2025-12-03T05:39:17.842Z	INFO	service/base_metrics_service.go:44	Retrieved gauge: Alloc = 1341904.000000
        2025-12-03T05:39:17.842Z	INFO	handler/metrics_handler_json.go:173	return gauge metric %s value %fAlloc1.341904e+06
        2025-12-03T05:39:17.842Z	DEBUG	middleware/sign_mw.go:47	sign ----------> xTp24yQonkTNuRurmq+e9lqc43CO7Af5Xbz2lLHWgu8=
        2025/12/03 05:39:17 http: superfluous response.WriteHeader call from github.com/mrPTqp/metrics/internal/server/middleware.(*loggingResponseWriter).WriteHeader (logging_mw.go:30)
        2025-12-03T05:39:17.842Z	INFO	middleware/logging_mw.go:69	uri /value/ method POST duration 867.628µs status 200 size 70
        2025-12-03T05:39:17.943Z	DEBUG	middleware/gzip_mw.go:15	accept encoding value gzip
        2025-12-03T05:39:17.943Z	DEBUG	middleware/gzip_mw.go:17	supports gzip %!b(bool=true)
        2025-12-03T05:39:17.943Z	DEBUG	middleware/gzip_mw.go:19	try compress
        2025-12-03T05:39:17.943Z	INFO	service/base_metrics_service.go:44	Retrieved gauge: Frees = 70.000000
        2025-12-03T05:39:17.943Z	INFO	handler/metrics_handler_json.go:173	return gauge metric %s value %fFrees70
        2025-12-03T05:39:17.944Z	DEBUG	middleware/sign_mw.go:47	sign ----------> uJle0mAH8hU7VxS2Z0YjMgOQMs/8vSAdAgPkQGnpZS0=
        2025/12/03 05:39:17 http: superfluous response.WriteHeader call from github.com/mrPTqp/metrics/internal/server/middleware.(*loggingResponseWriter).WriteHeader (logging_mw.go:30)
        2025-12-03T05:39:17.944Z	INFO	middleware/logging_mw.go:69	uri /value/ method POST duration 584.235µs status 200 size 65
        2025-12-03T05:39:18.044Z	DEBUG	middleware/gzip_mw.go:15	accept encoding value gzip
        2025-12-03T05:39:18.044Z	DEBUG	middleware/gzip_mw.go:17	supports gzip %!b(bool=true)
        2025-12-03T05:39:18.044Z	DEBUG	middleware/gzip_mw.go:19	try compress
        2025-12-03T05:39:18.045Z	INFO	service/base_metrics_service.go:44	Retrieved gauge: HeapAlloc = 1341904.000000
        2025-12-03T05:39:18.045Z	INFO	handler/metrics_handler_json.go:173	return gauge metric %s value %fHeapAlloc1.341904e+06
        2025-12-03T05:39:18.045Z	DEBUG	middleware/sign_mw.go:47	sign ----------> wx/B5OVIzNdcl1PTB8RupD/YZjb4xHIQ+gYD/neHjA0=
        2025/12/03 05:39:18 http: superfluous response.WriteHeader call from github.com/mrPTqp/metrics/internal/server/middleware.(*loggingResponseWriter).WriteHeader (logging_mw.go:30)
        2025-12-03T05:39:18.045Z	INFO	middleware/logging_mw.go:69	uri /value/ method POST duration 531.106µs status 200 size 74
        2025-12-03T05:39:18.146Z	DEBUG	middleware/gzip_mw.go:15	accept encoding value gzip
        2025-12-03T05:39:18.146Z	DEBUG	middleware/gzip_mw.go:17	supports gzip %!b(bool=true)
        2025-12-03T05:39:18.146Z	DEBUG	middleware/gzip_mw.go:19	try compress
        2025-12-03T05:39:18.146Z	INFO	service/base_metrics_service.go:44	Retrieved gauge: HeapIdle = 1875968.000000
        2025-12-03T05:39:18.146Z	INFO	handler/metrics_handler_json.go:173	return gauge metric %s value %fHeapIdle1.875968e+06
        2025-12-03T05:39:18.146Z	DEBUG	middleware/sign_mw.go:47	sign ----------> Z1RzU7z2hAlwykMhV5Cv1AkgFn5T7UZ+inlrkFzF5nI=
        2025/12/03 05:39:18 http: superfluous response.WriteHeader call from github.com/mrPTqp/metrics/internal/server/middleware.(*loggingResponseWriter).WriteHeader (logging_mw.go:30)
        2025-12-03T05:39:18.146Z	INFO	middleware/logging_mw.go:69	uri /value/ method POST duration 865.449µs status 200 size 71
        2025-12-03T05:39:18.247Z	DEBUG	middleware/gzip_mw.go:15	accept encoding value gzip
        2025-12-03T05:39:18.247Z	DEBUG	middleware/gzip_mw.go:17	supports gzip %!b(bool=true)
        2025-12-03T05:39:18.247Z	DEBUG	middleware/gzip_mw.go:19	try compress
        2025-12-03T05:39:18.248Z	INFO	service/base_metrics_service.go:44	Retrieved gauge: HeapInuse = 1990656.000000
        2025-12-03T05:39:18.248Z	INFO	handler/metrics_handler_json.go:173	return gauge metric %s value %fHeapInuse1.990656e+06
        2025-12-03T05:39:18.248Z	DEBUG	middleware/sign_mw.go:47	sign ----------> cU8/wHTRLepbt4LH+LCZ5XkJmXUJpIUOGzh7rgA9d2Q=
        2025/12/03 05:39:18 http: superfluous response.WriteHeader call from github.com/mrPTqp/metrics/internal/server/middleware.(*loggingResponseWriter).WriteHeader (logging_mw.go:30)
        2025-12-03T05:39:18.248Z	INFO	middleware/logging_mw.go:69	uri /value/ method POST duration 488.126µs status 200 size 72
        2025-12-03T05:39:18.348Z	DEBUG	middleware/gzip_mw.go:15	accept encoding value gzip
        2025-12-03T05:39:18.348Z	DEBUG	middleware/gzip_mw.go:17	supports gzip %!b(bool=true)
        2025-12-03T05:39:18.348Z	DEBUG	middleware/gzip_mw.go:19	try compress
        2025-12-03T05:39:18.349Z	INFO	service/base_metrics_service.go:44	Retrieved gauge: HeapObjects = 1293.000000
        2025-12-03T05:39:18.349Z	INFO	handler/metrics_handler_json.go:173	return gauge metric %s value %fHeapObjects1293
        2025-12-03T05:39:18.349Z	DEBUG	middleware/sign_mw.go:47	sign ----------> 4EiAMOd5555wTbRPIGsdfPtkh2q/jiN2Xu1xy12v5lo=
        2025/12/03 05:39:18 http: superfluous response.WriteHeader call from github.com/mrPTqp/metrics/internal/server/middleware.(*loggingResponseWriter).WriteHeader (logging_mw.go:30)
        2025-12-03T05:39:18.349Z	INFO	middleware/logging_mw.go:69	uri /value/ method POST duration 409.869µs status 200 size 73
        2025-12-03T05:39:18.449Z	DEBUG	middleware/gzip_mw.go:15	accept encoding value gzip
        2025-12-03T05:39:18.450Z	DEBUG	middleware/gzip_mw.go:17	supports gzip %!b(bool=true)
        2025-12-03T05:39:18.450Z	DEBUG	middleware/gzip_mw.go:19	try compress
        2025-12-03T05:39:18.450Z	INFO	service/base_metrics_service.go:44	Retrieved gauge: Mallocs = 1363.000000
        2025-12-03T05:39:18.450Z	INFO	handler/metrics_handler_json.go:173	return gauge metric %s value %fMallocs1363
        2025-12-03T05:39:18.450Z	DEBUG	middleware/sign_mw.go:47	sign ----------> 3Lne+qLyIgpBLs4GXy1i+B6Sl24zNsQS8XvcuW9Tazg=
        2025/12/03 05:39:18 http: superfluous response.WriteHeader call from github.com/mrPTqp/metrics/internal/server/middleware.(*loggingResponseWriter).WriteHeader (logging_mw.go:30)
        2025-12-03T05:39:18.450Z	INFO	middleware/logging_mw.go:69	uri /value/ method POST duration 887.682µs status 200 size 69
        2025-12-03T05:39:18.551Z	DEBUG	middleware/gzip_mw.go:15	accept encoding value gzip
        2025-12-03T05:39:18.551Z	DEBUG	middleware/gzip_mw.go:17	supports gzip %!b(bool=true)
        2025-12-03T05:39:18.551Z	DEBUG	middleware/gzip_mw.go:19	try compress
        2025-12-03T05:39:18.551Z	INFO	service/base_metrics_service.go:44	Retrieved gauge: TotalAlloc = 1341904.000000
        2025-12-03T05:39:18.551Z	INFO	handler/metrics_handler_json.go:173	return gauge metric %s value %fTotalAlloc1.341904e+06
        2025-12-03T05:39:18.551Z	DEBUG	middleware/sign_mw.go:47	sign ----------> v+tB4NqhJyc/zpyPLLM5KoZjQ7QBs3Uz6XRrHwQlmdM=
        2025/12/03 05:39:18 http: superfluous response.WriteHeader call from github.com/mrPTqp/metrics/internal/server/middleware.(*loggingResponseWriter).WriteHeader (logging_mw.go:30)
        2025-12-03T05:39:18.552Z	INFO	middleware/logging_mw.go:69	uri /value/ method POST duration 541.802µs status 200 size 75
        2025-12-03T05:39:18.652Z	DEBUG	middleware/gzip_mw.go:15	accept encoding value gzip
        2025-12-03T05:39:18.652Z	DEBUG	middleware/gzip_mw.go:17	supports gzip %!b(bool=true)
        2025-12-03T05:39:18.652Z	DEBUG	middleware/gzip_mw.go:19	try compress
        2025-12-03T05:39:18.653Z	INFO	service/base_metrics_service.go:53	Retrieved counter: PollCount = 474
        2025-12-03T05:39:18.653Z	INFO	handler/metrics_handler_json.go:190	return counter metric %s value %dPollCount474
        2025-12-03T05:39:18.653Z	DEBUG	middleware/sign_mw.go:47	sign ----------> hW+1wI0R/x66EOYRdIergjJLWdGUqPBrKnM6zz5Qr0g=
        2025/12/03 05:39:18 http: superfluous response.WriteHeader call from github.com/mrPTqp/metrics/internal/server/middleware.(*loggingResponseWriter).WriteHeader (logging_mw.go:30)
        2025-12-03T05:39:18.653Z	INFO	middleware/logging_mw.go:69	uri /value/ method POST duration 586.233µs status 200 size 70
        2025-12-03T05:39:18.754Z	DEBUG	middleware/gzip_mw.go:15	accept encoding value gzip
        2025-12-03T05:39:18.754Z	DEBUG	middleware/gzip_mw.go:17	supports gzip %!b(bool=true)
        2025-12-03T05:39:18.754Z	DEBUG	middleware/gzip_mw.go:19	try compress
        2025-12-03T05:39:18.754Z	INFO	service/base_metrics_service.go:44	Retrieved gauge: RandomValue = 0.490846
        2025-12-03T05:39:18.754Z	INFO	handler/metrics_handler_json.go:173	return gauge metric %s value %fRandomValue0.4908458140365596
        2025-12-03T05:39:18.754Z	DEBUG	middleware/sign_mw.go:47	sign ----------> aR+xitNsjQCwv9u4I5BbNK1KTKyP8OMZ+ghKcUnBzJY=
        2025/12/03 05:39:18 http: superfluous response.WriteHeader call from github.com/mrPTqp/metrics/internal/server/middleware.(*loggingResponseWriter).WriteHeader (logging_mw.go:30)
        2025-12-03T05:39:18.754Z	INFO	middleware/logging_mw.go:69	uri /value/ method POST duration 826.522µs status 200 size 82
        2025-12-03T05:39:18.855Z	DEBUG	middleware/gzip_mw.go:15	accept encoding value gzip
        2025-12-03T05:39:18.855Z	DEBUG	middleware/gzip_mw.go:17	supports gzip %!b(bool=true)
        2025-12-03T05:39:18.855Z	DEBUG	middleware/gzip_mw.go:19	try compress
        2025-12-03T05:39:18.855Z	INFO	service/base_metrics_service.go:44	Retrieved gauge: Alloc = 1341904.000000
        2025-12-03T05:39:18.855Z	INFO	handler/metrics_handler_json.go:173	return gauge metric %s value %fAlloc1.341904e+06
        2025-12-03T05:39:18.855Z	DEBUG	middleware/sign_mw.go:47	sign ----------> xTp24yQonkTNuRurmq+e9lqc43CO7Af5Xbz2lLHWgu8=
        2025/12/03 05:39:18 http: superfluous response.WriteHeader call from github.com/mrPTqp/metrics/internal/server/middleware.(*loggingResponseWriter).WriteHeader (logging_mw.go:30)
        2025-12-03T05:39:18.855Z	INFO	middleware/logging_mw.go:69	uri /value/ method POST duration 392.014µs status 200 size 70
        2025-12-03T05:39:18.956Z	DEBUG	middleware/gzip_mw.go:15	accept encoding value gzip
        2025-12-03T05:39:18.956Z	DEBUG	middleware/gzip_mw.go:17	supports gzip %!b(bool=true)
        2025-12-03T05:39:18.956Z	DEBUG	middleware/gzip_mw.go:19	try compress
        2025-12-03T05:39:18.956Z	INFO	service/base_metrics_service.go:44	Retrieved gauge: Frees = 70.000000
        2025-12-03T05:39:18.956Z	INFO	handler/metrics_handler_json.go:173	return gauge metric %s value %fFrees70
        2025-12-03T05:39:18.956Z	DEBUG	middleware/sign_mw.go:47	sign ----------> uJle0mAH8hU7VxS2Z0YjMgOQMs/8vSAdAgPkQGnpZS0=
        2025/12/03 05:39:18 http: superfluous response.WriteHeader call from github.com/mrPTqp/metrics/internal/server/middleware.(*loggingResponseWriter).WriteHeader (logging_mw.go:30)
        2025-12-03T05:39:18.956Z	INFO	middleware/logging_mw.go:69	uri /value/ method POST duration 368.885µs status 200 size 65
        2025-12-03T05:39:19.057Z	DEBUG	middleware/gzip_mw.go:15	accept encoding value gzip
        2025-12-03T05:39:19.057Z	DEBUG	middleware/gzip_mw.go:17	supports gzip %!b(bool=true)
        2025-12-03T05:39:19.057Z	DEBUG	middleware/gzip_mw.go:19	try compress
        2025-12-03T05:39:19.057Z	INFO	service/base_metrics_service.go:44	Retrieved gauge: HeapAlloc = 1341904.000000
        2025-12-03T05:39:19.058Z	INFO	handler/metrics_handler_json.go:173	return gauge metric %s value %fHeapAlloc1.341904e+06
        2025-12-03T05:39:19.058Z	DEBUG	middleware/sign_mw.go:47	sign ----------> wx/B5OVIzNdcl1PTB8RupD/YZjb4xHIQ+gYD/neHjA0=
        2025/12/03 05:39:19 http: superfluous response.WriteHeader call from github.com/mrPTqp/metrics/internal/server/middleware.(*loggingResponseWriter).WriteHeader (logging_mw.go:30)
        2025-12-03T05:39:19.058Z	INFO	middleware/logging_mw.go:69	uri /value/ method POST duration 800.368µs status 200 size 74
        2025-12-03T05:39:19.158Z	DEBUG	middleware/gzip_mw.go:15	accept encoding value gzip
        2025-12-03T05:39:19.158Z	DEBUG	middleware/gzip_mw.go:17	supports gzip %!b(bool=true)
        2025-12-03T05:39:19.158Z	DEBUG	middleware/gzip_mw.go:19	try compress
        2025-12-03T05:39:19.158Z	INFO	service/base_metrics_service.go:44	Retrieved gauge: HeapIdle = 1875968.000000
        2025-12-03T05:39:19.158Z	INFO	handler/metrics_handler_json.go:173	return gauge metric %s value %fHeapIdle1.875968e+06
        2025-12-03T05:39:19.159Z	DEBUG	middleware/sign_mw.go:47	sign ----------> Z1RzU7z2hAlwykMhV5Cv1AkgFn5T7UZ+inlrkFzF5nI=
        2025/12/03 05:39:19 http: superfluous response.WriteHeader call from github.com/mrPTqp/metrics/internal/server/middleware.(*loggingResponseWriter).WriteHeader (logging_mw.go:30)
        2025-12-03T05:39:19.159Z	INFO	middleware/logging_mw.go:69	uri /value/ method POST duration 357.584µs status 200 size 71
        2025-12-03T05:39:19.259Z	DEBUG	middleware/gzip_mw.go:15	accept encoding value gzip
        2025-12-03T05:39:19.259Z	DEBUG	middleware/gzip_mw.go:17	supports gzip %!b(bool=true)
        2025-12-03T05:39:19.259Z	DEBUG	middleware/gzip_mw.go:19	try compress
        2025-12-03T05:39:19.259Z	INFO	service/base_metrics_service.go:44	Retrieved gauge: HeapInuse = 1990656.000000
        2025-12-03T05:39:19.259Z	INFO	handler/metrics_handler_json.go:173	return gauge metric %s value %fHeapInuse1.990656e+06
        2025-12-03T05:39:19.259Z	DEBUG	middleware/sign_mw.go:47	sign ----------> cU8/wHTRLepbt4LH+LCZ5XkJmXUJpIUOGzh7rgA9d2Q=
        2025/12/03 05:39:19 http: superfluous response.WriteHeader call from github.com/mrPTqp/metrics/internal/server/middleware.(*loggingResponseWriter).WriteHeader (logging_mw.go:30)
        2025-12-03T05:39:19.260Z	INFO	middleware/logging_mw.go:69	uri /value/ method POST duration 402.145µs status 200 size 72
        2025-12-03T05:39:19.360Z	DEBUG	middleware/gzip_mw.go:15	accept encoding value gzip
        2025-12-03T05:39:19.360Z	DEBUG	middleware/gzip_mw.go:17	supports gzip %!b(bool=true)
        2025-12-03T05:39:19.360Z	DEBUG	middleware/gzip_mw.go:19	try compress
        2025-12-03T05:39:19.360Z	INFO	service/base_metrics_service.go:44	Retrieved gauge: HeapObjects = 1293.000000
        2025-12-03T05:39:19.361Z	INFO	handler/metrics_handler_json.go:173	return gauge metric %s value %fHeapObjects1293
        2025-12-03T05:39:19.361Z	DEBUG	middleware/sign_mw.go:47	sign ----------> 4EiAMOd5555wTbRPIGsdfPtkh2q/jiN2Xu1xy12v5lo=
        2025/12/03 05:39:19 http: superfluous response.WriteHeader call from github.com/mrPTqp/metrics/internal/server/middleware.(*loggingResponseWriter).WriteHeader (logging_mw.go:30)
        2025-12-03T05:39:19.361Z	INFO	middleware/logging_mw.go:69	uri /value/ method POST duration 837.702µs status 200 size 73
        2025-12-03T05:39:19.462Z	DEBUG	middleware/gzip_mw.go:15	accept encoding value gzip
        2025-12-03T05:39:19.462Z	DEBUG	middleware/gzip_mw.go:17	supports gzip %!b(bool=true)
        2025-12-03T05:39:19.462Z	DEBUG	middleware/gzip_mw.go:19	try compress
        2025-12-03T05:39:19.462Z	INFO	service/base_metrics_service.go:44	Retrieved gauge: Mallocs = 1363.000000
        2025-12-03T05:39:19.462Z	INFO	handler/metrics_handler_json.go:173	return gauge metric %s value %fMallocs1363
        2025-12-03T05:39:19.462Z	DEBUG	middleware/sign_mw.go:47	sign ----------> 3Lne+qLyIgpBLs4GXy1i+B6Sl24zNsQS8XvcuW9Tazg=
        2025/12/03 05:39:19 http: superfluous response.WriteHeader call from github.com/mrPTqp/metrics/internal/server/middleware.(*loggingResponseWriter).WriteHeader (logging_mw.go:30)
        2025-12-03T05:39:19.462Z	INFO	middleware/logging_mw.go:69	uri /value/ method POST duration 344.642µs status 200 size 69
        2025-12-03T05:39:19.562Z	DEBUG	middleware/gzip_mw.go:15	accept encoding value gzip
        2025-12-03T05:39:19.562Z	DEBUG	middleware/gzip_mw.go:17	supports gzip %!b(bool=true)
        2025-12-03T05:39:19.562Z	DEBUG	middleware/gzip_mw.go:19	try compress
        2025-12-03T05:39:19.563Z	INFO	service/base_metrics_service.go:44	Retrieved gauge: TotalAlloc = 1341904.000000
        2025-12-03T05:39:19.563Z	INFO	handler/metrics_handler_json.go:173	return gauge metric %s value %fTotalAlloc1.341904e+06
        2025-12-03T05:39:19.563Z	DEBUG	middleware/sign_mw.go:47	sign ----------> v+tB4NqhJyc/zpyPLLM5KoZjQ7QBs3Uz6XRrHwQlmdM=
        2025/12/03 05:39:19 http: superfluous response.WriteHeader call from github.com/mrPTqp/metrics/internal/server/middleware.(*loggingResponseWriter).WriteHeader (logging_mw.go:30)
        2025-12-03T05:39:19.563Z	INFO	middleware/logging_mw.go:69	uri /value/ method POST duration 351.01µs status 200 size 75
        2025-12-03T05:39:19.663Z	DEBUG	middleware/gzip_mw.go:15	accept encoding value gzip
        2025-12-03T05:39:19.663Z	DEBUG	middleware/gzip_mw.go:17	supports gzip %!b(bool=true)
        2025-12-03T05:39:19.663Z	DEBUG	middleware/gzip_mw.go:19	try compress
        2025-12-03T05:39:19.664Z	INFO	service/base_metrics_service.go:53	Retrieved counter: PollCount = 474
        2025-12-03T05:39:19.664Z	INFO	handler/metrics_handler_json.go:190	return counter metric %s value %dPollCount474
        2025-12-03T05:39:19.664Z	DEBUG	middleware/sign_mw.go:47	sign ----------> hW+1wI0R/x66EOYRdIergjJLWdGUqPBrKnM6zz5Qr0g=
        2025/12/03 05:39:19 http: superfluous response.WriteHeader call from github.com/mrPTqp/metrics/internal/server/middleware.(*loggingResponseWriter).WriteHeader (logging_mw.go:30)
        2025-12-03T05:39:19.664Z	INFO	middleware/logging_mw.go:69	uri /value/ method POST duration 790.119µs status 200 size 70
        2025-12-03T05:39:19.765Z	DEBUG	middleware/gzip_mw.go:15	accept encoding value gzip
        2025-12-03T05:39:19.765Z	DEBUG	middleware/gzip_mw.go:17	supports gzip %!b(bool=true)
        2025-12-03T05:39:19.765Z	DEBUG	middleware/gzip_mw.go:19	try compress
        2025-12-03T05:39:19.765Z	INFO	service/base_metrics_service.go:44	Retrieved gauge: RandomValue = 0.490846
        2025-12-03T05:39:19.765Z	INFO	handler/metrics_handler_json.go:173	return gauge metric %s value %fRandomValue0.4908458140365596
        2025-12-03T05:39:19.765Z	DEBUG	middleware/sign_mw.go:47	sign ----------> aR+xitNsjQCwv9u4I5BbNK1KTKyP8OMZ+ghKcUnBzJY=
        2025/12/03 05:39:19 http: superfluous response.WriteHeader call from github.com/mrPTqp/metrics/internal/server/middleware.(*loggingResponseWriter).WriteHeader (logging_mw.go:30)
        2025-12-03T05:39:19.765Z	INFO	middleware/logging_mw.go:69	uri /value/ method POST duration 364.918µs status 200 size 82
        2025-12-03T05:39:19.866Z	DEBUG	middleware/gzip_mw.go:15	accept encoding value gzip
        2025-12-03T05:39:19.866Z	DEBUG	middleware/gzip_mw.go:17	supports gzip %!b(bool=true)
        2025-12-03T05:39:19.866Z	DEBUG	middleware/gzip_mw.go:19	try compress
        2025-12-03T05:39:19.866Z	INFO	service/base_metrics_service.go:44	Retrieved gauge: Alloc = 1341904.000000
        2025-12-03T05:39:19.866Z	INFO	handler/metrics_handler_json.go:173	return gauge metric %s value %fAlloc1.341904e+06
        2025-12-03T05:39:19.866Z	DEBUG	middleware/sign_mw.go:47	sign ----------> xTp24yQonkTNuRurmq+e9lqc43CO7Af5Xbz2lLHWgu8=
        2025/12/03 05:39:19 http: superfluous response.WriteHeader call from github.com/mrPTqp/metrics/internal/server/middleware.(*loggingResponseWriter).WriteHeader (logging_mw.go:30)
        2025-12-03T05:39:19.866Z	INFO	middleware/logging_mw.go:69	uri /value/ method POST duration 417.547µs status 200 size 70
        2025-12-03T05:39:19.967Z	DEBUG	middleware/gzip_mw.go:15	accept encoding value gzip
        2025-12-03T05:39:19.967Z	DEBUG	middleware/gzip_mw.go:17	supports gzip %!b(bool=true)
        2025-12-03T05:39:19.967Z	DEBUG	middleware/gzip_mw.go:19	try compress
        2025-12-03T05:39:19.967Z	INFO	service/base_metrics_service.go:44	Retrieved gauge: Frees = 70.000000
        2025-12-03T05:39:19.967Z	INFO	handler/metrics_handler_json.go:173	return gauge metric %s value %fFrees70
        2025-12-03T05:39:19.967Z	DEBUG	middleware/sign_mw.go:47	sign ----------> uJle0mAH8hU7VxS2Z0YjMgOQMs/8vSAdAgPkQGnpZS0=
        2025/12/03 05:39:19 http: superfluous response.WriteHeader call from github.com/mrPTqp/metrics/internal/server/middleware.(*loggingResponseWriter).WriteHeader (logging_mw.go:30)
        2025-12-03T05:39:19.967Z	INFO	middleware/logging_mw.go:69	uri /value/ method POST duration 779.315µs status 200 size 65
        2025-12-03T05:39:20.068Z	DEBUG	middleware/gzip_mw.go:15	accept encoding value gzip
        2025-12-03T05:39:20.068Z	DEBUG	middleware/gzip_mw.go:17	supports gzip %!b(bool=true)
        2025-12-03T05:39:20.068Z	DEBUG	middleware/gzip_mw.go:19	try compress
        2025-12-03T05:39:20.068Z	INFO	service/base_metrics_service.go:44	Retrieved gauge: HeapAlloc = 1341904.000000
        2025-12-03T05:39:20.068Z	INFO	handler/metrics_handler_json.go:173	return gauge metric %s value %fHeapAlloc1.341904e+06
        2025-12-03T05:39:20.068Z	DEBUG	middleware/sign_mw.go:47	sign ----------> wx/B5OVIzNdcl1PTB8RupD/YZjb4xHIQ+gYD/neHjA0=
        2025/12/03 05:39:20 http: superfluous response.WriteHeader call from github.com/mrPTqp/metrics/internal/server/middleware.(*loggingResponseWriter).WriteHeader (logging_mw.go:30)
        2025-12-03T05:39:20.068Z	INFO	middleware/logging_mw.go:69	uri /value/ method POST duration 436.018µs status 200 size 74
        2025-12-03T05:39:20.169Z	DEBUG	middleware/gzip_mw.go:15	accept encoding value gzip
        2025-12-03T05:39:20.169Z	DEBUG	middleware/gzip_mw.go:17	supports gzip %!b(bool=true)
        2025-12-03T05:39:20.169Z	DEBUG	middleware/gzip_mw.go:19	try compress
        2025-12-03T05:39:20.169Z	INFO	service/base_metrics_service.go:44	Retrieved gauge: HeapIdle = 1875968.000000
        2025-12-03T05:39:20.170Z	INFO	handler/metrics_handler_json.go:173	return gauge metric %s value %fHeapIdle1.875968e+06
        2025-12-03T05:39:20.170Z	DEBUG	middleware/sign_mw.go:47	sign ----------> Z1RzU7z2hAlwykMhV5Cv1AkgFn5T7UZ+inlrkFzF5nI=
        2025/12/03 05:39:20 http: superfluous response.WriteHeader call from github.com/mrPTqp/metrics/internal/server/middleware.(*loggingResponseWriter).WriteHeader (logging_mw.go:30)
        2025-12-03T05:39:20.170Z	INFO	middleware/logging_mw.go:69	uri /value/ method POST duration 488.997µs status 200 size 71
        2025-12-03T05:39:20.270Z	DEBUG	middleware/gzip_mw.go:15	accept encoding value gzip
        2025-12-03T05:39:20.270Z	DEBUG	middleware/gzip_mw.go:17	supports gzip %!b(bool=true)
        2025-12-03T05:39:20.270Z	DEBUG	middleware/gzip_mw.go:19	try compress
        2025-12-03T05:39:20.271Z	INFO	service/base_metrics_service.go:44	Retrieved gauge: HeapInuse = 1990656.000000
        2025-12-03T05:39:20.271Z	INFO	handler/metrics_handler_json.go:173	return gauge metric %s value %fHeapInuse1.990656e+06
        2025-12-03T05:39:20.271Z	DEBUG	middleware/sign_mw.go:47	sign ----------> cU8/wHTRLepbt4LH+LCZ5XkJmXUJpIUOGzh7rgA9d2Q=
        2025/12/03 05:39:20 http: superfluous response.WriteHeader call from github.com/mrPTqp/metrics/internal/server/middleware.(*loggingResponseWriter).WriteHeader (logging_mw.go:30)
        2025-12-03T05:39:20.271Z	INFO	middleware/logging_mw.go:69	uri /value/ method POST duration 982.439µs status 200 size 72
        2025-12-03T05:39:20.372Z	DEBUG	middleware/gzip_mw.go:15	accept encoding value gzip
        2025-12-03T05:39:20.372Z	DEBUG	middleware/gzip_mw.go:17	supports gzip %!b(bool=true)
        2025-12-03T05:39:20.372Z	DEBUG	middleware/gzip_mw.go:19	try compress
        2025-12-03T05:39:20.372Z	INFO	service/base_metrics_service.go:44	Retrieved gauge: HeapObjects = 1293.000000
        2025-12-03T05:39:20.373Z	INFO	handler/metrics_handler_json.go:173	return gauge metric %s value %fHeapObjects1293
        2025-12-03T05:39:20.373Z	DEBUG	middleware/sign_mw.go:47	sign ----------> 4EiAMOd5555wTbRPIGsdfPtkh2q/jiN2Xu1xy12v5lo=
        2025/12/03 05:39:20 http: superfluous response.WriteHeader call from github.com/mrPTqp/metrics/internal/server/middleware.(*loggingResponseWriter).WriteHeader (logging_mw.go:30)
        2025-12-03T05:39:20.373Z	INFO	middleware/logging_mw.go:69	uri /value/ method POST duration 513.995µs status 200 size 73
        2025-12-03T05:39:20.473Z	DEBUG	middleware/gzip_mw.go:15	accept encoding value gzip
        2025-12-03T05:39:20.473Z	DEBUG	middleware/gzip_mw.go:17	supports gzip %!b(bool=true)
        2025-12-03T05:39:20.473Z	DEBUG	middleware/gzip_mw.go:19	try compress
        2025-12-03T05:39:20.474Z	INFO	service/base_metrics_service.go:44	Retrieved gauge: Mallocs = 1363.000000
        2025-12-03T05:39:20.474Z	INFO	handler/metrics_handler_json.go:173	return gauge metric %s value %fMallocs1363
        2025-12-03T05:39:20.474Z	DEBUG	middleware/sign_mw.go:47	sign ----------> 3Lne+qLyIgpBLs4GXy1i+B6Sl24zNsQS8XvcuW9Tazg=
        2025/12/03 05:39:20 http: superfluous response.WriteHeader call from github.com/mrPTqp/metrics/internal/server/middleware.(*loggingResponseWriter).WriteHeader (logging_mw.go:30)
        2025-12-03T05:39:20.474Z	INFO	middleware/logging_mw.go:69	uri /value/ method POST duration 493.888µs status 200 size 69
        2025-12-03T05:39:20.575Z	DEBUG	middleware/gzip_mw.go:15	accept encoding value gzip
        2025-12-03T05:39:20.575Z	DEBUG	middleware/gzip_mw.go:17	supports gzip %!b(bool=true)
        2025-12-03T05:39:20.575Z	DEBUG	middleware/gzip_mw.go:19	try compress
        2025-12-03T05:39:20.575Z	INFO	service/base_metrics_service.go:44	Retrieved gauge: TotalAlloc = 1341904.000000
        2025-12-03T05:39:20.575Z	INFO	handler/metrics_handler_json.go:173	return gauge metric %s value %fTotalAlloc1.341904e+06
        2025-12-03T05:39:20.576Z	DEBUG	middleware/sign_mw.go:47	sign ----------> v+tB4NqhJyc/zpyPLLM5KoZjQ7QBs3Uz6XRrHwQlmdM=
        2025/12/03 05:39:20 http: superfluous response.WriteHeader call from github.com/mrPTqp/metrics/internal/server/middleware.(*loggingResponseWriter).WriteHeader (logging_mw.go:30)
        2025-12-03T05:39:20.576Z	INFO	middleware/logging_mw.go:69	uri /value/ method POST duration 1.002893ms status 200 size 75
        2025-12-03T05:39:20.676Z	DEBUG	middleware/gzip_mw.go:15	accept encoding value gzip
        2025-12-03T05:39:20.676Z	DEBUG	middleware/gzip_mw.go:17	supports gzip %!b(bool=true)
        2025-12-03T05:39:20.676Z	DEBUG	middleware/gzip_mw.go:19	try compress
        2025-12-03T05:39:20.677Z	INFO	service/base_metrics_service.go:53	Retrieved counter: PollCount = 474
        2025-12-03T05:39:20.677Z	INFO	handler/metrics_handler_json.go:190	return counter metric %s value %dPollCount474
        2025-12-03T05:39:20.677Z	DEBUG	middleware/sign_mw.go:47	sign ----------> hW+1wI0R/x66EOYRdIergjJLWdGUqPBrKnM6zz5Qr0g=
        2025/12/03 05:39:20 http: superfluous response.WriteHeader call from github.com/mrPTqp/metrics/internal/server/middleware.(*loggingResponseWriter).WriteHeader (logging_mw.go:30)
        2025-12-03T05:39:20.677Z	INFO	middleware/logging_mw.go:69	uri /value/ method POST duration 519.304µs status 200 size 70
        2025-12-03T05:39:20.778Z	DEBUG	middleware/gzip_mw.go:15	accept encoding value gzip
        2025-12-03T05:39:20.778Z	DEBUG	middleware/gzip_mw.go:17	supports gzip %!b(bool=true)
        2025-12-03T05:39:20.778Z	DEBUG	middleware/gzip_mw.go:19	try compress
        2025-12-03T05:39:20.778Z	INFO	service/base_metrics_service.go:44	Retrieved gauge: RandomValue = 0.490846
        2025-12-03T05:39:20.778Z	INFO	handler/metrics_handler_json.go:173	return gauge metric %s value %fRandomValue0.4908458140365596
        2025-12-03T05:39:20.778Z	DEBUG	middleware/sign_mw.go:47	sign ----------> aR+xitNsjQCwv9u4I5BbNK1KTKyP8OMZ+ghKcUnBzJY=
        2025/12/03 05:39:20 http: superfluous response.WriteHeader call from github.com/mrPTqp/metrics/internal/server/middleware.(*loggingResponseWriter).WriteHeader (logging_mw.go:30)
        2025-12-03T05:39:20.778Z	INFO	middleware/logging_mw.go:69	uri /value/ method POST duration 534.769µs status 200 size 82
        2025-12-03T05:39:20.845Z	INFO	signer/signer.go:38	signature mismatch:
        expected: /LKSQQe8hFFpUBeG4nXcq390JKKKDBQLzAy8EBAcgh4=
        received: +/qWDQarBAuJs7LtsFprebijHOHXycjNhJ4JcckdzaU=
        2025-12-03T05:39:20.845Z	WARN	middleware/sign_mw.go:36	invalid signature in request
        main.main.func1.SignMiddleware.1
        	/__w/metrics/metrics/internal/server/middleware/sign_mw.go:36
        net/http.HandlerFunc.ServeHTTP
        	/usr/local/go/src/net/http/server.go:2294
        github.com/mrPTqp/metrics/internal/server/middleware.LoggingMiddleware.func1
        	/__w/metrics/metrics/internal/server/middleware/logging_mw.go:78
        net/http.HandlerFunc.ServeHTTP
        	/usr/local/go/src/net/http/server.go:2294
        github.com/go-chi/chi/v5.(*Mux).routeHTTP
        	/go/pkg/mod/github.com/go-chi/chi/v5@v5.2.3/mux.go:477
        net/http.HandlerFunc.ServeHTTP
        	/usr/local/go/src/net/http/server.go:2294
        github.com/go-chi/chi/v5.(*Mux).ServeHTTP
        	/go/pkg/mod/github.com/go-chi/chi/v5@v5.2.3/mux.go:73
        github.com/go-chi/chi/v5.(*Mux).Mount.func1
        	/go/pkg/mod/github.com/go-chi/chi/v5@v5.2.3/mux.go:321
        net/http.HandlerFunc.ServeHTTP
        	/usr/local/go/src/net/http/server.go:2294
        github.com/go-chi/chi/v5.(*Mux).routeHTTP
        	/go/pkg/mod/github.com/go-chi/chi/v5@v5.2.3/mux.go:477
        net/http.HandlerFunc.ServeHTTP
        	/usr/local/go/src/net/http/server.go:2294
        github.com/go-chi/chi/v5.(*Mux).ServeHTTP
        	/go/pkg/mod/github.com/go-chi/chi/v5@v5.2.3/mux.go:90
        net/http.serverHandler.ServeHTTP
        	/usr/local/go/src/net/http/server.go:3301
        net/http.(*conn).serve
        	/usr/local/go/src/net/http/server.go:2102
        2025-12-03T05:39:20.845Z	INFO	middleware/logging_mw.go:69	uri /updates method POST duration 176.52µs status 400 size 30
        2025-12-03T05:39:20.880Z	DEBUG	middleware/gzip_mw.go:15	accept encoding value gzip
        2025-12-03T05:39:20.880Z	DEBUG	middleware/gzip_mw.go:17	supports gzip %!b(bool=true)
        2025-12-03T05:39:20.880Z	DEBUG	middleware/gzip_mw.go:19	try compress
        2025-12-03T05:39:20.880Z	INFO	service/base_metrics_service.go:44	Retrieved gauge: Alloc = 1341904.000000
        2025-12-03T05:39:20.880Z	INFO	handler/metrics_handler_json.go:173	return gauge metric %s value %fAlloc1.341904e+06
        2025-12-03T05:39:20.880Z	DEBUG	middleware/sign_mw.go:47	sign ----------> xTp24yQonkTNuRurmq+e9lqc43CO7Af5Xbz2lLHWgu8=
        2025/12/03 05:39:20 http: superfluous response.WriteHeader call from github.com/mrPTqp/metrics/internal/server/middleware.(*loggingResponseWriter).WriteHeader (logging_mw.go:30)
        2025-12-03T05:39:20.880Z	INFO	middleware/logging_mw.go:69	uri /value/ method POST duration 585.779µs status 200 size 70
        2025-12-03T05:39:20.981Z	DEBUG	middleware/gzip_mw.go:15	accept encoding value gzip
        2025-12-03T05:39:20.981Z	DEBUG	middleware/gzip_mw.go:17	supports gzip %!b(bool=true)
        2025-12-03T05:39:20.981Z	DEBUG	middleware/gzip_mw.go:19	try compress
        2025-12-03T05:39:20.981Z	INFO	service/base_metrics_service.go:44	Retrieved gauge: Frees = 70.000000
        2025-12-03T05:39:20.982Z	INFO	handler/metrics_handler_json.go:173	return gauge metric %s value %fFrees70
        2025-12-03T05:39:20.982Z	DEBUG	middleware/sign_mw.go:47	sign ----------> uJle0mAH8hU7VxS2Z0YjMgOQMs/8vSAdAgPkQGnpZS0=
        2025/12/03 05:39:20 http: superfluous response.WriteHeader call from github.com/mrPTqp/metrics/internal/server/middleware.(*loggingResponseWriter).WriteHeader (logging_mw.go:30)
        2025-12-03T05:39:20.982Z	INFO	middleware/logging_mw.go:69	uri /value/ method POST duration 526.392µs status 200 size 65
        2025-12-03T05:39:21.082Z	DEBUG	middleware/gzip_mw.go:15	accept encoding value gzip
        2025-12-03T05:39:21.082Z	DEBUG	middleware/gzip_mw.go:17	supports gzip %!b(bool=true)
        2025-12-03T05:39:21.082Z	DEBUG	middleware/gzip_mw.go:19	try compress
        2025-12-03T05:39:21.083Z	INFO	service/base_metrics_service.go:44	Retrieved gauge: HeapAlloc = 1341904.000000
        2025-12-03T05:39:21.083Z	INFO	handler/metrics_handler_json.go:173	return gauge metric %s value %fHeapAlloc1.341904e+06
        2025-12-03T05:39:21.083Z	DEBUG	middleware/sign_mw.go:47	sign ----------> wx/B5OVIzNdcl1PTB8RupD/YZjb4xHIQ+gYD/neHjA0=
        2025/12/03 05:39:21 http: superfluous response.WriteHeader call from github.com/mrPTqp/metrics/internal/server/middleware.(*loggingResponseWriter).WriteHeader (logging_mw.go:30)
        2025-12-03T05:39:21.083Z	INFO	middleware/logging_mw.go:69	uri /value/ method POST duration 1.063474ms status 200 size 74
        2025-12-03T05:39:21.184Z	DEBUG	middleware/gzip_mw.go:15	accept encoding value gzip
        2025-12-03T05:39:21.184Z	DEBUG	middleware/gzip_mw.go:17	supports gzip %!b(bool=true)
        2025-12-03T05:39:21.184Z	DEBUG	middleware/gzip_mw.go:19	try compress
        2025-12-03T05:39:21.185Z	INFO	service/base_metrics_service.go:44	Retrieved gauge: HeapIdle = 1875968.000000
        2025-12-03T05:39:21.185Z	INFO	handler/metrics_handler_json.go:173	return gauge metric %s value %fHeapIdle1.875968e+06
        2025-12-03T05:39:21.185Z	DEBUG	middleware/sign_mw.go:47	sign ----------> Z1RzU7z2hAlwykMhV5Cv1AkgFn5T7UZ+inlrkFzF5nI=
        2025/12/03 05:39:21 http: superfluous response.WriteHeader call from github.com/mrPTqp/metrics/internal/server/middleware.(*loggingResponseWriter).WriteHeader (logging_mw.go:30)
        2025-12-03T05:39:21.185Z	INFO	middleware/logging_mw.go:69	uri /value/ method POST duration 530.253µs status 200 size 71
        2025-12-03T05:39:21.285Z	DEBUG	middleware/gzip_mw.go:15	accept encoding value gzip
        2025-12-03T05:39:21.286Z	DEBUG	middleware/gzip_mw.go:17	supports gzip %!b(bool=true)
        2025-12-03T05:39:21.286Z	DEBUG	middleware/gzip_mw.go:19	try compress
        2025-12-03T05:39:21.286Z	INFO	service/base_metrics_service.go:44	Retrieved gauge: HeapInuse = 1990656.000000
        2025-12-03T05:39:21.286Z	INFO	handler/metrics_handler_json.go:173	return gauge metric %s value %fHeapInuse1.990656e+06
        2025-12-03T05:39:21.286Z	DEBUG	middleware/sign_mw.go:47	sign ----------> cU8/wHTRLepbt4LH+LCZ5XkJmXUJpIUOGzh7rgA9d2Q=
        2025/12/03 05:39:21 http: superfluous response.WriteHeader call from github.com/mrPTqp/metrics/internal/server/middleware.(*loggingResponseWriter).WriteHeader (logging_mw.go:30)
        2025-12-03T05:39:21.286Z	INFO	middleware/logging_mw.go:69	uri /value/ method POST duration 530.76µs status 200 size 72
        2025-12-03T05:39:21.387Z	DEBUG	middleware/gzip_mw.go:15	accept encoding value gzip
        2025-12-03T05:39:21.387Z	DEBUG	middleware/gzip_mw.go:17	supports gzip %!b(bool=true)
        2025-12-03T05:39:21.387Z	DEBUG	middleware/gzip_mw.go:19	try compress
        2025-12-03T05:39:21.387Z	INFO	service/base_metrics_service.go:44	Retrieved gauge: HeapObjects = 1293.000000
        2025-12-03T05:39:21.387Z	INFO	handler/metrics_handler_json.go:173	return gauge metric %s value %fHeapObjects1293
        2025-12-03T05:39:21.387Z	DEBUG	middleware/sign_mw.go:47	sign ----------> 4EiAMOd5555wTbRPIGsdfPtkh2q/jiN2Xu1xy12v5lo=
        2025/12/03 05:39:21 http: superfluous response.WriteHeader call from github.com/mrPTqp/metrics/internal/server/middleware.(*loggingResponseWriter).WriteHeader (logging_mw.go:30)
        2025-12-03T05:39:21.387Z	INFO	middleware/logging_mw.go:69	uri /value/ method POST duration 706.379µs status 200 size 73
        2025-12-03T05:39:21.488Z	DEBUG	middleware/gzip_mw.go:15	accept encoding value gzip
        2025-12-03T05:39:21.488Z	DEBUG	middleware/gzip_mw.go:17	supports gzip %!b(bool=true)
        2025-12-03T05:39:21.488Z	DEBUG	middleware/gzip_mw.go:19	try compress
        2025-12-03T05:39:21.488Z	INFO	service/base_metrics_service.go:44	Retrieved gauge: Mallocs = 1363.000000
        2025-12-03T05:39:21.488Z	INFO	handler/metrics_handler_json.go:173	return gauge metric %s value %fMallocs1363
        2025-12-03T05:39:21.488Z	DEBUG	middleware/sign_mw.go:47	sign ----------> 3Lne+qLyIgpBLs4GXy1i+B6Sl24zNsQS8XvcuW9Tazg=
        2025/12/03 05:39:21 http: superfluous response.WriteHeader call from github.com/mrPTqp/metrics/internal/server/middleware.(*loggingResponseWriter).WriteHeader (logging_mw.go:30)
        2025-12-03T05:39:21.488Z	INFO	middleware/logging_mw.go:69	uri /value/ method POST duration 499.883µs status 200 size 69
        2025-12-03T05:39:21.589Z	DEBUG	middleware/gzip_mw.go:15	accept encoding value gzip
        2025-12-03T05:39:21.589Z	DEBUG	middleware/gzip_mw.go:17	supports gzip %!b(bool=true)
        2025-12-03T05:39:21.589Z	DEBUG	middleware/gzip_mw.go:19	try compress
        2025-12-03T05:39:21.589Z	INFO	service/base_metrics_service.go:44	Retrieved gauge: TotalAlloc = 1341904.000000
        2025-12-03T05:39:21.590Z	INFO	handler/metrics_handler_json.go:173	return gauge metric %s value %fTotalAlloc1.341904e+06
        2025-12-03T05:39:21.590Z	DEBUG	middleware/sign_mw.go:47	sign ----------> v+tB4NqhJyc/zpyPLLM5KoZjQ7QBs3Uz6XRrHwQlmdM=
        2025/12/03 05:39:21 http: superfluous response.WriteHeader call from github.com/mrPTqp/metrics/internal/server/middleware.(*loggingResponseWriter).WriteHeader (logging_mw.go:30)
        2025-12-03T05:39:21.590Z	INFO	middleware/logging_mw.go:69	uri /value/ method POST duration 463.194µs status 200 size 75
        2025-12-03T05:39:21.593Z	DEBUG	middleware/gzip_mw.go:15	accept encoding value gzip
        2025-12-03T05:39:21.593Z	DEBUG	middleware/gzip_mw.go:17	supports gzip %!b(bool=true)
        2025-12-03T05:39:21.593Z	DEBUG	middleware/gzip_mw.go:19	try compress
        2025-12-03T05:39:21.593Z	ERROR	handler/metrics_handler_json.go:179	Error getting counter metric: %sGetSetZip69{error 26 0  metric not found}
        github.com/mrPTqp/metrics/internal/server/handler.(*MetricHandler).handleGetCounterJSON
        	/__w/metrics/metrics/internal/server/handler/metrics_handler_json.go:179
        github.com/mrPTqp/metrics/internal/server/handler.(*MetricHandler).ValueMetricHandlerJSON
        	/__w/metrics/metrics/internal/server/handler/metrics_handler_json.go:152
        net/http.HandlerFunc.ServeHTTP
        	/usr/local/go/src/net/http/server.go:2294
        github.com/mrPTqp/metrics/internal/server/middleware.GzipMiddleware.func1
        	/__w/metrics/metrics/internal/server/middleware/gzip_mw.go:42
        net/http.HandlerFunc.ServeHTTP
        	/usr/local/go/src/net/http/server.go:2294
        main.main.func1.SignMiddleware.1
        	/__w/metrics/metrics/internal/server/middleware/sign_mw.go:43
        net/http.HandlerFunc.ServeHTTP
        	/usr/local/go/src/net/http/server.go:2294
        github.com/mrPTqp/metrics/internal/server/middleware.LoggingMiddleware.func1
        	/__w/metrics/metrics/internal/server/middleware/logging_mw.go:78
        net/http.HandlerFunc.ServeHTTP
        	/usr/local/go/src/net/http/server.go:2294
        github.com/go-chi/chi/v5.(*Mux).routeHTTP
        	/go/pkg/mod/github.com/go-chi/chi/v5@v5.2.3/mux.go:477
        net/http.HandlerFunc.ServeHTTP
        	/usr/local/go/src/net/http/server.go:2294
        github.com/go-chi/chi/v5.(*Mux).ServeHTTP
        	/go/pkg/mod/github.com/go-chi/chi/v5@v5.2.3/mux.go:73
        github.com/go-chi/chi/v5.(*Mux).Mount.func1
        	/go/pkg/mod/github.com/go-chi/chi/v5@v5.2.3/mux.go:321
        net/http.HandlerFunc.ServeHTTP
        	/usr/local/go/src/net/http/server.go:2294
        github.com/go-chi/chi/v5.(*Mux).routeHTTP
        	/go/pkg/mod/github.com/go-chi/chi/v5@v5.2.3/mux.go:477
        net/http.HandlerFunc.ServeHTTP
        	/usr/local/go/src/net/http/server.go:2294
        github.com/go-chi/chi/v5.(*Mux).ServeHTTP
        	/go/pkg/mod/github.com/go-chi/chi/v5@v5.2.3/mux.go:90
        net/http.serverHandler.ServeHTTP
        	/usr/local/go/src/net/http/server.go:3301
        net/http.(*conn).serve
        	/usr/local/go/src/net/http/server.go:2102
        2025-12-03T05:39:21.593Z	DEBUG	middleware/sign_mw.go:47	sign ----------> yWlmTiVe3fDJyJYt6ERP5SzkoKREPdchb0IefehQBqw=
        2025/12/03 05:39:21 http: superfluous response.WriteHeader call from github.com/mrPTqp/metrics/internal/server/middleware.(*loggingResponseWriter).WriteHeader (logging_mw.go:30)
        2025-12-03T05:39:21.593Z	INFO	middleware/logging_mw.go:69	uri /value/ method POST duration 428.048µs status 404 size 30
        2025-12-03T05:39:21.594Z	DEBUG	middleware/gzip_mw.go:15	accept encoding value gzip
        2025-12-03T05:39:21.594Z	DEBUG	middleware/gzip_mw.go:17	supports gzip %!b(bool=true)
        2025-12-03T05:39:21.594Z	DEBUG	middleware/gzip_mw.go:19	try compress
        2025-12-03T05:39:21.594Z	INFO	service/base_metrics_service.go:35	Saved counter: GetSetZip69 = 1237349798
        2025-12-03T05:39:21.596Z	INFO	storage/file_io.go:52	Backup completed{file 15 0 /tmp/events.log <nil>}
        2025-12-03T05:39:21.596Z	DEBUG	middleware/sign_mw.go:47	sign ----------> 4vBWGcV/XrT5PvhdOaogB+sUarMl6mmiI4DMRB0fPIY=
        2025/12/03 05:39:21 http: superfluous response.WriteHeader call from github.com/mrPTqp/metrics/internal/server/middleware.(*loggingResponseWriter).WriteHeader (logging_mw.go:30)
        2025-12-03T05:39:21.596Z	INFO	middleware/logging_mw.go:69	uri /update/ method POST duration 2.495914ms status 200 size 81
        2025-12-03T05:39:21.596Z	DEBUG	middleware/gzip_mw.go:15	accept encoding value gzip
        2025-12-03T05:39:21.596Z	DEBUG	middleware/gzip_mw.go:17	supports gzip %!b(bool=true)
        2025-12-03T05:39:21.596Z	DEBUG	middleware/gzip_mw.go:19	try compress
        2025-12-03T05:39:21.597Z	INFO	service/base_metrics_service.go:35	Saved counter: GetSetZip69 = 1555763920
        2025-12-03T05:39:21.597Z	INFO	storage/file_io.go:52	Backup completed{file 15 0 /tmp/events.log <nil>}
        2025-12-03T05:39:21.597Z	DEBUG	middleware/sign_mw.go:47	sign ----------> WOGluP0WwqNVsffu+mXaPXPLsNkUnqXFN9F7as0GAM4=
        2025/12/03 05:39:21 http: superfluous response.WriteHeader call from github.com/mrPTqp/metrics/internal/server/middleware.(*loggingResponseWriter).WriteHeader (logging_mw.go:30)
        2025-12-03T05:39:21.597Z	INFO	middleware/logging_mw.go:69	uri /update/ method POST duration 1.21642ms status 200 size 81
        2025-12-03T05:39:21.598Z	DEBUG	middleware/gzip_mw.go:15	accept encoding value gzip
        2025-12-03T05:39:21.598Z	DEBUG	middleware/gzip_mw.go:17	supports gzip %!b(bool=true)
        2025-12-03T05:39:21.598Z	DEBUG	middleware/gzip_mw.go:19	try compress
        2025-12-03T05:39:21.598Z	INFO	service/base_metrics_service.go:53	Retrieved counter: GetSetZip69 = 2793113718
        2025-12-03T05:39:21.598Z	INFO	handler/metrics_handler_json.go:190	return counter metric %s value %dGetSetZip692793113718
        2025-12-03T05:39:21.598Z	DEBUG	middleware/sign_mw.go:47	sign ----------> aclmB7ZJcoDzcb1BmDtlHGY1aIigZXdX6bhuqFgMr+4=
        2025/12/03 05:39:21 http: superfluous response.WriteHeader call from github.com/mrPTqp/metrics/internal/server/middleware.(*loggingResponseWriter).WriteHeader (logging_mw.go:30)
        2025-12-03T05:39:21.598Z	INFO	middleware/logging_mw.go:69	uri /value/ method POST duration 309.158µs status 200 size 81
        2025-12-03T05:39:21.599Z	DEBUG	middleware/gzip_mw.go:15	accept encoding value gzip
        2025-12-03T05:39:21.599Z	DEBUG	middleware/gzip_mw.go:17	supports gzip %!b(bool=true)
        2025-12-03T05:39:21.599Z	DEBUG	middleware/gzip_mw.go:19	try compress
        2025-12-03T05:39:21.600Z	INFO	service/base_metrics_service.go:26	Saved gauge: GetSetZip176 = 601623.672922
        2025-12-03T05:39:21.600Z	INFO	storage/file_io.go:52	Backup completed{file 15 0 /tmp/events.log <nil>}
        2025-12-03T05:39:21.600Z	DEBUG	middleware/sign_mw.go:47	sign ----------> jc73mUqpfuO9MrZLtZC3Ab8aXWdPqj3Sbeb9ZxJIcrk=
        2025/12/03 05:39:21 http: superfluous response.WriteHeader call from github.com/mrPTqp/metrics/internal/server/middleware.(*loggingResponseWriter).WriteHeader (logging_mw.go:30)
        2025-12-03T05:39:21.600Z	INFO	middleware/logging_mw.go:69	uri /update/ method POST duration 1.607291ms status 200 size 87
        2025-12-03T05:39:21.601Z	DEBUG	middleware/gzip_mw.go:15	accept encoding value gzip
        2025-12-03T05:39:21.601Z	DEBUG	middleware/gzip_mw.go:17	supports gzip %!b(bool=true)
        2025-12-03T05:39:21.601Z	DEBUG	middleware/gzip_mw.go:19	try compress
        2025-12-03T05:39:21.601Z	INFO	service/base_metrics_service.go:44	Retrieved gauge: GetSetZip176 = 601623.672922
        2025-12-03T05:39:21.601Z	INFO	handler/metrics_handler_json.go:173	return gauge metric %s value %fGetSetZip176601623.6729217871
        2025-12-03T05:39:21.601Z	DEBUG	middleware/sign_mw.go:47	sign ----------> jc73mUqpfuO9MrZLtZC3Ab8aXWdPqj3Sbeb9ZxJIcrk=
        2025/12/03 05:39:21 http: superfluous response.WriteHeader call from github.com/mrPTqp/metrics/internal/server/middleware.(*loggingResponseWriter).WriteHeader (logging_mw.go:30)
        2025-12-03T05:39:21.601Z	INFO	middleware/logging_mw.go:69	uri /value/ method POST duration 269.136µs status 200 size 87
        2025-12-03T05:39:21.602Z	INFO	server/main.go:96	Shutting down server gracefully...
        2025-12-03T05:39:21.603Z	INFO	server/main.go:104	Server stopped gracefully
        2025-12-03T05:39:21.603Z	INFO	server/main.go:113	Closing storage connection...
        2025-12-03T05:39:21.603Z	INFO	storage/postgres_storage.go:222	Postgres storage closed
        2025-12-03T05:39:21.603Z	INFO	server/main.go:117	storage connection closed
--- FAIL: TestIteration14 (70.81s)
    --- FAIL: TestIteration14/TestCollectAgentMetrics (60.68s)
        --- FAIL: TestIteration14/TestCollectAgentMetrics/counter/PollCount (0.00s)
        --- FAIL: TestIteration14/TestCollectAgentMetrics/gauge/RandomValue (0.00s)
        --- FAIL: TestIteration14/TestCollectAgentMetrics/gauge/Alloc (0.00s)
        --- PASS: TestIteration14/TestCollectAgentMetrics/gauge/BuckHashSys (0.00s)
        --- FAIL: TestIteration14/TestCollectAgentMetrics/gauge/Frees (0.00s)
        --- PASS: TestIteration14/TestCollectAgentMetrics/gauge/GCCPUFraction (0.00s)
        --- PASS: TestIteration14/TestCollectAgentMetrics/gauge/GCSys (0.00s)
        --- FAIL: TestIteration14/TestCollectAgentMetrics/gauge/HeapAlloc (0.00s)
        --- FAIL: TestIteration14/TestCollectAgentMetrics/gauge/HeapIdle (0.00s)
        --- FAIL: TestIteration14/TestCollectAgentMetrics/gauge/HeapInuse (0.00s)
        --- FAIL: TestIteration14/TestCollectAgentMetrics/gauge/HeapObjects (0.00s)
        --- PASS: TestIteration14/TestCollectAgentMetrics/gauge/HeapReleased (0.00s)
        --- PASS: TestIteration14/TestCollectAgentMetrics/gauge/HeapSys (0.00s)
        --- PASS: TestIteration14/TestCollectAgentMetrics/gauge/LastGC (0.00s)
        --- PASS: TestIteration14/TestCollectAgentMetrics/gauge/Lookups (0.00s)
        --- PASS: TestIteration14/TestCollectAgentMetrics/gauge/MCacheInuse (0.00s)
        --- PASS: TestIteration14/TestCollectAgentMetrics/gauge/MCacheSys (0.00s)
        --- PASS: TestIteration14/TestCollectAgentMetrics/gauge/MSpanInuse (0.00s)
        --- PASS: TestIteration14/TestCollectAgentMetrics/gauge/MSpanSys (0.00s)
        --- FAIL: TestIteration14/TestCollectAgentMetrics/gauge/Mallocs (0.00s)
        --- PASS: TestIteration14/TestCollectAgentMetrics/gauge/NextGC (0.00s)
        --- PASS: TestIteration14/TestCollectAgentMetrics/gauge/NumForcedGC (0.00s)
        --- PASS: TestIteration14/TestCollectAgentMetrics/gauge/NumGC (0.00s)
        --- PASS: TestIteration14/TestCollectAgentMetrics/gauge/OtherSys (0.00s)
        --- PASS: TestIteration14/TestCollectAgentMetrics/gauge/PauseTotalNs (0.00s)
        --- PASS: TestIteration14/TestCollectAgentMetrics/gauge/StackInuse (0.00s)
        --- PASS: TestIteration14/TestCollectAgentMetrics/gauge/StackSys (0.00s)
        --- PASS: TestIteration14/TestCollectAgentMetrics/gauge/Sys (0.00s)
        --- FAIL: TestIteration14/TestCollectAgentMetrics/gauge/TotalAlloc (0.00s)
    --- PASS: TestIteration14/TestCounterGzipHandlers (0.01s)
        --- PASS: TestIteration14/TestCounterGzipHandlers/update (0.01s)
    --- PASS: TestIteration14/TestGaugeGzipHandlers (0.00s)
        --- PASS: TestIteration14/TestGaugeGzipHandlers/update (0.00s)
FAIL
Error: Process completed with exit code 1.